"collected_at","id","street","endNode","city","country","roadType","speedKMH","level","length_m","delay_s","lat","lon","pubMillis","pubDateUtc","blockingAlertUuid"
"2026-07-16T14:23:13","1764083300","Av. Siqueira Campos","","Palmas","BR","2","0.0","5","155","-1","-10.292304","-48.332966","1782872109418","2026-07-01T02:15:09","78af3b54-3dea-4f10-8eb5-5fb4a34eaabb"
"2026-07-16T14:23:13","75391356","ARNE 12 Al. 17","ARNE 12 Al. 18","Palmas","BR","1","5.73","3","384","177","-10.183298","-48.321774","1784222381912","2026-07-16T17:19:41",
"2026-07-16T14:23:13","1275283552","","Av. NS-10","Palmas","BR","1","0.0","5","70","-1","-10.258317","-48.317258","1782526649111","2026-06-27T02:17:29","3c3cc392-5d12-48d2-a44d-55f1688e96a0"
"2026-07-16T14:23:13","1693600118","Av. Siqueira Campos","","Palmas","BR","2","0.0","5","155","-1","-10.292304","-48.332966","1784081883010","2026-07-15T02:18:03","af3fc386-180b-4082-a64c-64efe9627b8d"
"2026-07-16T14:23:13","1764089184","",,"Palmas","BR","1","0.0","5","45","-1","-10.25844","-48.317041","1782872178272","2026-07-01T02:16:18","972e31c2-cd12-4c0a-b3ee-1530d2e74b4f"
"2026-07-16T14:23:13","1693596122","",,"Palmas","BR","1","0.0","5","36","-1","-10.258352","-48.316498","1784081881899","2026-07-15T02:18:01","f6a9d158-cb4d-43ec-b26e-e2687cf324bf"
"2026-07-16T14:23:13","75994926","ACSE 11 Rua SE-11","Av. NS-2","Palmas","BR","1","8.0","3","295","80","-10.190934","-48.32857","1784222608783","2026-07-16T17:23:28",
"2026-07-16T14:23:13","1693618776","",,"Palmas","BR","1","0.0","5","63","-1","-10.258354","-48.315834","1784081881640","2026-07-15T02:18:01","dc9d4e1f-8670-4b13-9612-de4df2989f38"
"2026-07-16T14:23:13","1211995990","",,"Palmas","BR","1","0.0","5","21","-1","-10.258363","-48.316757","1782353685339","2026-06-25T02:14:45","a82a13e5-2525-4021-aa92-7892a48c9f70"
"2026-07-16T14:23:13","1088566738","",,"Palmas","BR","1","0.0","5","41","-1","-10.258569","-48.317408","1783562302500","2026-07-09T01:58:22","9740383b-d7ef-4ff2-9da7-1b82984db198"
"2026-07-16T14:23:13","1877536026","",,"Palmas","BR","1","0.0","5","23","-1","-10.258348","-48.316227","1784194194365","2026-07-16T09:29:54","67a7d0d3-9d61-4acd-8315-250cecac9790"
"2026-07-16T14:23:13","1693600032","",,"Palmas","BR","1","0.0","5","63","-1","-10.258354","-48.315834","1784081881899","2026-07-15T02:18:01","205a09b3-2e2f-4b45-86aa-4ea82a9ecd25"
"2026-07-16T14:23:13","1764118132","Av. Siqueira Campos","","Palmas","BR","2","0.0","5","327","-1","-10.294325","-48.33214","1782872110314","2026-07-01T02:15:10","2f08bda5-8a61-4942-836a-8f1ec7689705"
"2026-07-16T14:23:13","1877536028","",,"Palmas","BR","1","0.0","5","23","-1","-10.258348","-48.316227","1784194194365","2026-07-16T09:29:54","151ee59d-9fc8-4482-9e04-b365b1e458b5"
"2026-07-16T14:23:13","1693600006","Av. Siqueira Campos","","Palmas","BR","2","0.0","5","327","-1","-10.294325","-48.33214","1784081881897","2026-07-15T02:18:01","2613c8db-9637-40d4-8e38-c2092c8c0dfc"
"2026-07-16T14:23:13","75783506","TO-020","Palmas","Palmas","BR","6","32.07","2","2178","119","-10.250567","-48.255326","1784222536036","2026-07-16T17:22:16",
"2026-07-16T14:23:13","1090156748","Av. Siqueira Campos","","Palmas","BR","2","0.0","5","979","-1","-10.298359","-48.32771","1783563941797","2026-07-09T02:25:41","e944a470-62d5-4656-aaf0-087383708928"
"2026-07-16T14:23:13","1851288576","",,"Palmas","BR","1","0.0","5","36","-1","-10.258352","-48.316498","1784019161779","2026-07-14T08:52:41","341a3583-4137-4e82-bfbb-a67b5e845593"
"2026-07-16T14:23:13","75054944","",,"Palmas","BR","2","5.34","3","257","92","-10.220703","-48.330885","1784222234155","2026-07-16T17:17:14",
"2026-07-16T14:23:13","223991394","",,"Palmas","BR","1","0.0","5","21","-1","-10.258363","-48.316757","1783180963404","2026-07-04T16:02:43","d984add8-2949-4ac0-81b5-2aa666f8ed15"
"2026-07-16T14:23:13","1694226848","",,"Palmas","BR","1","0.0","5","15","-1","-10.258365","-48.316918","1783904330428","2026-07-13T00:58:50","06d504d6-dac0-4c04-9329-7777206ab7a2"
"2026-07-16T14:23:13","1877412378","",,"Palmas","BR","1","0.0","5","86","-1","-10.258277","-48.315151","1784194127349","2026-07-16T09:28:47","95d9d88f-a5e9-4a1f-a5e3-d31635a7afc6"
"2026-07-16T14:23:13","1697990376","Av. Siqueira Campos","","Palmas","BR","2","0.0","5","979","-1","-10.298359","-48.32771","1783909046043","2026-07-13T02:17:26","128eda9c-f215-485b-9c7c-a1544bb8c545"
"2026-07-16T14:23:13","1693573164","","","Palmas","BR","1","0.0","5","86","-1","-10.258278","-48.315151","1784081882190","2026-07-15T02:18:02","0584e645-bcd7-4670-a8e4-2c08a6763039"
"2026-07-16T14:25:13","1764083300","Av. Siqueira Campos","","Palmas","BR","2","0.0","5","155","-1","-10.292304","-48.332966","1782872109418","2026-07-01T02:15:09","78af3b54-3dea-4f10-8eb5-5fb4a34eaabb"
"2026-07-16T14:25:13","75391356","ARNE 12 Al. 17","ARNE 12 Al. 18","Palmas","BR","1","5.76","3","384","175","-10.183298","-48.321774","1784222381912","2026-07-16T17:19:41",
"2026-07-16T14:25:13","1275283552","","Av. NS-10","Palmas","BR","1","0.0","5","70","-1","-10.258317","-48.317258","1782526649111","2026-06-27T02:17:29","3c3cc392-5d12-48d2-a44d-55f1688e96a0"
"2026-07-16T14:25:13","1693600118","Av. Siqueira Campos","","Palmas","BR","2","0.0","5","155","-1","-10.292304","-48.332966","1784081883010","2026-07-15T02:18:03","af3fc386-180b-4082-a64c-64efe9627b8d"
"2026-07-16T14:25:13","1764089184","",,"Palmas","BR","1","0.0","5","45","-1","-10.25844","-48.317041","1782872178272","2026-07-01T02:16:18","972e31c2-cd12-4c0a-b3ee-1530d2e74b4f"
"2026-07-16T14:25:13","1693596122","",,"Palmas","BR","1","0.0","5","36","-1","-10.258352","-48.316498","1784081881899","2026-07-15T02:18:01","f6a9d158-cb4d-43ec-b26e-e2687cf324bf"
"2026-07-16T14:25:13","75994926","ACSE 11 Rua SE-11","Av. NS-2","Palmas","BR","1","8.09","3","295","78","-10.190934","-48.32857","1784222608783","2026-07-16T17:23:28",
"2026-07-16T14:25:13","1693618776","",,"Palmas","BR","1","0.0","5","63","-1","-10.258354","-48.315834","1784081881640","2026-07-15T02:18:01","dc9d4e1f-8670-4b13-9612-de4df2989f38"
"2026-07-16T14:25:13","1211995990","",,"Palmas","BR","1","0.0","5","21","-1","-10.258363","-48.316757","1782353685339","2026-06-25T02:14:45","a82a13e5-2525-4021-aa92-7892a48c9f70"
"2026-07-16T14:25:13","1088566738","",,"Palmas","BR","1","0.0","5","41","-1","-10.258569","-48.317408","1783562302500","2026-07-09T01:58:22","9740383b-d7ef-4ff2-9da7-1b82984db198"
"2026-07-16T14:25:13","1877536026","",,"Palmas","BR","1","0.0","5","23","-1","-10.258348","-48.316227","1784194194365","2026-07-16T09:29:54","67a7d0d3-9d61-4acd-8315-250cecac9790"
"2026-07-16T14:25:13","1693600032","",,"Palmas","BR","1","0.0","5","63","-1","-10.258354","-48.315834","1784081881899","2026-07-15T02:18:01","205a09b3-2e2f-4b45-86aa-4ea82a9ecd25"
"2026-07-16T14:25:13","1764118132","Av. Siqueira Campos","","Palmas","BR","2","0.0","5","327","-1","-10.294325","-48.33214","1782872110314","2026-07-01T02:15:10","2f08bda5-8a61-4942-836a-8f1ec7689705"
"2026-07-16T14:25:13","1877536028","",,"Palmas","BR","1","0.0","5","23","-1","-10.258348","-48.316227","1784194194365","2026-07-16T09:29:54","151ee59d-9fc8-4482-9e04-b365b1e458b5"
"2026-07-16T14:25:13","1693600006","Av. Siqueira Campos","","Palmas","BR","2","0.0","5","327","-1","-10.294325","-48.33214","1784081881897","2026-07-15T02:18:01","2613c8db-9637-40d4-8e38-c2092c8c0dfc"
"2026-07-16T14:25:13","75783506","TO-020","Palmas","Palmas","BR","6","32.22","2","2178","118","-10.250567","-48.255326","1784222536036","2026-07-16T17:22:16",
"2026-07-16T14:25:13","1090156748","Av. Siqueira Campos","","Palmas","BR","2","0.0","5","979","-1","-10.298359","-48.32771","1783563941797","2026-07-09T02:25:41","e944a470-62d5-4656-aaf0-087383708928"
"2026-07-16T14:25:13","1851288576","",,"Palmas","BR","1","0.0","5","36","-1","-10.258352","-48.316498","1784019161779","2026-07-14T08:52:41","341a3583-4137-4e82-bfbb-a67b5e845593"
"2026-07-16T14:25:13","75054944","",,"Palmas","BR","2","5.37","3","257","91","-10.220703","-48.330885","1784222234155","2026-07-16T17:17:14",
"2026-07-16T14:25:13","1694226848","",,"Palmas","BR","1","0.0","5","15","-1","-10.258365","-48.316918","1783904330428","2026-07-13T00:58:50","06d504d6-dac0-4c04-9329-7777206ab7a2"
"2026-07-16T14:25:13","223991394","",,"Palmas","BR","1","0.0","5","21","-1","-10.258363","-48.316757","1783180963404","2026-07-04T16:02:43","d984add8-2949-4ac0-81b5-2aa666f8ed15"
"2026-07-16T14:25:13","1877412378","",,"Palmas","BR","1","0.0","5","86","-1","-10.258277","-48.315151","1784194127349","2026-07-16T09:28:47","95d9d88f-a5e9-4a1f-a5e3-d31635a7afc6"
"2026-07-16T14:25:13","1693573164","","","Palmas","BR","1","0.0","5","86","-1","-10.258278","-48.315151","1784081882190","2026-07-15T02:18:02","0584e645-bcd7-4670-a8e4-2c08a6763039"
"2026-07-16T14:25:13","1697990376","Av. Siqueira Campos","","Palmas","BR","2","0.0","5","979","-1","-10.298359","-48.32771","1783909046043","2026-07-13T02:17:26","128eda9c-f215-485b-9c7c-a1544bb8c545"
"2026-07-16T14:30:13","76693266","BR-010","","Palmas","BR","6","21.68","2","945","83","-10.344271","-48.299939","1784222977900","2026-07-16T17:29:37",
"2026-07-16T14:30:13","1764083300","Av. Siqueira Campos","","Palmas","BR","2","0.0","5","155","-1","-10.292304","-48.332966","1782872109418","2026-07-01T02:15:09","78af3b54-3dea-4f10-8eb5-5fb4a34eaabb"
"2026-07-16T14:30:13","75391356","ARNE 12 Al. 17","ARNE 12 Al. 18","Palmas","BR","1","5.94","3","384","168","-10.183298","-48.321774","1784222381912","2026-07-16T17:19:41",
"2026-07-16T14:30:13","1693600118","Av. Siqueira Campos","","Palmas","BR","2","0.0","5","155","-1","-10.292304","-48.332966","1784081883010","2026-07-15T02:18:03","af3fc386-180b-4082-a64c-64efe9627b8d"
"2026-07-16T14:30:13","1764089184","",,"Palmas","BR","1","0.0","5","45","-1","-10.25844","-48.317041","1782872178272","2026-07-01T02:16:18","972e31c2-cd12-4c0a-b3ee-1530d2e74b4f"
"2026-07-16T14:30:13","76807710","ACSE 1 Rua SE-3","Av. NS-4","Palmas","BR","1","4.36","2","156","76","-10.186505","-48.325556","1784222977056","2026-07-16T17:29:37",
"2026-07-16T14:30:13","1693600032","",,"Palmas","BR","1","0.0","5","63","-1","-10.258354","-48.315834","1784081881899","2026-07-15T02:18:01","205a09b3-2e2f-4b45-86aa-4ea82a9ecd25"
"2026-07-16T14:30:13","1764118132","Av. Siqueira Campos","","Palmas","BR","2","0.0","5","327","-1","-10.294325","-48.33214","1782872110314","2026-07-01T02:15:10","2f08bda5-8a61-4942-836a-8f1ec7689705"
"2026-07-16T14:30:13","1851288576","",,"Palmas","BR","1","0.0","5","36","-1","-10.258352","-48.316498","1784019161779","2026-07-14T08:52:41","341a3583-4137-4e82-bfbb-a67b5e845593"
"2026-07-16T14:30:13","75054944","",,"Palmas","BR","2","5.49","3","222","76","-10.220605","-48.33034","1784222234155","2026-07-16T17:17:14",
"2026-07-16T14:30:13","1694226848","",,"Palmas","BR","1","0.0","5","15","-1","-10.258365","-48.316918","1783904330428","2026-07-13T00:58:50","06d504d6-dac0-4c04-9329-7777206ab7a2"
"2026-07-16T14:30:13","1697990376","Av. Siqueira Campos","","Palmas","BR","2","0.0","5","979","-1","-10.298359","-48.32771","1783909046043","2026-07-13T02:17:26","128eda9c-f215-485b-9c7c-a1544bb8c545"
"2026-07-16T14:30:13","1693573164","","","Palmas","BR","1","0.0","5","86","-1","-10.258278","-48.315151","1784081882190","2026-07-15T02:18:02","0584e645-bcd7-4670-a8e4-2c08a6763039"
"2026-07-16T14:30:13","1275283552","","Av. NS-10","Palmas","BR","1","0.0","5","70","-1","-10.258317","-48.317258","1782526649111","2026-06-27T02:17:29","3c3cc392-5d12-48d2-a44d-55f1688e96a0"
"2026-07-16T14:30:13","76447910","Av. Siqueira Campos","Av. LO-14","Palmas","BR","2","26.2","2","1760","96","-10.169713","-48.331162","1784222833475","2026-07-16T17:27:13",
"2026-07-16T14:30:13","1693596122","",,"Palmas","BR","1","0.0","5","36","-1","-10.258352","-48.316498","1784081881899","2026-07-15T02:18:01","f6a9d158-cb4d-43ec-b26e-e2687cf324bf"
"2026-07-16T14:30:13","75994926","ACSE 11 Rua SE-11","Av. NS-2","Palmas","BR","1","7.91","3","295","81","-10.190934","-48.32857","1784222608783","2026-07-16T17:23:28",
"2026-07-16T14:30:13","1693618776","",,"Palmas","BR","1","0.0","5","63","-1","-10.258354","-48.315834","1784081881640","2026-07-15T02:18:01","dc9d4e1f-8670-4b13-9612-de4df2989f38"
"2026-07-16T14:30:13","1211995990","",,"Palmas","BR","1","0.0","5","21","-1","-10.258363","-48.316757","1782353685339","2026-06-25T02:14:45","a82a13e5-2525-4021-aa92-7892a48c9f70"
"2026-07-16T14:30:13","1088566738","",,"Palmas","BR","1","0.0","5","41","-1","-10.258569","-48.317408","1783562302500","2026-07-09T01:58:22","9740383b-d7ef-4ff2-9da7-1b82984db198"
"2026-07-16T14:30:13","1877536026","",,"Palmas","BR","1","0.0","5","23","-1","-10.258348","-48.316227","1784194194365","2026-07-16T09:29:54","67a7d0d3-9d61-4acd-8315-250cecac9790"
"2026-07-16T14:30:13","1877536028","",,"Palmas","BR","1","0.0","5","23","-1","-10.258348","-48.316227","1784194194365","2026-07-16T09:29:54","151ee59d-9fc8-4482-9e04-b365b1e458b5"
"2026-07-16T14:30:13","1693600006","Av. Siqueira Campos","","Palmas","BR","2","0.0","5","327","-1","-10.294325","-48.33214","1784081881897","2026-07-15T02:18:01","2613c8db-9637-40d4-8e38-c2092c8c0dfc"
"2026-07-16T14:30:13","1090156748","Av. Siqueira Campos","","Palmas","BR","2","0.0","5","979","-1","-10.298359","-48.32771","1783563941797","2026-07-09T02:25:41","e944a470-62d5-4656-aaf0-087383708928"
"2026-07-16T14:30:13","223991394","",,"Palmas","BR","1","0.0","5","21","-1","-10.258363","-48.316757","1783180963404","2026-07-04T16:02:43","d984add8-2949-4ac0-81b5-2aa666f8ed15"
"2026-07-16T14:30:13","1877412378","",,"Palmas","BR","1","0.0","5","86","-1","-10.258277","-48.315151","1784194127349","2026-07-16T09:28:47","95d9d88f-a5e9-4a1f-a5e3-d31635a7afc6"
"2026-07-16T14:35:15","77394780","",,"Taquarussu do Porto (Palmas)","BR","1","8.67","3","749","217","-10.305838","-48.158825","1784223198951","2026-07-16T17:33:18",
"2026-07-16T14:35:15","76693266","BR-010","","Palmas","BR","6","21.27","2","945","86","-10.344271","-48.299939","1784222977900","2026-07-16T17:29:37",
"2026-07-16T14:35:15","1764083300","Av. Siqueira Campos","","Palmas","BR","2","0.0","5","155","-1","-10.292304","-48.332966","1782872109418","2026-07-01T02:15:09","78af3b54-3dea-4f10-8eb5-5fb4a34eaabb"
"2026-07-16T14:35:15","1693600118","Av. Siqueira Campos","","Palmas","BR","2","0.0","5","155","-1","-10.292304","-48.332966","1784081883010","2026-07-15T02:18:03","af3fc386-180b-4082-a64c-64efe9627b8d"
"2026-07-16T14:35:15","1764089184","",,"Palmas","BR","1","0.0","5","45","-1","-10.25844","-48.317041","1782872178272","2026-07-01T02:16:18","972e31c2-cd12-4c0a-b3ee-1530d2e74b4f"
"2026-07-16T14:35:15","77483852","ARNE 12 Al. 17","ARNE 12 Al. 18","Palmas","BR","1","5.88","3","384","171","-10.183298","-48.321774","1784223271888","2026-07-16T17:34:31",
"2026-07-16T14:35:15","1693600032","",,"Palmas","BR","1","0.0","5","63","-1","-10.258354","-48.315834","1784081881899","2026-07-15T02:18:01","205a09b3-2e2f-4b45-86aa-4ea82a9ecd25"
"2026-07-16T14:35:15","1764118132","Av. Siqueira Campos","","Palmas","BR","2","0.0","5","327","-1","-10.294325","-48.33214","1782872110314","2026-07-01T02:15:10","2f08bda5-8a61-4942-836a-8f1ec7689705"
"2026-07-16T14:35:15","77586248","ACSE 1 Rua SE-1","Av. NS-2","Palmas","BR","1","11.0","3","553","124","-10.185583","-48.327002","1784223272206","2026-07-16T17:34:32",
"2026-07-16T14:35:15","1851288576","",,"Palmas","BR","1","0.0","5","36","-1","-10.258352","-48.316498","1784019161779","2026-07-14T08:52:41","341a3583-4137-4e82-bfbb-a67b5e845593"
"2026-07-16T14:35:15","1694226848","",,"Palmas","BR","1","0.0","5","15","-1","-10.258365","-48.316918","1783904330428","2026-07-13T00:58:50","06d504d6-dac0-4c04-9329-7777206ab7a2"
"2026-07-16T14:35:15","1693573164","","","Palmas","BR","1","0.0","5","86","-1","-10.258278","-48.315151","1784081882190","2026-07-15T02:18:02","0584e645-bcd7-4670-a8e4-2c08a6763039"
"2026-07-16T14:35:15","1697990376","Av. Siqueira Campos","","Palmas","BR","2","0.0","5","979","-1","-10.298359","-48.32771","1783909046043","2026-07-13T02:17:26","128eda9c-f215-485b-9c7c-a1544bb8c545"
"2026-07-16T14:35:15","77527360","ACNO 1 Rua NO-1","Av. NS-1","Palmas","BR","1","8.36","3","544","167","-10.183545","-48.339659","1784223272438","2026-07-16T17:34:32",
"2026-07-16T14:35:15","1275283552","","Av. NS-10","Palmas","BR","1","0.0","5","70","-1","-10.258317","-48.317258","1782526649111","2026-06-27T02:17:29","3c3cc392-5d12-48d2-a44d-55f1688e96a0"
"2026-07-16T14:35:15","1693596122","",,"Palmas","BR","1","0.0","5","36","-1","-10.258352","-48.316498","1784081881899","2026-07-15T02:18:01","f6a9d158-cb4d-43ec-b26e-e2687cf324bf"
"2026-07-16T14:35:15","1693618776","",,"Palmas","BR","1","0.0","5","63","-1","-10.258354","-48.315834","1784081881640","2026-07-15T02:18:01","dc9d4e1f-8670-4b13-9612-de4df2989f38"
"2026-07-16T14:35:15","1211995990","",,"Palmas","BR","1","0.0","5","21","-1","-10.258363","-48.316757","1782353685339","2026-06-25T02:14:45","a82a13e5-2525-4021-aa92-7892a48c9f70"
"2026-07-16T14:35:15","1088566738","",,"Palmas","BR","1","0.0","5","41","-1","-10.258569","-48.317408","1783562302500","2026-07-09T01:58:22","9740383b-d7ef-4ff2-9da7-1b82984db198"
"2026-07-16T14:35:15","1877536026","",,"Palmas","BR","1","0.0","5","23","-1","-10.258348","-48.316227","1784194194365","2026-07-16T09:29:54","67a7d0d3-9d61-4acd-8315-250cecac9790"
"2026-07-16T14:35:15","1693600006","Av. Siqueira Campos","","Palmas","BR","2","0.0","5","327","-1","-10.294325","-48.33214","1784081881897","2026-07-15T02:18:01","2613c8db-9637-40d4-8e38-c2092c8c0dfc"
"2026-07-16T14:35:15","1877536028","",,"Palmas","BR","1","0.0","5","23","-1","-10.258348","-48.316227","1784194194365","2026-07-16T09:29:54","151ee59d-9fc8-4482-9e04-b365b1e458b5"
"2026-07-16T14:35:15","1090156748","Av. Siqueira Campos","","Palmas","BR","2","0.0","5","979","-1","-10.298359","-48.32771","1783563941797","2026-07-09T02:25:41","e944a470-62d5-4656-aaf0-087383708928"
"2026-07-16T14:35:15","223991394","",,"Palmas","BR","1","0.0","5","21","-1","-10.258363","-48.316757","1783180963404","2026-07-04T16:02:43","d984add8-2949-4ac0-81b5-2aa666f8ed15"
"2026-07-16T14:35:15","1877412378","",,"Palmas","BR","1","0.0","5","86","-1","-10.258277","-48.315151","1784194127349","2026-07-16T09:28:47","95d9d88f-a5e9-4a1f-a5e3-d31635a7afc6"
"2026-07-16T14:40:11","76693266","BR-010","","Palmas","BR","6","21.78","2","945","83","-10.344271","-48.299939","1784222977900","2026-07-16T17:29:37",
"2026-07-16T14:40:11","1764083300","Av. Siqueira Campos","","Palmas","BR","2","0.0","5","155","-1","-10.292304","-48.332966","1782872109418","2026-07-01T02:15:09","78af3b54-3dea-4f10-8eb5-5fb4a34eaabb"
"2026-07-16T14:40:11","1275283552","","Av. NS-10","Palmas","BR","1","0.0","5","70","-1","-10.258317","-48.317258","1782526649111","2026-06-27T02:17:29","3c3cc392-5d12-48d2-a44d-55f1688e96a0"
"2026-07-16T14:40:11","1693600118","Av. Siqueira Campos","","Palmas","BR","2","0.0","5","155","-1","-10.292304","-48.332966","1784081883010","2026-07-15T02:18:03","af3fc386-180b-4082-a64c-64efe9627b8d"
"2026-07-16T14:40:11","1764089184","",,"Palmas","BR","1","0.0","5","45","-1","-10.25844","-48.317041","1782872178272","2026-07-01T02:16:18","972e31c2-cd12-4c0a-b3ee-1530d2e74b4f"
"2026-07-16T14:40:11","1693596122","",,"Palmas","BR","1","0.0","5","36","-1","-10.258352","-48.316498","1784081881899","2026-07-15T02:18:01","f6a9d158-cb4d-43ec-b26e-e2687cf324bf"
"2026-07-16T14:40:11","1693618776","",,"Palmas","BR","1","0.0","5","63","-1","-10.258354","-48.315834","1784081881640","2026-07-15T02:18:01","dc9d4e1f-8670-4b13-9612-de4df2989f38"
"2026-07-16T14:40:11","1211995990","",,"Palmas","BR","1","0.0","5","21","-1","-10.258363","-48.316757","1782353685339","2026-06-25T02:14:45","a82a13e5-2525-4021-aa92-7892a48c9f70"
"2026-07-16T14:40:11","77545808","ARSO 132A Al. 5","ARSO 132A Al. 11","Palmas","BR","1","8.85","3","299","67","-10.264901","-48.344599","1784223350605","2026-07-16T17:35:50",
"2026-07-16T14:40:11","1088566738","",,"Palmas","BR","1","0.0","5","41","-1","-10.258569","-48.317408","1783562302500","2026-07-09T01:58:22","9740383b-d7ef-4ff2-9da7-1b82984db198"
"2026-07-16T14:40:11","1877536026","",,"Palmas","BR","1","0.0","5","23","-1","-10.258348","-48.316227","1784194194365","2026-07-16T09:29:54","67a7d0d3-9d61-4acd-8315-250cecac9790"
"2026-07-16T14:40:11","1693600032","",,"Palmas","BR","1","0.0","5","63","-1","-10.258354","-48.315834","1784081881899","2026-07-15T02:18:01","205a09b3-2e2f-4b45-86aa-4ea82a9ecd25"
"2026-07-16T14:40:11","1764118132","Av. Siqueira Campos","","Palmas","BR","2","0.0","5","327","-1","-10.294325","-48.33214","1782872110314","2026-07-01T02:15:10","2f08bda5-8a61-4942-836a-8f1ec7689705"
"2026-07-16T14:40:11","1877536028","",,"Palmas","BR","1","0.0","5","23","-1","-10.258348","-48.316227","1784194194365","2026-07-16T09:29:54","151ee59d-9fc8-4482-9e04-b365b1e458b5"
"2026-07-16T14:40:11","1693600006","Av. Siqueira Campos","","Palmas","BR","2","0.0","5","327","-1","-10.294325","-48.33214","1784081881897","2026-07-15T02:18:01","2613c8db-9637-40d4-8e38-c2092c8c0dfc"
"2026-07-16T14:40:11","1090156748","Av. Siqueira Campos","","Palmas","BR","2","0.0","5","979","-1","-10.298359","-48.32771","1783563941797","2026-07-09T02:25:41","e944a470-62d5-4656-aaf0-087383708928"
"2026-07-16T14:40:11","1851288576","",,"Palmas","BR","1","0.0","5","36","-1","-10.258352","-48.316498","1784019161779","2026-07-14T08:52:41","341a3583-4137-4e82-bfbb-a67b5e845593"
"2026-07-16T14:40:11","1694226848","",,"Palmas","BR","1","0.0","5","15","-1","-10.258365","-48.316918","1783904330428","2026-07-13T00:58:50","06d504d6-dac0-4c04-9329-7777206ab7a2"
"2026-07-16T14:40:11","223991394","",,"Palmas","BR","1","0.0","5","21","-1","-10.258363","-48.316757","1783180963404","2026-07-04T16:02:43","d984add8-2949-4ac0-81b5-2aa666f8ed15"
"2026-07-16T14:40:11","1877412378","",,"Palmas","BR","1","0.0","5","86","-1","-10.258277","-48.315151","1784194127349","2026-07-16T09:28:47","95d9d88f-a5e9-4a1f-a5e3-d31635a7afc6"
"2026-07-16T14:40:11","1697990376","Av. Siqueira Campos","","Palmas","BR","2","0.0","5","979","-1","-10.298359","-48.32771","1783909046043","2026-07-13T02:17:26","128eda9c-f215-485b-9c7c-a1544bb8c545"
"2026-07-16T14:40:11","1693573164","","","Palmas","BR","1","0.0","5","86","-1","-10.258278","-48.315151","1784081882190","2026-07-15T02:18:02","0584e645-bcd7-4670-a8e4-2c08a6763039"
"2026-07-16T14:40:11","77527360","ACNO 1 Rua NO-1","Av. NS-1","Palmas","BR","1","8.56","3","544","162","-10.183545","-48.339659","1784223272438","2026-07-16T17:34:32",
"2026-07-16T14:45:11","1764083300","Av. Siqueira Campos","","Palmas","BR","2","0.0","5","155","-1","-10.292304","-48.332966","1782872109418","2026-07-01T02:15:09","78af3b54-3dea-4f10-8eb5-5fb4a34eaabb"
"2026-07-16T14:45:11","1275283552","","Av. NS-10","Palmas","BR","1","0.0","5","70","-1","-10.258317","-48.317258","1782526649111","2026-06-27T02:17:29","3c3cc392-5d12-48d2-a44d-55f1688e96a0"
"2026-07-16T14:45:11","1693600118","Av. Siqueira Campos","","Palmas","BR","2","0.0","5","155","-1","-10.292304","-48.332966","1784081883010","2026-07-15T02:18:03","af3fc386-180b-4082-a64c-64efe9627b8d"
"2026-07-16T14:45:11","1764089184","",,"Palmas","BR","1","0.0","5","45","-1","-10.25844","-48.317041","1782872178272","2026-07-01T02:16:18","972e31c2-cd12-4c0a-b3ee-1530d2e74b4f"
"2026-07-16T14:45:11","78847412","BR-010","","Palmas","BR","6","8.35","3","296","105","-10.329662","-48.298129","1784223861246","2026-07-16T17:44:21",
"2026-07-16T14:45:11","1693596122","",,"Palmas","BR","1","0.0","5","36","-1","-10.258352","-48.316498","1784081881899","2026-07-15T02:18:01","f6a9d158-cb4d-43ec-b26e-e2687cf324bf"
"2026-07-16T14:45:11","1693618776","",,"Palmas","BR","1","0.0","5","63","-1","-10.258354","-48.315834","1784081881640","2026-07-15T02:18:01","dc9d4e1f-8670-4b13-9612-de4df2989f38"
"2026-07-16T14:45:11","1211995990","",,"Palmas","BR","1","0.0","5","21","-1","-10.258363","-48.316757","1782353685339","2026-06-25T02:14:45","a82a13e5-2525-4021-aa92-7892a48c9f70"
"2026-07-16T14:45:11","78780734","BR-010","","Palmas","BR","6","37.26","1","2492","86","-10.347791","-48.300407","1784223862474","2026-07-16T17:44:22",
"2026-07-16T14:45:11","1088566738","",,"Palmas","BR","1","0.0","5","41","-1","-10.258569","-48.317408","1783562302500","2026-07-09T01:58:22","9740383b-d7ef-4ff2-9da7-1b82984db198"
"2026-07-16T14:45:11","1877536026","",,"Palmas","BR","1","0.0","5","23","-1","-10.258348","-48.316227","1784194194365","2026-07-16T09:29:54","67a7d0d3-9d61-4acd-8315-250cecac9790"
"2026-07-16T14:45:11","1693600032","",,"Palmas","BR","1","0.0","5","63","-1","-10.258354","-48.315834","1784081881899","2026-07-15T02:18:01","205a09b3-2e2f-4b45-86aa-4ea82a9ecd25"
"2026-07-16T14:45:11","1764118132","Av. Siqueira Campos","","Palmas","BR","2","0.0","5","327","-1","-10.294325","-48.33214","1782872110314","2026-07-01T02:15:10","2f08bda5-8a61-4942-836a-8f1ec7689705"
"2026-07-16T14:45:11","1877536028","",,"Palmas","BR","1","0.0","5","23","-1","-10.258348","-48.316227","1784194194365","2026-07-16T09:29:54","151ee59d-9fc8-4482-9e04-b365b1e458b5"
"2026-07-16T14:45:11","1693600006","Av. Siqueira Campos","","Palmas","BR","2","0.0","5","327","-1","-10.294325","-48.33214","1784081881897","2026-07-15T02:18:01","2613c8db-9637-40d4-8e38-c2092c8c0dfc"
"2026-07-16T14:45:11","1090156748","Av. Siqueira Campos","","Palmas","BR","2","0.0","5","979","-1","-10.298359","-48.32771","1783563941797","2026-07-09T02:25:41","e944a470-62d5-4656-aaf0-087383708928"
"2026-07-16T14:45:11","1851288576","",,"Palmas","BR","1","0.0","5","36","-1","-10.258352","-48.316498","1784019161779","2026-07-14T08:52:41","341a3583-4137-4e82-bfbb-a67b5e845593"
"2026-07-16T14:45:11","1694226848","",,"Palmas","BR","1","0.0","5","15","-1","-10.258365","-48.316918","1783904330428","2026-07-13T00:58:50","06d504d6-dac0-4c04-9329-7777206ab7a2"
"2026-07-16T14:45:11","223991394","",,"Palmas","BR","1","0.0","5","21","-1","-10.258363","-48.316757","1783180963404","2026-07-04T16:02:43","d984add8-2949-4ac0-81b5-2aa666f8ed15"
"2026-07-16T14:45:11","1877412378","",,"Palmas","BR","1","0.0","5","86","-1","-10.258277","-48.315151","1784194127349","2026-07-16T09:28:47","95d9d88f-a5e9-4a1f-a5e3-d31635a7afc6"
"2026-07-16T14:45:11","1697990376","Av. Siqueira Campos","","Palmas","BR","2","0.0","5","979","-1","-10.298359","-48.32771","1783909046043","2026-07-13T02:17:26","128eda9c-f215-485b-9c7c-a1544bb8c545"
"2026-07-16T14:45:11","1693573164","","","Palmas","BR","1","0.0","5","86","-1","-10.258278","-48.315151","1784081882190","2026-07-15T02:18:02","0584e645-bcd7-4670-a8e4-2c08a6763039"
"2026-07-16T14:50:26","1764083300","Av. Siqueira Campos","","Palmas","BR","2","0.0","5","155","-1","-10.292304","-48.332966","1782872109418","2026-07-01T02:15:09","78af3b54-3dea-4f10-8eb5-5fb4a34eaabb"
"2026-07-16T14:50:26","1275283552","","Av. NS-10","Palmas","BR","1","0.0","5","70","-1","-10.258317","-48.317258","1782526649111","2026-06-27T02:17:29","3c3cc392-5d12-48d2-a44d-55f1688e96a0"
"2026-07-16T14:50:26","1693600118","Av. Siqueira Campos","","Palmas","BR","2","0.0","5","155","-1","-10.292304","-48.332966","1784081883010","2026-07-15T02:18:03","af3fc386-180b-4082-a64c-64efe9627b8d"
"2026-07-16T14:50:26","1764089184","",,"Palmas","BR","1","0.0","5","45","-1","-10.25844","-48.317041","1782872178272","2026-07-01T02:16:18","972e31c2-cd12-4c0a-b3ee-1530d2e74b4f"
"2026-07-16T14:50:26","1693596122","",,"Palmas","BR","1","0.0","5","36","-1","-10.258352","-48.316498","1784081881899","2026-07-15T02:18:01","f6a9d158-cb4d-43ec-b26e-e2687cf324bf"
"2026-07-16T14:50:26","1693618776","",,"Palmas","BR","1","0.0","5","63","-1","-10.258354","-48.315834","1784081881640","2026-07-15T02:18:01","dc9d4e1f-8670-4b13-9612-de4df2989f38"
"2026-07-16T14:50:26","1211995990","",,"Palmas","BR","1","0.0","5","21","-1","-10.258363","-48.316757","1782353685339","2026-06-25T02:14:45","a82a13e5-2525-4021-aa92-7892a48c9f70"
"2026-07-16T14:50:26","1088566738","",,"Palmas","BR","1","0.0","5","41","-1","-10.258569","-48.317408","1783562302500","2026-07-09T01:58:22","9740383b-d7ef-4ff2-9da7-1b82984db198"
"2026-07-16T14:50:26","1877536026","",,"Palmas","BR","1","0.0","5","23","-1","-10.258348","-48.316227","1784194194365","2026-07-16T09:29:54","67a7d0d3-9d61-4acd-8315-250cecac9790"
"2026-07-16T14:50:26","1693600032","",,"Palmas","BR","1","0.0","5","63","-1","-10.258354","-48.315834","1784081881899","2026-07-15T02:18:01","205a09b3-2e2f-4b45-86aa-4ea82a9ecd25"
"2026-07-16T14:50:26","1764118132","Av. Siqueira Campos","","Palmas","BR","2","0.0","5","327","-1","-10.294325","-48.33214","1782872110314","2026-07-01T02:15:10","2f08bda5-8a61-4942-836a-8f1ec7689705"
"2026-07-16T14:50:26","1877536028","",,"Palmas","BR","1","0.0","5","23","-1","-10.258348","-48.316227","1784194194365","2026-07-16T09:29:54","151ee59d-9fc8-4482-9e04-b365b1e458b5"
"2026-07-16T14:50:26","1693600006","Av. Siqueira Campos","","Palmas","BR","2","0.0","5","327","-1","-10.294325","-48.33214","1784081881897","2026-07-15T02:18:01","2613c8db-9637-40d4-8e38-c2092c8c0dfc"
"2026-07-16T14:50:26","1090156748","Av. Siqueira Campos","","Palmas","BR","2","0.0","5","979","-1","-10.298359","-48.32771","1783563941797","2026-07-09T02:25:41","e944a470-62d5-4656-aaf0-087383708928"
"2026-07-16T14:50:26","1851288576","",,"Palmas","BR","1","0.0","5","36","-1","-10.258352","-48.316498","1784019161779","2026-07-14T08:52:41","341a3583-4137-4e82-bfbb-a67b5e845593"
"2026-07-16T14:50:26","223991394","",,"Palmas","BR","1","0.0","5","21","-1","-10.258363","-48.316757","1783180963404","2026-07-04T16:02:43","d984add8-2949-4ac0-81b5-2aa666f8ed15"
"2026-07-16T14:50:26","1694226848","",,"Palmas","BR","1","0.0","5","15","-1","-10.258365","-48.316918","1783904330428","2026-07-13T00:58:50","06d504d6-dac0-4c04-9329-7777206ab7a2"
"2026-07-16T14:50:26","1877412378","",,"Palmas","BR","1","0.0","5","86","-1","-10.258277","-48.315151","1784194127349","2026-07-16T09:28:47","95d9d88f-a5e9-4a1f-a5e3-d31635a7afc6"
"2026-07-16T14:50:26","1693573164","","","Palmas","BR","1","0.0","5","86","-1","-10.258278","-48.315151","1784081882190","2026-07-15T02:18:02","0584e645-bcd7-4670-a8e4-2c08a6763039"
"2026-07-16T14:50:26","1697990376","Av. Siqueira Campos","","Palmas","BR","2","0.0","5","979","-1","-10.298359","-48.32771","1783909046043","2026-07-13T02:17:26","128eda9c-f215-485b-9c7c-a1544bb8c545"
"2026-07-16T14:50:26","79104296","R. 9","Av. F","Palmas","BR","1","4.03","4","152","116","-10.295791","-48.300505","1784224008761","2026-07-16T17:46:48",
"2026-07-16T14:55:12","1764083300","Av. Siqueira Campos","","Palmas","BR","2","0.0","5","155","-1","-10.292304","-48.332966","1782872109418","2026-07-01T02:15:09","78af3b54-3dea-4f10-8eb5-5fb4a34eaabb"
"2026-07-16T14:55:12","1275283552","","Av. NS-10","Palmas","BR","1","0.0","5","70","-1","-10.258317","-48.317258","1782526649111","2026-06-27T02:17:29","3c3cc392-5d12-48d2-a44d-55f1688e96a0"
"2026-07-16T14:55:12","79870598","Av. LO-27","Al. Jandaia","Palmas","BR","2","4.29","4","159","118","-10.255398","-48.314188","1784224302793","2026-07-16T17:51:42",
"2026-07-16T14:55:12","1693600118","Av. Siqueira Campos","","Palmas","BR","2","0.0","5","155","-1","-10.292304","-48.332966","1784081883010","2026-07-15T02:18:03","af3fc386-180b-4082-a64c-64efe9627b8d"
"2026-07-16T14:55:12","1764089184","",,"Palmas","BR","1","0.0","5","45","-1","-10.25844","-48.317041","1782872178272","2026-07-01T02:16:18","972e31c2-cd12-4c0a-b3ee-1530d2e74b4f"
"2026-07-16T14:55:12","1693596122","",,"Palmas","BR","1","0.0","5","36","-1","-10.258352","-48.316498","1784081881899","2026-07-15T02:18:01","f6a9d158-cb4d-43ec-b26e-e2687cf324bf"
"2026-07-16T14:55:12","1693618776","",,"Palmas","BR","1","0.0","5","63","-1","-10.258354","-48.315834","1784081881640","2026-07-15T02:18:01","dc9d4e1f-8670-4b13-9612-de4df2989f38"
"2026-07-16T14:55:12","1211995990","",,"Palmas","BR","1","0.0","5","21","-1","-10.258363","-48.316757","1782353685339","2026-06-25T02:14:45","a82a13e5-2525-4021-aa92-7892a48c9f70"
"2026-07-16T14:55:12","80295652","ACSU-SO 20 Rua NS-A","Av. LO-3","Palmas","BR","1","4.02","4","384","288","-10.194433","-48.334914","1784224521928","2026-07-16T17:55:21",
"2026-07-16T14:55:12","79904972","Av. L","Av. E","Palmas","BR","2","12.58","2","473","71","-10.30286","-48.319672","1784224375050","2026-07-16T17:52:55",
"2026-07-16T14:55:12","1088566738","",,"Palmas","BR","1","0.0","5","41","-1","-10.258569","-48.317408","1783562302500","2026-07-09T01:58:22","9740383b-d7ef-4ff2-9da7-1b82984db198"
"2026-07-16T14:55:12","1877536026","",,"Palmas","BR","1","0.0","5","23","-1","-10.258348","-48.316227","1784194194365","2026-07-16T09:29:54","67a7d0d3-9d61-4acd-8315-250cecac9790"
"2026-07-16T14:55:12","1764118132","Av. Siqueira Campos","","Palmas","BR","2","0.0","5","327","-1","-10.294325","-48.33214","1782872110314","2026-07-01T02:15:10","2f08bda5-8a61-4942-836a-8f1ec7689705"
"2026-07-16T14:55:12","1693600032","",,"Palmas","BR","1","0.0","5","63","-1","-10.258354","-48.315834","1784081881899","2026-07-15T02:18:01","205a09b3-2e2f-4b45-86aa-4ea82a9ecd25"
"2026-07-16T14:55:12","1877536028","",,"Palmas","BR","1","0.0","5","23","-1","-10.258348","-48.316227","1784194194365","2026-07-16T09:29:54","151ee59d-9fc8-4482-9e04-b365b1e458b5"
"2026-07-16T14:55:12","1693600006","Av. Siqueira Campos","","Palmas","BR","2","0.0","5","327","-1","-10.294325","-48.33214","1784081881897","2026-07-15T02:18:01","2613c8db-9637-40d4-8e38-c2092c8c0dfc"
"2026-07-16T14:55:12","1090156748","Av. Siqueira Campos","","Palmas","BR","2","0.0","5","979","-1","-10.298359","-48.32771","1783563941797","2026-07-09T02:25:41","e944a470-62d5-4656-aaf0-087383708928"
"2026-07-16T14:55:12","1851288576","",,"Palmas","BR","1","0.0","5","36","-1","-10.258352","-48.316498","1784019161779","2026-07-14T08:52:41","341a3583-4137-4e82-bfbb-a67b5e845593"
"2026-07-16T14:55:12","1694226848","",,"Palmas","BR","1","0.0","5","15","-1","-10.258365","-48.316918","1783904330428","2026-07-13T00:58:50","06d504d6-dac0-4c04-9329-7777206ab7a2"
"2026-07-16T14:55:12","223991394","",,"Palmas","BR","1","0.0","5","21","-1","-10.258363","-48.316757","1783180963404","2026-07-04T16:02:43","d984add8-2949-4ac0-81b5-2aa666f8ed15"
"2026-07-16T14:55:12","1877412378","",,"Palmas","BR","1","0.0","5","86","-1","-10.258277","-48.315151","1784194127349","2026-07-16T09:28:47","95d9d88f-a5e9-4a1f-a5e3-d31635a7afc6"
"2026-07-16T14:55:12","1693573164","","","Palmas","BR","1","0.0","5","86","-1","-10.258278","-48.315151","1784081882190","2026-07-15T02:18:02","0584e645-bcd7-4670-a8e4-2c08a6763039"
"2026-07-16T14:55:12","1697990376","Av. Siqueira Campos","","Palmas","BR","2","0.0","5","979","-1","-10.298359","-48.32771","1783909046043","2026-07-13T02:17:26","128eda9c-f215-485b-9c7c-a1544bb8c545"
"2026-07-16T15:00:12","1764083300","Av. Siqueira Campos","","Palmas","BR","2","0.0","5","155","-1","-10.292304","-48.332966","1782872109418","2026-07-01T02:15:09","78af3b54-3dea-4f10-8eb5-5fb4a34eaabb"
"2026-07-16T15:00:12","1275283552","","Av. NS-10","Palmas","BR","1","0.0","5","70","-1","-10.258317","-48.317258","1782526649111","2026-06-27T02:17:29","3c3cc392-5d12-48d2-a44d-55f1688e96a0"
"2026-07-16T15:00:12","1693600118","Av. Siqueira Campos","","Palmas","BR","2","0.0","5","155","-1","-10.292304","-48.332966","1784081883010","2026-07-15T02:18:03","af3fc386-180b-4082-a64c-64efe9627b8d"
"2026-07-16T15:00:12","1764089184","",,"Palmas","BR","1","0.0","5","45","-1","-10.25844","-48.317041","1782872178272","2026-07-01T02:16:18","972e31c2-cd12-4c0a-b3ee-1530d2e74b4f"
"2026-07-16T15:00:12","1693596122","",,"Palmas","BR","1","0.0","5","36","-1","-10.258352","-48.316498","1784081881899","2026-07-15T02:18:01","f6a9d158-cb4d-43ec-b26e-e2687cf324bf"
"2026-07-16T15:00:12","1693618776","",,"Palmas","BR","1","0.0","5","63","-1","-10.258354","-48.315834","1784081881640","2026-07-15T02:18:01","dc9d4e1f-8670-4b13-9612-de4df2989f38"
"2026-07-16T15:00:12","1211995990","",,"Palmas","BR","1","0.0","5","21","-1","-10.258363","-48.316757","1782353685339","2026-06-25T02:14:45","a82a13e5-2525-4021-aa92-7892a48c9f70"
"2026-07-16T15:00:12","79904972","Av. L","Av. E","Palmas","BR","2","12.88","2","473","68","-10.30286","-48.319672","1784224375050","2026-07-16T17:52:55",
"2026-07-16T15:00:12","1088566738","",,"Palmas","BR","1","0.0","5","41","-1","-10.258569","-48.317408","1783562302500","2026-07-09T01:58:22","9740383b-d7ef-4ff2-9da7-1b82984db198"
"2026-07-16T15:00:12","1693600032","",,"Palmas","BR","1","0.0","5","63","-1","-10.258354","-48.315834","1784081881899","2026-07-15T02:18:01","205a09b3-2e2f-4b45-86aa-4ea82a9ecd25"
"2026-07-16T15:00:12","1764118132","Av. Siqueira Campos","","Palmas","BR","2","0.0","5","327","-1","-10.294325","-48.33214","1782872110314","2026-07-01T02:15:10","2f08bda5-8a61-4942-836a-8f1ec7689705"
"2026-07-16T15:00:12","1877536026","",,"Palmas","BR","1","0.0","5","23","-1","-10.258348","-48.316227","1784194194365","2026-07-16T09:29:54","67a7d0d3-9d61-4acd-8315-250cecac9790"
"2026-07-16T15:00:12","80876710","ARSE 21 Al. 1 Jandaiá","ARSE 21 Al. 9 Rouxinol","Palmas","BR","1","4.51","4","181","243","-10.193793","-48.327448","1784224813554","2026-07-16T18:00:13",
"2026-07-16T15:00:12","1693600006","Av. Siqueira Campos","","Palmas","BR","2","0.0","5","327","-1","-10.294325","-48.33214","1784081881897","2026-07-15T02:18:01","2613c8db-9637-40d4-8e38-c2092c8c0dfc"
"2026-07-16T15:00:12","1877536028","",,"Palmas","BR","1","0.0","5","23","-1","-10.258348","-48.316227","1784194194365","2026-07-16T09:29:54","151ee59d-9fc8-4482-9e04-b365b1e458b5"
"2026-07-16T15:00:12","1090156748","Av. Siqueira Campos","","Palmas","BR","2","0.0","5","979","-1","-10.298359","-48.32771","1783563941797","2026-07-09T02:25:41","e944a470-62d5-4656-aaf0-087383708928"
"2026-07-16T15:00:12","1851288576","",,"Palmas","BR","1","0.0","5","36","-1","-10.258352","-48.316498","1784019161779","2026-07-14T08:52:41","341a3583-4137-4e82-bfbb-a67b5e845593"
"2026-07-16T15:00:12","223991394","",,"Palmas","BR","1","0.0","5","21","-1","-10.258363","-48.316757","1783180963404","2026-07-04T16:02:43","d984add8-2949-4ac0-81b5-2aa666f8ed15"
"2026-07-16T15:00:12","1694226848","",,"Palmas","BR","1","0.0","5","15","-1","-10.258365","-48.316918","1783904330428","2026-07-13T00:58:50","06d504d6-dac0-4c04-9329-7777206ab7a2"
"2026-07-16T15:00:12","1697990376","Av. Siqueira Campos","","Palmas","BR","2","0.0","5","979","-1","-10.298359","-48.32771","1783909046043","2026-07-13T02:17:26","128eda9c-f215-485b-9c7c-a1544bb8c545"
"2026-07-16T15:00:12","1877412378","",,"Palmas","BR","1","0.0","5","86","-1","-10.258277","-48.315151","1784194127349","2026-07-16T09:28:47","95d9d88f-a5e9-4a1f-a5e3-d31635a7afc6"
"2026-07-16T15:00:12","1693573164","","","Palmas","BR","1","0.0","5","86","-1","-10.258278","-48.315151","1784081882190","2026-07-15T02:18:02","0584e645-bcd7-4670-a8e4-2c08a6763039"
"2026-07-16T15:05:14","1764083300","Av. Siqueira Campos","","Palmas","BR","2","0.0","5","155","-1","-10.292304","-48.332966","1782872109418","2026-07-01T02:15:09","78af3b54-3dea-4f10-8eb5-5fb4a34eaabb"
"2026-07-16T15:05:14","1275283552","","Av. NS-10","Palmas","BR","1","0.0","5","70","-1","-10.258317","-48.317258","1782526649111","2026-06-27T02:17:29","3c3cc392-5d12-48d2-a44d-55f1688e96a0"
"2026-07-16T15:05:14","1693600118","Av. Siqueira Campos","","Palmas","BR","2","0.0","5","155","-1","-10.292304","-48.332966","1784081883010","2026-07-15T02:18:03","af3fc386-180b-4082-a64c-64efe9627b8d"
"2026-07-16T15:05:14","1764089184","",,"Palmas","BR","1","0.0","5","45","-1","-10.25844","-48.317041","1782872178272","2026-07-01T02:16:18","972e31c2-cd12-4c0a-b3ee-1530d2e74b4f"
"2026-07-16T15:05:14","1693596122","",,"Palmas","BR","1","0.0","5","36","-1","-10.258352","-48.316498","1784081881899","2026-07-15T02:18:01","f6a9d158-cb4d-43ec-b26e-e2687cf324bf"
"2026-07-16T15:05:14","1693618776","",,"Palmas","BR","1","0.0","5","63","-1","-10.258354","-48.315834","1784081881640","2026-07-15T02:18:01","dc9d4e1f-8670-4b13-9612-de4df2989f38"
"2026-07-16T15:05:14","1211995990","",,"Palmas","BR","1","0.0","5","21","-1","-10.258363","-48.316757","1782353685339","2026-06-25T02:14:45","a82a13e5-2525-4021-aa92-7892a48c9f70"
"2026-07-16T15:05:14","81476406","Av. TLO-3","","Palmas","BR","2","15.36","3","622","97","-10.340223","-48.33456","1784225106001","2026-07-16T18:05:06",
"2026-07-16T15:05:14","81397716","BR-010","","Palmas","BR","6","20.02","2","687","64","-10.332036","-48.298414","1784225105217","2026-07-16T18:05:05",
"2026-07-16T15:05:14","1088566738","",,"Palmas","BR","1","0.0","5","41","-1","-10.258569","-48.317408","1783562302500","2026-07-09T01:58:22","9740383b-d7ef-4ff2-9da7-1b82984db198"
"2026-07-16T15:05:14","1877536026","",,"Palmas","BR","1","0.0","5","23","-1","-10.258348","-48.316227","1784194194365","2026-07-16T09:29:54","67a7d0d3-9d61-4acd-8315-250cecac9790"
"2026-07-16T15:05:14","1693600032","",,"Palmas","BR","1","0.0","5","63","-1","-10.258354","-48.315834","1784081881899","2026-07-15T02:18:01","205a09b3-2e2f-4b45-86aa-4ea82a9ecd25"
"2026-07-16T15:05:14","1764118132","Av. Siqueira Campos","","Palmas","BR","2","0.0","5","327","-1","-10.294325","-48.33214","1782872110314","2026-07-01T02:15:10","2f08bda5-8a61-4942-836a-8f1ec7689705"
"2026-07-16T15:05:14","1877536028","",,"Palmas","BR","1","0.0","5","23","-1","-10.258348","-48.316227","1784194194365","2026-07-16T09:29:54","151ee59d-9fc8-4482-9e04-b365b1e458b5"
"2026-07-16T15:05:14","1693600006","Av. Siqueira Campos","","Palmas","BR","2","0.0","5","327","-1","-10.294325","-48.33214","1784081881897","2026-07-15T02:18:01","2613c8db-9637-40d4-8e38-c2092c8c0dfc"
"2026-07-16T15:05:14","1090156748","Av. Siqueira Campos","","Palmas","BR","2","0.0","5","979","-1","-10.298359","-48.32771","1783563941797","2026-07-09T02:25:41","e944a470-62d5-4656-aaf0-087383708928"
"2026-07-16T15:05:14","1851288576","",,"Palmas","BR","1","0.0","5","36","-1","-10.258352","-48.316498","1784019161779","2026-07-14T08:52:41","341a3583-4137-4e82-bfbb-a67b5e845593"
"2026-07-16T15:05:14","1694226848","",,"Palmas","BR","1","0.0","5","15","-1","-10.258365","-48.316918","1783904330428","2026-07-13T00:58:50","06d504d6-dac0-4c04-9329-7777206ab7a2"
"2026-07-16T15:05:14","223991394","",,"Palmas","BR","1","0.0","5","21","-1","-10.258363","-48.316757","1783180963404","2026-07-04T16:02:43","d984add8-2949-4ac0-81b5-2aa666f8ed15"
"2026-07-16T15:05:14","80821708","TO-010","Av. NS 15","Palmas","BR","7","43.92","2","1868","77","-10.146425","-48.302015","1784224812910","2026-07-16T18:00:12",
"2026-07-16T15:05:14","1877412378","",,"Palmas","BR","1","0.0","5","86","-1","-10.258277","-48.315151","1784194127349","2026-07-16T09:28:47","95d9d88f-a5e9-4a1f-a5e3-d31635a7afc6"
"2026-07-16T15:05:14","1697990376","Av. Siqueira Campos","","Palmas","BR","2","0.0","5","979","-1","-10.298359","-48.32771","1783909046043","2026-07-13T02:17:26","128eda9c-f215-485b-9c7c-a1544bb8c545"
"2026-07-16T15:05:14","1693573164","","","Palmas","BR","1","0.0","5","86","-1","-10.258278","-48.315151","1784081882190","2026-07-15T02:18:02","0584e645-bcd7-4670-a8e4-2c08a6763039"
"2026-07-16T15:10:10","1764083300","Av. Siqueira Campos","","Palmas","BR","2","0.0","5","155","-1","-10.292304","-48.332966","1782872109418","2026-07-01T02:15:09","78af3b54-3dea-4f10-8eb5-5fb4a34eaabb"
"2026-07-16T15:10:10","1275283552","","Av. NS-10","Palmas","BR","1","0.0","5","70","-1","-10.258317","-48.317258","1782526649111","2026-06-27T02:17:29","3c3cc392-5d12-48d2-a44d-55f1688e96a0"
"2026-07-16T15:10:10","1693600118","Av. Siqueira Campos","","Palmas","BR","2","0.0","5","155","-1","-10.292304","-48.332966","1784081883010","2026-07-15T02:18:03","af3fc386-180b-4082-a64c-64efe9627b8d"
"2026-07-16T15:10:10","1764089184","",,"Palmas","BR","1","0.0","5","45","-1","-10.25844","-48.317041","1782872178272","2026-07-01T02:16:18","972e31c2-cd12-4c0a-b3ee-1530d2e74b4f"
"2026-07-16T15:10:10","1693596122","",,"Palmas","BR","1","0.0","5","36","-1","-10.258352","-48.316498","1784081881899","2026-07-15T02:18:01","f6a9d158-cb4d-43ec-b26e-e2687cf324bf"
"2026-07-16T15:10:10","1693618776","",,"Palmas","BR","1","0.0","5","63","-1","-10.258354","-48.315834","1784081881640","2026-07-15T02:18:01","dc9d4e1f-8670-4b13-9612-de4df2989f38"
"2026-07-16T15:10:10","1211995990","",,"Palmas","BR","1","0.0","5","21","-1","-10.258363","-48.316757","1782353685339","2026-06-25T02:14:45","a82a13e5-2525-4021-aa92-7892a48c9f70"
"2026-07-16T15:10:10","81908396","TO-030","Taquarussu do Porto (Palmas)","Taquarussu do Porto (Palmas)","BR","7","22.26","2","1491","172","-10.305017","-48.142667","1784225326473","2026-07-16T18:08:46",
"2026-07-16T15:10:10","81476406","Av. TLO-3","","Palmas","BR","2","15.78","3","622","94","-10.340223","-48.33456","1784225106001","2026-07-16T18:05:06",
"2026-07-16T15:10:10","1088566738","",,"Palmas","BR","1","0.0","5","41","-1","-10.258569","-48.317408","1783562302500","2026-07-09T01:58:22","9740383b-d7ef-4ff2-9da7-1b82984db198"
"2026-07-16T15:10:10","1877536026","",,"Palmas","BR","1","0.0","5","23","-1","-10.258348","-48.316227","1784194194365","2026-07-16T09:29:54","67a7d0d3-9d61-4acd-8315-250cecac9790"
"2026-07-16T15:10:10","1693600032","",,"Palmas","BR","1","0.0","5","63","-1","-10.258354","-48.315834","1784081881899","2026-07-15T02:18:01","205a09b3-2e2f-4b45-86aa-4ea82a9ecd25"
"2026-07-16T15:10:10","1764118132","Av. Siqueira Campos","","Palmas","BR","2","0.0","5","327","-1","-10.294325","-48.33214","1782872110314","2026-07-01T02:15:10","2f08bda5-8a61-4942-836a-8f1ec7689705"
"2026-07-16T15:10:10","1877536028","",,"Palmas","BR","1","0.0","5","23","-1","-10.258348","-48.316227","1784194194365","2026-07-16T09:29:54","151ee59d-9fc8-4482-9e04-b365b1e458b5"
"2026-07-16T15:10:10","1693600006","Av. Siqueira Campos","","Palmas","BR","2","0.0","5","327","-1","-10.294325","-48.33214","1784081881897","2026-07-15T02:18:01","2613c8db-9637-40d4-8e38-c2092c8c0dfc"
"2026-07-16T15:10:10","1090156748","Av. Siqueira Campos","","Palmas","BR","2","0.0","5","979","-1","-10.298359","-48.32771","1783563941797","2026-07-09T02:25:41","e944a470-62d5-4656-aaf0-087383708928"
"2026-07-16T15:10:10","1851288576","",,"Palmas","BR","1","0.0","5","36","-1","-10.258352","-48.316498","1784019161779","2026-07-14T08:52:41","341a3583-4137-4e82-bfbb-a67b5e845593"
"2026-07-16T15:10:10","1694226848","",,"Palmas","BR","1","0.0","5","15","-1","-10.258365","-48.316918","1783904330428","2026-07-13T00:58:50","06d504d6-dac0-4c04-9329-7777206ab7a2"
"2026-07-16T15:10:10","223991394","",,"Palmas","BR","1","0.0","5","21","-1","-10.258363","-48.316757","1783180963404","2026-07-04T16:02:43","d984add8-2949-4ac0-81b5-2aa666f8ed15"
"2026-07-16T15:10:10","80821708","TO-010","Av. NS 15","Palmas","BR","7","47.93","1","1868","64","-10.146425","-48.302015","1784224812910","2026-07-16T18:00:12",
"2026-07-16T15:10:10","1877412378","",,"Palmas","BR","1","0.0","5","86","-1","-10.258277","-48.315151","1784194127349","2026-07-16T09:28:47","95d9d88f-a5e9-4a1f-a5e3-d31635a7afc6"
"2026-07-16T15:10:10","1693573164","","","Palmas","BR","1","0.0","5","86","-1","-10.258278","-48.315151","1784081882190","2026-07-15T02:18:02","0584e645-bcd7-4670-a8e4-2c08a6763039"
"2026-07-16T15:10:10","1697990376","Av. Siqueira Campos","","Palmas","BR","2","0.0","5","979","-1","-10.298359","-48.32771","1783909046043","2026-07-13T02:17:26","128eda9c-f215-485b-9c7c-a1544bb8c545"
"2026-07-16T15:15:11","1764083300","Av. Siqueira Campos","","Palmas","BR","2","0.0","5","155","-1","-10.292304","-48.332966","1782872109418","2026-07-01T02:15:09","78af3b54-3dea-4f10-8eb5-5fb4a34eaabb"
"2026-07-16T15:15:11","1275283552","","Av. NS-10","Palmas","BR","1","0.0","5","70","-1","-10.258317","-48.317258","1782526649111","2026-06-27T02:17:29","3c3cc392-5d12-48d2-a44d-55f1688e96a0"
"2026-07-16T15:15:11","1693600118","Av. Siqueira Campos","","Palmas","BR","2","0.0","5","155","-1","-10.292304","-48.332966","1784081883010","2026-07-15T02:18:03","af3fc386-180b-4082-a64c-64efe9627b8d"
"2026-07-16T15:15:11","1764089184","",,"Palmas","BR","1","0.0","5","45","-1","-10.25844","-48.317041","1782872178272","2026-07-01T02:16:18","972e31c2-cd12-4c0a-b3ee-1530d2e74b4f"
"2026-07-16T15:15:11","1693596122","",,"Palmas","BR","1","0.0","5","36","-1","-10.258352","-48.316498","1784081881899","2026-07-15T02:18:01","f6a9d158-cb4d-43ec-b26e-e2687cf324bf"
"2026-07-16T15:15:11","1693618776","",,"Palmas","BR","1","0.0","5","63","-1","-10.258354","-48.315834","1784081881640","2026-07-15T02:18:01","dc9d4e1f-8670-4b13-9612-de4df2989f38"
"2026-07-16T15:15:11","1211995990","",,"Palmas","BR","1","0.0","5","21","-1","-10.258363","-48.316757","1782353685339","2026-06-25T02:14:45","a82a13e5-2525-4021-aa92-7892a48c9f70"
"2026-07-16T15:15:11","81908396","TO-030","Taquarussu do Porto (Palmas)","Taquarussu do Porto (Palmas)","BR","7","22.56","2","1491","166","-10.305017","-48.142667","1784225326473","2026-07-16T18:08:46",
"2026-07-16T15:15:11","1088566738","",,"Palmas","BR","1","0.0","5","41","-1","-10.258569","-48.317408","1783562302500","2026-07-09T01:58:22","9740383b-d7ef-4ff2-9da7-1b82984db198"
"2026-07-16T15:15:11","1877536026","",,"Palmas","BR","1","0.0","5","23","-1","-10.258348","-48.316227","1784194194365","2026-07-16T09:29:54","67a7d0d3-9d61-4acd-8315-250cecac9790"
"2026-07-16T15:15:11","1693600032","",,"Palmas","BR","1","0.0","5","63","-1","-10.258354","-48.315834","1784081881899","2026-07-15T02:18:01","205a09b3-2e2f-4b45-86aa-4ea82a9ecd25"
"2026-07-16T15:15:11","1764118132","Av. Siqueira Campos","","Palmas","BR","2","0.0","5","327","-1","-10.294325","-48.33214","1782872110314","2026-07-01T02:15:10","2f08bda5-8a61-4942-836a-8f1ec7689705"
"2026-07-16T15:15:11","1877536028","",,"Palmas","BR","1","0.0","5","23","-1","-10.258348","-48.316227","1784194194365","2026-07-16T09:29:54","151ee59d-9fc8-4482-9e04-b365b1e458b5"
"2026-07-16T15:15:11","1693600006","Av. Siqueira Campos","","Palmas","BR","2","0.0","5","327","-1","-10.294325","-48.33214","1784081881897","2026-07-15T02:18:01","2613c8db-9637-40d4-8e38-c2092c8c0dfc"
"2026-07-16T15:15:11","1090156748","Av. Siqueira Campos","","Palmas","BR","2","0.0","5","979","-1","-10.298359","-48.32771","1783563941797","2026-07-09T02:25:41","e944a470-62d5-4656-aaf0-087383708928"
"2026-07-16T15:15:11","82605268","R. 40","Av. H","Palmas","BR","1","9.06","3","451","97","-10.31723","-48.314919","1784225693490","2026-07-16T18:14:53",
"2026-07-16T15:15:11","1851288576","",,"Palmas","BR","1","0.0","5","36","-1","-10.258352","-48.316498","1784019161779","2026-07-14T08:52:41","341a3583-4137-4e82-bfbb-a67b5e845593"
"2026-07-16T15:15:11","82474672","ACSE 1 Rua SE-1","Av. NS-2","Palmas","BR","1","11.74","3","397","82","-10.185596","-48.327865","1784225546139","2026-07-16T18:12:26",
"2026-07-16T15:15:11","223991394","",,"Palmas","BR","1","0.0","5","21","-1","-10.258363","-48.316757","1783180963404","2026-07-04T16:02:43","d984add8-2949-4ac0-81b5-2aa666f8ed15"
"2026-07-16T15:15:11","1694226848","",,"Palmas","BR","1","0.0","5","15","-1","-10.258365","-48.316918","1783904330428","2026-07-13T00:58:50","06d504d6-dac0-4c04-9329-7777206ab7a2"
"2026-07-16T15:15:11","1877412378","",,"Palmas","BR","1","0.0","5","86","-1","-10.258277","-48.315151","1784194127349","2026-07-16T09:28:47","95d9d88f-a5e9-4a1f-a5e3-d31635a7afc6"
"2026-07-16T15:15:11","1697990376","Av. Siqueira Campos","","Palmas","BR","2","0.0","5","979","-1","-10.298359","-48.32771","1783909046043","2026-07-13T02:17:26","128eda9c-f215-485b-9c7c-a1544bb8c545"
"2026-07-16T15:15:11","1693573164","","","Palmas","BR","1","0.0","5","86","-1","-10.258278","-48.315151","1784081882190","2026-07-15T02:18:02","0584e645-bcd7-4670-a8e4-2c08a6763039"
"2026-07-16T15:20:11","83074386","ARNE 12 Al. 9",,"Palmas","BR","1","4.93","2","187","73","-10.180612","-48.323262","1784225840603","2026-07-16T18:17:20",
"2026-07-16T15:20:11","1764083300","Av. Siqueira Campos","","Palmas","BR","2","0.0","5","155","-1","-10.292304","-48.332966","1782872109418","2026-07-01T02:15:09","78af3b54-3dea-4f10-8eb5-5fb4a34eaabb"
"2026-07-16T15:20:11","1275283552","","Av. NS-10","Palmas","BR","1","0.0","5","70","-1","-10.258317","-48.317258","1782526649111","2026-06-27T02:17:29","3c3cc392-5d12-48d2-a44d-55f1688e96a0"
"2026-07-16T15:20:11","1693600118","Av. Siqueira Campos","","Palmas","BR","2","0.0","5","155","-1","-10.292304","-48.332966","1784081883010","2026-07-15T02:18:03","af3fc386-180b-4082-a64c-64efe9627b8d"
"2026-07-16T15:20:11","1764089184","",,"Palmas","BR","1","0.0","5","45","-1","-10.25844","-48.317041","1782872178272","2026-07-01T02:16:18","972e31c2-cd12-4c0a-b3ee-1530d2e74b4f"
"2026-07-16T15:20:11","1693596122","",,"Palmas","BR","1","0.0","5","36","-1","-10.258352","-48.316498","1784081881899","2026-07-15T02:18:01","f6a9d158-cb4d-43ec-b26e-e2687cf324bf"
"2026-07-16T15:20:11","83307454","ARNE 12 Al. 17","ARNE 12 Al. 18","Palmas","BR","1","9.98","2","384","74","-10.183298","-48.321774","1784225985207","2026-07-16T18:19:45",
"2026-07-16T15:20:11","1693618776","",,"Palmas","BR","1","0.0","5","63","-1","-10.258354","-48.315834","1784081881640","2026-07-15T02:18:01","dc9d4e1f-8670-4b13-9612-de4df2989f38"
"2026-07-16T15:20:11","1211995990","",,"Palmas","BR","1","0.0","5","21","-1","-10.258363","-48.316757","1782353685339","2026-06-25T02:14:45","a82a13e5-2525-4021-aa92-7892a48c9f70"
"2026-07-16T15:20:11","1088566738","",,"Palmas","BR","1","0.0","5","41","-1","-10.258569","-48.317408","1783562302500","2026-07-09T01:58:22","9740383b-d7ef-4ff2-9da7-1b82984db198"
"2026-07-16T15:20:11","1877536026","",,"Palmas","BR","1","0.0","5","23","-1","-10.258348","-48.316227","1784194194365","2026-07-16T09:29:54","67a7d0d3-9d61-4acd-8315-250cecac9790"
"2026-07-16T15:20:11","1693600032","",,"Palmas","BR","1","0.0","5","63","-1","-10.258354","-48.315834","1784081881899","2026-07-15T02:18:01","205a09b3-2e2f-4b45-86aa-4ea82a9ecd25"
"2026-07-16T15:20:11","1764118132","Av. Siqueira Campos","","Palmas","BR","2","0.0","5","327","-1","-10.294325","-48.33214","1782872110314","2026-07-01T02:15:10","2f08bda5-8a61-4942-836a-8f1ec7689705"
"2026-07-16T15:20:11","1877536028","",,"Palmas","BR","1","0.0","5","23","-1","-10.258348","-48.316227","1784194194365","2026-07-16T09:29:54","151ee59d-9fc8-4482-9e04-b365b1e458b5"
"2026-07-16T15:20:11","1693600006","Av. Siqueira Campos","","Palmas","BR","2","0.0","5","327","-1","-10.294325","-48.33214","1784081881897","2026-07-15T02:18:01","2613c8db-9637-40d4-8e38-c2092c8c0dfc"
"2026-07-16T15:20:11","1090156748","Av. Siqueira Campos","","Palmas","BR","2","0.0","5","979","-1","-10.298359","-48.32771","1783563941797","2026-07-09T02:25:41","e944a470-62d5-4656-aaf0-087383708928"
"2026-07-16T15:20:11","82605268","R. 40","Av. H","Palmas","BR","1","9.2","3","451","95","-10.31723","-48.314919","1784225693490","2026-07-16T18:14:53",
"2026-07-16T15:20:11","1851288576","",,"Palmas","BR","1","0.0","5","36","-1","-10.258352","-48.316498","1784019161779","2026-07-14T08:52:41","341a3583-4137-4e82-bfbb-a67b5e845593"
"2026-07-16T15:20:11","223991394","",,"Palmas","BR","1","0.0","5","21","-1","-10.258363","-48.316757","1783180963404","2026-07-04T16:02:43","d984add8-2949-4ac0-81b5-2aa666f8ed15"
"2026-07-16T15:20:11","1694226848","",,"Palmas","BR","1","0.0","5","15","-1","-10.258365","-48.316918","1783904330428","2026-07-13T00:58:50","06d504d6-dac0-4c04-9329-7777206ab7a2"
"2026-07-16T15:20:11","1877412378","",,"Palmas","BR","1","0.0","5","86","-1","-10.258277","-48.315151","1784194127349","2026-07-16T09:28:47","95d9d88f-a5e9-4a1f-a5e3-d31635a7afc6"
"2026-07-16T15:20:11","1697990376","Av. Siqueira Campos","","Palmas","BR","2","0.0","5","979","-1","-10.298359","-48.32771","1783909046043","2026-07-13T02:17:26","128eda9c-f215-485b-9c7c-a1544bb8c545"
"2026-07-16T15:20:11","1693573164","","","Palmas","BR","1","0.0","5","86","-1","-10.258278","-48.315151","1784081882190","2026-07-15T02:18:02","0584e645-bcd7-4670-a8e4-2c08a6763039"
"2026-07-16T15:25:12","1764083300","Av. Siqueira Campos","","Palmas","BR","2","0.0","5","155","-1","-10.292304","-48.332966","1782872109418","2026-07-01T02:15:09","78af3b54-3dea-4f10-8eb5-5fb4a34eaabb"
"2026-07-16T15:25:12","1275283552","","Av. NS-10","Palmas","BR","1","0.0","5","70","-1","-10.258317","-48.317258","1782526649111","2026-06-27T02:17:29","3c3cc392-5d12-48d2-a44d-55f1688e96a0"
"2026-07-16T15:25:12","1693600118","Av. Siqueira Campos","","Palmas","BR","2","0.0","5","155","-1","-10.292304","-48.332966","1784081883010","2026-07-15T02:18:03","af3fc386-180b-4082-a64c-64efe9627b8d"
"2026-07-16T15:25:12","1764089184","",,"Palmas","BR","1","0.0","5","45","-1","-10.25844","-48.317041","1782872178272","2026-07-01T02:16:18","972e31c2-cd12-4c0a-b3ee-1530d2e74b4f"
"2026-07-16T15:25:12","83723576","ASR-SE 15 Av. SR-2","","Palmas","BR","2","11.73","3","442","99","-10.190396","-48.304394","1784226206438","2026-07-16T18:23:26",
"2026-07-16T15:25:12","1693596122","",,"Palmas","BR","1","0.0","5","36","-1","-10.258352","-48.316498","1784081881899","2026-07-15T02:18:01","f6a9d158-cb4d-43ec-b26e-e2687cf324bf"
"2026-07-16T15:25:12","1693618776","",,"Palmas","BR","1","0.0","5","63","-1","-10.258354","-48.315834","1784081881640","2026-07-15T02:18:01","dc9d4e1f-8670-4b13-9612-de4df2989f38"
"2026-07-16T15:25:12","1211995990","",,"Palmas","BR","1","0.0","5","21","-1","-10.258363","-48.316757","1782353685339","2026-06-25T02:14:45","a82a13e5-2525-4021-aa92-7892a48c9f70"
"2026-07-16T15:25:12","83589972","ASR-SE 65 Al. 2","ASR-SE 65 Al. 3","Palmas","BR","1","4.95","3","211","115","-10.220019","-48.315954","1784226206137","2026-07-16T18:23:26",
"2026-07-16T15:25:12","1088566738","",,"Palmas","BR","1","0.0","5","41","-1","-10.258569","-48.317408","1783562302500","2026-07-09T01:58:22","9740383b-d7ef-4ff2-9da7-1b82984db198"
"2026-07-16T15:25:12","1693600032","",,"Palmas","BR","1","0.0","5","63","-1","-10.258354","-48.315834","1784081881899","2026-07-15T02:18:01","205a09b3-2e2f-4b45-86aa-4ea82a9ecd25"
"2026-07-16T15:25:12","1764118132","Av. Siqueira Campos","","Palmas","BR","2","0.0","5","327","-1","-10.294325","-48.33214","1782872110314","2026-07-01T02:15:10","2f08bda5-8a61-4942-836a-8f1ec7689705"
"2026-07-16T15:25:12","1877536026","",,"Palmas","BR","1","0.0","5","23","-1","-10.258348","-48.316227","1784194194365","2026-07-16T09:29:54","67a7d0d3-9d61-4acd-8315-250cecac9790"
"2026-07-16T15:25:12","1693600006","Av. Siqueira Campos","","Palmas","BR","2","0.0","5","327","-1","-10.294325","-48.33214","1784081881897","2026-07-15T02:18:01","2613c8db-9637-40d4-8e38-c2092c8c0dfc"
"2026-07-16T15:25:12","1877536028","",,"Palmas","BR","1","0.0","5","23","-1","-10.258348","-48.316227","1784194194365","2026-07-16T09:29:54","151ee59d-9fc8-4482-9e04-b365b1e458b5"
"2026-07-16T15:25:12","1090156748","Av. Siqueira Campos","","Palmas","BR","2","0.0","5","979","-1","-10.298359","-48.32771","1783563941797","2026-07-09T02:25:41","e944a470-62d5-4656-aaf0-087383708928"
"2026-07-16T15:25:12","82605268","R. 40","Av. H","Palmas","BR","1","9.46","3","451","90","-10.31723","-48.314919","1784225693490","2026-07-16T18:14:53",
"2026-07-16T15:25:12","1851288576","",,"Palmas","BR","1","0.0","5","36","-1","-10.258352","-48.316498","1784019161779","2026-07-14T08:52:41","341a3583-4137-4e82-bfbb-a67b5e845593"
"2026-07-16T15:25:12","83872422","","ACSE 1 Rua SE-3","Palmas","BR","1","5.56","3","201","74","-10.186348","-48.327434","1784226277872","2026-07-16T18:24:37",
"2026-07-16T15:25:12","223991394","",,"Palmas","BR","1","0.0","5","21","-1","-10.258363","-48.316757","1783180963404","2026-07-04T16:02:43","d984add8-2949-4ac0-81b5-2aa666f8ed15"
"2026-07-16T15:25:12","1694226848","",,"Palmas","BR","1","0.0","5","15","-1","-10.258365","-48.316918","1783904330428","2026-07-13T00:58:50","06d504d6-dac0-4c04-9329-7777206ab7a2"
"2026-07-16T15:25:12","83532550","ASR-SE 15 Av. SR-2","Av. Juscelino Kubitschek","Palmas","BR","2","13.17","3","443","79","-10.186303","-48.303928","1784226133086","2026-07-16T18:22:13",
"2026-07-16T15:25:12","1697990376","Av. Siqueira Campos","","Palmas","BR","2","0.0","5","979","-1","-10.298359","-48.32771","1783909046043","2026-07-13T02:17:26","128eda9c-f215-485b-9c7c-a1544bb8c545"
"2026-07-16T15:25:12","1877412378","",,"Palmas","BR","1","0.0","5","86","-1","-10.258277","-48.315151","1784194127349","2026-07-16T09:28:47","95d9d88f-a5e9-4a1f-a5e3-d31635a7afc6"
"2026-07-16T15:25:12","1693573164","","","Palmas","BR","1","0.0","5","86","-1","-10.258278","-48.315151","1784081882190","2026-07-15T02:18:02","0584e645-bcd7-4670-a8e4-2c08a6763039"
"2026-07-16T15:30:11","1764083300","Av. Siqueira Campos","","Palmas","BR","2","0.0","5","155","-1","-10.292304","-48.332966","1782872109418","2026-07-01T02:15:09","78af3b54-3dea-4f10-8eb5-5fb4a34eaabb"
"2026-07-16T15:30:11","1275283552","","Av. NS-10","Palmas","BR","1","0.0","5","70","-1","-10.258317","-48.317258","1782526649111","2026-06-27T02:17:29","3c3cc392-5d12-48d2-a44d-55f1688e96a0"
"2026-07-16T15:30:11","1693600118","Av. Siqueira Campos","","Palmas","BR","2","0.0","5","155","-1","-10.292304","-48.332966","1784081883010","2026-07-15T02:18:03","af3fc386-180b-4082-a64c-64efe9627b8d"
"2026-07-16T15:30:11","83723576","ASR-SE 15 Av. SR-2","Av. LO-3","Palmas","BR","2","10.79","3","371","94","-10.18989","-48.304273","1784226206438","2026-07-16T18:23:26",
"2026-07-16T15:30:11","1764089184","",,"Palmas","BR","1","0.0","5","45","-1","-10.25844","-48.317041","1782872178272","2026-07-01T02:16:18","972e31c2-cd12-4c0a-b3ee-1530d2e74b4f"
"2026-07-16T15:30:11","1693596122","",,"Palmas","BR","1","0.0","5","36","-1","-10.258352","-48.316498","1784081881899","2026-07-15T02:18:01","f6a9d158-cb4d-43ec-b26e-e2687cf324bf"
"2026-07-16T15:30:11","1693618776","",,"Palmas","BR","1","0.0","5","63","-1","-10.258354","-48.315834","1784081881640","2026-07-15T02:18:01","dc9d4e1f-8670-4b13-9612-de4df2989f38"
"2026-07-16T15:30:11","1211995990","",,"Palmas","BR","1","0.0","5","21","-1","-10.258363","-48.316757","1782353685339","2026-06-25T02:14:45","a82a13e5-2525-4021-aa92-7892a48c9f70"
"2026-07-16T15:30:11","83589972","ASR-SE 65 Al. 2","ASR-SE 65 Al. 3","Palmas","BR","1","5.06","3","211","112","-10.220019","-48.315954","1784226206137","2026-07-16T18:23:26",
"2026-07-16T15:30:11","1088566738","",,"Palmas","BR","1","0.0","5","41","-1","-10.258569","-48.317408","1783562302500","2026-07-09T01:58:22","9740383b-d7ef-4ff2-9da7-1b82984db198"
"2026-07-16T15:30:11","1877536026","",,"Palmas","BR","1","0.0","5","23","-1","-10.258348","-48.316227","1784194194365","2026-07-16T09:29:54","67a7d0d3-9d61-4acd-8315-250cecac9790"
"2026-07-16T15:30:11","1693600032","",,"Palmas","BR","1","0.0","5","63","-1","-10.258354","-48.315834","1784081881899","2026-07-15T02:18:01","205a09b3-2e2f-4b45-86aa-4ea82a9ecd25"
"2026-07-16T15:30:11","1764118132","Av. Siqueira Campos","","Palmas","BR","2","0.0","5","327","-1","-10.294325","-48.33214","1782872110314","2026-07-01T02:15:10","2f08bda5-8a61-4942-836a-8f1ec7689705"
"2026-07-16T15:30:11","1877536028","",,"Palmas","BR","1","0.0","5","23","-1","-10.258348","-48.316227","1784194194365","2026-07-16T09:29:54","151ee59d-9fc8-4482-9e04-b365b1e458b5"
"2026-07-16T15:30:11","1693600006","Av. Siqueira Campos","","Palmas","BR","2","0.0","5","327","-1","-10.294325","-48.33214","1784081881897","2026-07-15T02:18:01","2613c8db-9637-40d4-8e38-c2092c8c0dfc"
"2026-07-16T15:30:11","1090156748","Av. Siqueira Campos","","Palmas","BR","2","0.0","5","979","-1","-10.298359","-48.32771","1783563941797","2026-07-09T02:25:41","e944a470-62d5-4656-aaf0-087383708928"
"2026-07-16T15:30:11","1851288576","",,"Palmas","BR","1","0.0","5","36","-1","-10.258352","-48.316498","1784019161779","2026-07-14T08:52:41","341a3583-4137-4e82-bfbb-a67b5e845593"
"2026-07-16T15:30:11","84152126","ACNE 1 Rua NE-3","Av. NS-2","Palmas","BR","1","3.81","3","251","65","-10.182543","-48.328914","1784226424609","2026-07-16T18:27:04",
"2026-07-16T15:30:11","84562224","ARSE 72 Al. 8","ARSE 72 Al. 15","Palmas","BR","1","3.35","3","174","128","-10.228276","-48.320885","1784226573628","2026-07-16T18:29:33",
"2026-07-16T15:30:11","1694226848","",,"Palmas","BR","1","0.0","5","15","-1","-10.258365","-48.316918","1783904330428","2026-07-13T00:58:50","06d504d6-dac0-4c04-9329-7777206ab7a2"
"2026-07-16T15:30:11","223991394","",,"Palmas","BR","1","0.0","5","21","-1","-10.258363","-48.316757","1783180963404","2026-07-04T16:02:43","d984add8-2949-4ac0-81b5-2aa666f8ed15"
"2026-07-16T15:30:11","1693573164","","","Palmas","BR","1","0.0","5","86","-1","-10.258278","-48.315151","1784081882190","2026-07-15T02:18:02","0584e645-bcd7-4670-a8e4-2c08a6763039"
"2026-07-16T15:30:11","1877412378","",,"Palmas","BR","1","0.0","5","86","-1","-10.258277","-48.315151","1784194127349","2026-07-16T09:28:47","95d9d88f-a5e9-4a1f-a5e3-d31635a7afc6"
"2026-07-16T15:30:11","1697990376","Av. Siqueira Campos","","Palmas","BR","2","0.0","5","979","-1","-10.298359","-48.32771","1783909046043","2026-07-13T02:17:26","128eda9c-f215-485b-9c7c-a1544bb8c545"
"2026-07-16T15:35:12","1764083300","Av. Siqueira Campos","","Palmas","BR","2","0.0","5","155","-1","-10.292304","-48.332966","1782872109418","2026-07-01T02:15:09","78af3b54-3dea-4f10-8eb5-5fb4a34eaabb"
"2026-07-16T15:35:12","1275283552","","Av. NS-10","Palmas","BR","1","0.0","5","70","-1","-10.258317","-48.317258","1782526649111","2026-06-27T02:17:29","3c3cc392-5d12-48d2-a44d-55f1688e96a0"
"2026-07-16T15:35:12","1693600118","Av. Siqueira Campos","","Palmas","BR","2","0.0","5","155","-1","-10.292304","-48.332966","1784081883010","2026-07-15T02:18:03","af3fc386-180b-4082-a64c-64efe9627b8d"
"2026-07-16T15:35:12","1764089184","",,"Palmas","BR","1","0.0","5","45","-1","-10.25844","-48.317041","1782872178272","2026-07-01T02:16:18","972e31c2-cd12-4c0a-b3ee-1530d2e74b4f"
"2026-07-16T15:35:12","84879848","Av. M",,"Palmas","BR","2","3.58","4","150","138","-10.323969","-48.311447","1784226793043","2026-07-16T18:33:13",
"2026-07-16T15:35:12","1693596122","",,"Palmas","BR","1","0.0","5","36","-1","-10.258352","-48.316498","1784081881899","2026-07-15T02:18:01","f6a9d158-cb4d-43ec-b26e-e2687cf324bf"
"2026-07-16T15:35:12","1693618776","",,"Palmas","BR","1","0.0","5","63","-1","-10.258354","-48.315834","1784081881640","2026-07-15T02:18:01","dc9d4e1f-8670-4b13-9612-de4df2989f38"
"2026-07-16T15:35:12","1211995990","",,"Palmas","BR","1","0.0","5","21","-1","-10.258363","-48.316757","1782353685339","2026-06-25T02:14:45","a82a13e5-2525-4021-aa92-7892a48c9f70"
"2026-07-16T15:35:12","1088566738","",,"Palmas","BR","1","0.0","5","41","-1","-10.258569","-48.317408","1783562302500","2026-07-09T01:58:22","9740383b-d7ef-4ff2-9da7-1b82984db198"
"2026-07-16T15:35:12","1877536026","",,"Palmas","BR","1","0.0","5","23","-1","-10.258348","-48.316227","1784194194365","2026-07-16T09:29:54","67a7d0d3-9d61-4acd-8315-250cecac9790"
"2026-07-16T15:35:12","1693600032","",,"Palmas","BR","1","0.0","5","63","-1","-10.258354","-48.315834","1784081881899","2026-07-15T02:18:01","205a09b3-2e2f-4b45-86aa-4ea82a9ecd25"
"2026-07-16T15:35:12","1764118132","Av. Siqueira Campos","","Palmas","BR","2","0.0","5","327","-1","-10.294325","-48.33214","1782872110314","2026-07-01T02:15:10","2f08bda5-8a61-4942-836a-8f1ec7689705"
"2026-07-16T15:35:12","1877536028","",,"Palmas","BR","1","0.0","5","23","-1","-10.258348","-48.316227","1784194194365","2026-07-16T09:29:54","151ee59d-9fc8-4482-9e04-b365b1e458b5"
"2026-07-16T15:35:12","1693600006","Av. Siqueira Campos","","Palmas","BR","2","0.0","5","327","-1","-10.294325","-48.33214","1784081881897","2026-07-15T02:18:01","2613c8db-9637-40d4-8e38-c2092c8c0dfc"
"2026-07-16T15:35:12","1090156748","Av. Siqueira Campos","","Palmas","BR","2","0.0","5","979","-1","-10.298359","-48.32771","1783563941797","2026-07-09T02:25:41","e944a470-62d5-4656-aaf0-087383708928"
"2026-07-16T15:35:12","1851288576","",,"Palmas","BR","1","0.0","5","36","-1","-10.258352","-48.316498","1784019161779","2026-07-14T08:52:41","341a3583-4137-4e82-bfbb-a67b5e845593"
"2026-07-16T15:35:12","84929974","ACSE 1 Rua SE-1","Av. NS-2","Palmas","BR","1","9.44","3","429","113","-10.185595","-48.328367","1784226867997","2026-07-16T18:34:27",
"2026-07-16T15:35:12","85074568","ARSE 72 Al. 12","ARSE 72 Al. 15","Palmas","BR","1","4.33","3","210","140","-10.226482","-48.319555","1784226867232","2026-07-16T18:34:27",
"2026-07-16T15:35:12","1694226848","",,"Palmas","BR","1","0.0","5","15","-1","-10.258365","-48.316918","1783904330428","2026-07-13T00:58:50","06d504d6-dac0-4c04-9329-7777206ab7a2"
"2026-07-16T15:35:12","223991394","",,"Palmas","BR","1","0.0","5","21","-1","-10.258363","-48.316757","1783180963404","2026-07-04T16:02:43","d984add8-2949-4ac0-81b5-2aa666f8ed15"
"2026-07-16T15:35:12","1877412378","",,"Palmas","BR","1","0.0","5","86","-1","-10.258277","-48.315151","1784194127349","2026-07-16T09:28:47","95d9d88f-a5e9-4a1f-a5e3-d31635a7afc6"
"2026-07-16T15:35:12","1693573164","","","Palmas","BR","1","0.0","5","86","-1","-10.258278","-48.315151","1784081882190","2026-07-15T02:18:02","0584e645-bcd7-4670-a8e4-2c08a6763039"
"2026-07-16T15:35:12","1697990376","Av. Siqueira Campos","","Palmas","BR","2","0.0","5","979","-1","-10.298359","-48.32771","1783909046043","2026-07-13T02:17:26","128eda9c-f215-485b-9c7c-a1544bb8c545"
"2026-07-16T15:40:10","1764083300","Av. Siqueira Campos","","Palmas","BR","2","0.0","5","155","-1","-10.292304","-48.332966","1782872109418","2026-07-01T02:15:09","78af3b54-3dea-4f10-8eb5-5fb4a34eaabb"
"2026-07-16T15:40:10","1275283552","","Av. NS-10","Palmas","BR","1","0.0","5","70","-1","-10.258317","-48.317258","1782526649111","2026-06-27T02:17:29","3c3cc392-5d12-48d2-a44d-55f1688e96a0"
"2026-07-16T15:40:10","1693600118","Av. Siqueira Campos","","Palmas","BR","2","0.0","5","155","-1","-10.292304","-48.332966","1784081883010","2026-07-15T02:18:03","af3fc386-180b-4082-a64c-64efe9627b8d"
"2026-07-16T15:40:10","1764089184","",,"Palmas","BR","1","0.0","5","45","-1","-10.25844","-48.317041","1782872178272","2026-07-01T02:16:18","972e31c2-cd12-4c0a-b3ee-1530d2e74b4f"
"2026-07-16T15:40:10","84879848","Av. M",,"Palmas","BR","2","3.7","4","150","133","-10.323969","-48.311447","1784226793043","2026-07-16T18:33:13",
"2026-07-16T15:40:10","1693596122","",,"Palmas","BR","1","0.0","5","36","-1","-10.258352","-48.316498","1784081881899","2026-07-15T02:18:01","f6a9d158-cb4d-43ec-b26e-e2687cf324bf"
"2026-07-16T15:40:10","1693618776","",,"Palmas","BR","1","0.0","5","63","-1","-10.258354","-48.315834","1784081881640","2026-07-15T02:18:01","dc9d4e1f-8670-4b13-9612-de4df2989f38"
"2026-07-16T15:40:10","1211995990","",,"Palmas","BR","1","0.0","5","21","-1","-10.258363","-48.316757","1782353685339","2026-06-25T02:14:45","a82a13e5-2525-4021-aa92-7892a48c9f70"
"2026-07-16T15:40:10","1088566738","",,"Palmas","BR","1","0.0","5","41","-1","-10.258569","-48.317408","1783562302500","2026-07-09T01:58:22","9740383b-d7ef-4ff2-9da7-1b82984db198"
"2026-07-16T15:40:10","1877536026","",,"Palmas","BR","1","0.0","5","23","-1","-10.258348","-48.316227","1784194194365","2026-07-16T09:29:54","67a7d0d3-9d61-4acd-8315-250cecac9790"
"2026-07-16T15:40:10","1693600032","",,"Palmas","BR","1","0.0","5","63","-1","-10.258354","-48.315834","1784081881899","2026-07-15T02:18:01","205a09b3-2e2f-4b45-86aa-4ea82a9ecd25"
"2026-07-16T15:40:10","1764118132","Av. Siqueira Campos","","Palmas","BR","2","0.0","5","327","-1","-10.294325","-48.33214","1782872110314","2026-07-01T02:15:10","2f08bda5-8a61-4942-836a-8f1ec7689705"
"2026-07-16T15:40:10","1877536028","",,"Palmas","BR","1","0.0","5","23","-1","-10.258348","-48.316227","1784194194365","2026-07-16T09:29:54","151ee59d-9fc8-4482-9e04-b365b1e458b5"
"2026-07-16T15:40:10","1693600006","Av. Siqueira Campos","","Palmas","BR","2","0.0","5","327","-1","-10.294325","-48.33214","1784081881897","2026-07-15T02:18:01","2613c8db-9637-40d4-8e38-c2092c8c0dfc"
"2026-07-16T15:40:10","1090156748","Av. Siqueira Campos","","Palmas","BR","2","0.0","5","979","-1","-10.298359","-48.32771","1783563941797","2026-07-09T02:25:41","e944a470-62d5-4656-aaf0-087383708928"
"2026-07-16T15:40:10","1851288576","",,"Palmas","BR","1","0.0","5","36","-1","-10.258352","-48.316498","1784019161779","2026-07-14T08:52:41","341a3583-4137-4e82-bfbb-a67b5e845593"
"2026-07-16T15:40:10","84929974","ACSE 1 Rua SE-1","Av. NS-2","Palmas","BR","1","8.9","3","397","121","-10.185596","-48.327865","1784226867997","2026-07-16T18:34:27",
"2026-07-16T15:40:10","223991394","",,"Palmas","BR","1","0.0","5","21","-1","-10.258363","-48.316757","1783180963404","2026-07-04T16:02:43","d984add8-2949-4ac0-81b5-2aa666f8ed15"
"2026-07-16T15:40:10","1694226848","",,"Palmas","BR","1","0.0","5","15","-1","-10.258365","-48.316918","1783904330428","2026-07-13T00:58:50","06d504d6-dac0-4c04-9329-7777206ab7a2"
"2026-07-16T15:40:10","1877412378","",,"Palmas","BR","1","0.0","5","86","-1","-10.258277","-48.315151","1784194127349","2026-07-16T09:28:47","95d9d88f-a5e9-4a1f-a5e3-d31635a7afc6"
"2026-07-16T15:40:10","1693573164","","","Palmas","BR","1","0.0","5","86","-1","-10.258278","-48.315151","1784081882190","2026-07-15T02:18:02","0584e645-bcd7-4670-a8e4-2c08a6763039"
"2026-07-16T15:40:10","1697990376","Av. Siqueira Campos","","Palmas","BR","2","0.0","5","979","-1","-10.298359","-48.32771","1783909046043","2026-07-13T02:17:26","128eda9c-f215-485b-9c7c-a1544bb8c545"
"2026-07-16T15:45:12","1764083300","Av. Siqueira Campos","","Palmas","BR","2","0.0","5","155","-1","-10.292304","-48.332966","1782872109418","2026-07-01T02:15:09","78af3b54-3dea-4f10-8eb5-5fb4a34eaabb"
"2026-07-16T15:45:12","1275283552","","Av. NS-10","Palmas","BR","1","0.0","5","70","-1","-10.258317","-48.317258","1782526649111","2026-06-27T02:17:29","3c3cc392-5d12-48d2-a44d-55f1688e96a0"
"2026-07-16T15:45:12","1693600118","Av. Siqueira Campos","","Palmas","BR","2","0.0","5","155","-1","-10.292304","-48.332966","1784081883010","2026-07-15T02:18:03","af3fc386-180b-4082-a64c-64efe9627b8d"
"2026-07-16T15:45:12","1764089184","",,"Palmas","BR","1","0.0","5","45","-1","-10.25844","-48.317041","1782872178272","2026-07-01T02:16:18","972e31c2-cd12-4c0a-b3ee-1530d2e74b4f"
"2026-07-16T15:45:12","1693596122","",,"Palmas","BR","1","0.0","5","36","-1","-10.258352","-48.316498","1784081881899","2026-07-15T02:18:01","f6a9d158-cb4d-43ec-b26e-e2687cf324bf"
"2026-07-16T15:45:12","86109352","BR-010","","Palmas","BR","6","38.3","1","2492","79","-10.347791","-48.300407","1784227524885","2026-07-16T18:45:24",
"2026-07-16T15:45:12","1693618776","",,"Palmas","BR","1","0.0","5","63","-1","-10.258354","-48.315834","1784081881640","2026-07-15T02:18:01","dc9d4e1f-8670-4b13-9612-de4df2989f38"
"2026-07-16T15:45:12","1211995990","",,"Palmas","BR","1","0.0","5","21","-1","-10.258363","-48.316757","1782353685339","2026-06-25T02:14:45","a82a13e5-2525-4021-aa92-7892a48c9f70"
"2026-07-16T15:45:12","1088566738","",,"Palmas","BR","1","0.0","5","41","-1","-10.258569","-48.317408","1783562302500","2026-07-09T01:58:22","9740383b-d7ef-4ff2-9da7-1b82984db198"
"2026-07-16T15:45:12","1877536026","",,"Palmas","BR","1","0.0","5","23","-1","-10.258348","-48.316227","1784194194365","2026-07-16T09:29:54","67a7d0d3-9d61-4acd-8315-250cecac9790"
"2026-07-16T15:45:12","1693600032","",,"Palmas","BR","1","0.0","5","63","-1","-10.258354","-48.315834","1784081881899","2026-07-15T02:18:01","205a09b3-2e2f-4b45-86aa-4ea82a9ecd25"
"2026-07-16T15:45:12","1764118132","Av. Siqueira Campos","","Palmas","BR","2","0.0","5","327","-1","-10.294325","-48.33214","1782872110314","2026-07-01T02:15:10","2f08bda5-8a61-4942-836a-8f1ec7689705"
"2026-07-16T15:45:12","1877536028","",,"Palmas","BR","1","0.0","5","23","-1","-10.258348","-48.316227","1784194194365","2026-07-16T09:29:54","151ee59d-9fc8-4482-9e04-b365b1e458b5"
"2026-07-16T15:45:12","1693600006","Av. Siqueira Campos","","Palmas","BR","2","0.0","5","327","-1","-10.294325","-48.33214","1784081881897","2026-07-15T02:18:01","2613c8db-9637-40d4-8e38-c2092c8c0dfc"
"2026-07-16T15:45:12","1090156748","Av. Siqueira Campos","","Palmas","BR","2","0.0","5","979","-1","-10.298359","-48.32771","1783563941797","2026-07-09T02:25:41","e944a470-62d5-4656-aaf0-087383708928"
"2026-07-16T15:45:12","85949544","TO-050","","Palmas","BR","7","44.12","1","1989","69","-10.368888","-48.3034","1784227451228","2026-07-16T18:44:11",
"2026-07-16T15:45:12","1851288576","",,"Palmas","BR","1","0.0","5","36","-1","-10.258352","-48.316498","1784019161779","2026-07-14T08:52:41","341a3583-4137-4e82-bfbb-a67b5e845593"
"2026-07-16T15:45:12","84929974","ACSE 1 Rua SE-1","Av. NS-2","Palmas","BR","1","9.23","3","397","115","-10.185596","-48.327865","1784226867997","2026-07-16T18:34:27",
"2026-07-16T15:45:12","223991394","",,"Palmas","BR","1","0.0","5","21","-1","-10.258363","-48.316757","1783180963404","2026-07-04T16:02:43","d984add8-2949-4ac0-81b5-2aa666f8ed15"
"2026-07-16T15:45:12","1694226848","",,"Palmas","BR","1","0.0","5","15","-1","-10.258365","-48.316918","1783904330428","2026-07-13T00:58:50","06d504d6-dac0-4c04-9329-7777206ab7a2"
"2026-07-16T15:45:12","1877412378","",,"Palmas","BR","1","0.0","5","86","-1","-10.258277","-48.315151","1784194127349","2026-07-16T09:28:47","95d9d88f-a5e9-4a1f-a5e3-d31635a7afc6"
"2026-07-16T15:45:12","1697990376","Av. Siqueira Campos","","Palmas","BR","2","0.0","5","979","-1","-10.298359","-48.32771","1783909046043","2026-07-13T02:17:26","128eda9c-f215-485b-9c7c-a1544bb8c545"
"2026-07-16T15:45:12","86187390","","Av. NS-7","Palmas","BR","2","5.03","3","234","134","-10.214372","-48.349561","1784227523802","2026-07-16T18:45:23",
"2026-07-16T15:45:12","1693573164","","","Palmas","BR","1","0.0","5","86","-1","-10.258278","-48.315151","1784081882190","2026-07-15T02:18:02","0584e645-bcd7-4670-a8e4-2c08a6763039"
"2026-07-16T18:50:09","1764083300","Av. Siqueira Campos","","Palmas","BR","2","0.0","5","155","-1","-10.292304","-48.332966","1782872109418","2026-07-01T02:15:09","78af3b54-3dea-4f10-8eb5-5fb4a34eaabb"
"2026-07-16T18:50:09","1275283552","","Av. NS-10","Palmas","BR","1","0.0","5","70","-1","-10.258317","-48.317258","1782526649111","2026-06-27T02:17:29","3c3cc392-5d12-48d2-a44d-55f1688e96a0"
"2026-07-16T18:50:09","1693600118","Av. Siqueira Campos","","Palmas","BR","2","0.0","5","155","-1","-10.292304","-48.332966","1784081883010","2026-07-15T02:18:03","af3fc386-180b-4082-a64c-64efe9627b8d"
"2026-07-16T18:50:09","1764089184","",,"Palmas","BR","1","0.0","5","45","-1","-10.25844","-48.317041","1782872178272","2026-07-01T02:16:18","972e31c2-cd12-4c0a-b3ee-1530d2e74b4f"
"2026-07-16T18:50:09","1693596122","",,"Palmas","BR","1","0.0","5","36","-1","-10.258352","-48.316498","1784081881899","2026-07-15T02:18:01","f6a9d158-cb4d-43ec-b26e-e2687cf324bf"
"2026-07-16T18:50:09","1693618776","",,"Palmas","BR","1","0.0","5","63","-1","-10.258354","-48.315834","1784081881640","2026-07-15T02:18:01","dc9d4e1f-8670-4b13-9612-de4df2989f38"
"2026-07-16T18:50:09","1211995990","",,"Palmas","BR","1","0.0","5","21","-1","-10.258363","-48.316757","1782353685339","2026-06-25T02:14:45","a82a13e5-2525-4021-aa92-7892a48c9f70"
"2026-07-16T18:50:09","1088566738","",,"Palmas","BR","1","0.0","5","41","-1","-10.258569","-48.317408","1783562302500","2026-07-09T01:58:22","9740383b-d7ef-4ff2-9da7-1b82984db198"
"2026-07-16T18:50:09","1693600032","",,"Palmas","BR","1","0.0","5","63","-1","-10.258354","-48.315834","1784081881899","2026-07-15T02:18:01","205a09b3-2e2f-4b45-86aa-4ea82a9ecd25"
"2026-07-16T18:50:09","1877536026","",,"Palmas","BR","1","0.0","5","23","-1","-10.258348","-48.316227","1784194194365","2026-07-16T09:29:54","67a7d0d3-9d61-4acd-8315-250cecac9790"
"2026-07-16T18:50:09","1764118132","Av. Siqueira Campos","","Palmas","BR","2","0.0","5","327","-1","-10.294325","-48.33214","1782872110314","2026-07-01T02:15:10","2f08bda5-8a61-4942-836a-8f1ec7689705"
"2026-07-16T18:50:09","1877536028","",,"Palmas","BR","1","0.0","5","23","-1","-10.258348","-48.316227","1784194194365","2026-07-16T09:29:54","151ee59d-9fc8-4482-9e04-b365b1e458b5"
"2026-07-16T18:50:09","1693600006","Av. Siqueira Campos","","Palmas","BR","2","0.0","5","327","-1","-10.294325","-48.33214","1784081881897","2026-07-15T02:18:01","2613c8db-9637-40d4-8e38-c2092c8c0dfc"
"2026-07-16T18:50:09","1090156748","Av. Siqueira Campos","","Palmas","BR","2","0.0","5","979","-1","-10.298359","-48.32771","1783563941797","2026-07-09T02:25:41","e944a470-62d5-4656-aaf0-087383708928"
"2026-07-16T18:50:09","86718780","Av. LO-27","","Palmas","BR","2","4.84","4","449","291","-10.25551","-48.338157","1784227818737","2026-07-16T18:50:18",
"2026-07-16T18:50:09","1851288576","",,"Palmas","BR","1","0.0","5","36","-1","-10.258352","-48.316498","1784019161779","2026-07-14T08:52:41","341a3583-4137-4e82-bfbb-a67b5e845593"
"2026-07-16T18:50:09","1694226848","",,"Palmas","BR","1","0.0","5","15","-1","-10.258365","-48.316918","1783904330428","2026-07-13T00:58:50","06d504d6-dac0-4c04-9329-7777206ab7a2"
"2026-07-16T18:50:09","223991394","",,"Palmas","BR","1","0.0","5","21","-1","-10.258363","-48.316757","1783180963404","2026-07-04T16:02:43","d984add8-2949-4ac0-81b5-2aa666f8ed15"
"2026-07-16T18:50:09","1877412378","",,"Palmas","BR","1","0.0","5","86","-1","-10.258277","-48.315151","1784194127349","2026-07-16T09:28:47","95d9d88f-a5e9-4a1f-a5e3-d31635a7afc6"
"2026-07-16T18:50:09","1693573164","","","Palmas","BR","1","0.0","5","86","-1","-10.258278","-48.315151","1784081882190","2026-07-15T02:18:02","0584e645-bcd7-4670-a8e4-2c08a6763039"
"2026-07-16T18:50:09","1697990376","Av. Siqueira Campos","","Palmas","BR","2","0.0","5","979","-1","-10.298359","-48.32771","1783909046043","2026-07-13T02:17:26","128eda9c-f215-485b-9c7c-a1544bb8c545"
"2026-07-16T18:55:12","1764083300","Av. Siqueira Campos","","Palmas","BR","2","0.0","5","155","-1","-10.292304","-48.332966","1782872109418","2026-07-01T02:15:09","78af3b54-3dea-4f10-8eb5-5fb4a34eaabb"
"2026-07-16T18:55:12","1275283552","","Av. NS-10","Palmas","BR","1","0.0","5","70","-1","-10.258317","-48.317258","1782526649111","2026-06-27T02:17:29","3c3cc392-5d12-48d2-a44d-55f1688e96a0"
"2026-07-16T18:55:12","1693600118","Av. Siqueira Campos","","Palmas","BR","2","0.0","5","155","-1","-10.292304","-48.332966","1784081883010","2026-07-15T02:18:03","af3fc386-180b-4082-a64c-64efe9627b8d"
"2026-07-16T18:55:12","1764089184","",,"Palmas","BR","1","0.0","5","45","-1","-10.25844","-48.317041","1782872178272","2026-07-01T02:16:18","972e31c2-cd12-4c0a-b3ee-1530d2e74b4f"
"2026-07-16T18:55:12","1693596122","",,"Palmas","BR","1","0.0","5","36","-1","-10.258352","-48.316498","1784081881899","2026-07-15T02:18:01","f6a9d158-cb4d-43ec-b26e-e2687cf324bf"
"2026-07-16T18:55:12","87140824","ACNE 1 Rua NE-1","Av. NS-4","Palmas","BR","1","11.66","2","553","71","-10.18344","-48.327494","1784228110433","2026-07-16T18:55:10",
"2026-07-16T18:55:12","1693618776","",,"Palmas","BR","1","0.0","5","63","-1","-10.258354","-48.315834","1784081881640","2026-07-15T02:18:01","dc9d4e1f-8670-4b13-9612-de4df2989f38"
"2026-07-16T18:55:12","1211995990","",,"Palmas","BR","1","0.0","5","21","-1","-10.258363","-48.316757","1782353685339","2026-06-25T02:14:45","a82a13e5-2525-4021-aa92-7892a48c9f70"
"2026-07-16T18:55:12","1088566738","",,"Palmas","BR","1","0.0","5","41","-1","-10.258569","-48.317408","1783562302500","2026-07-09T01:58:22","9740383b-d7ef-4ff2-9da7-1b82984db198"
"2026-07-16T18:55:12","1877536026","",,"Palmas","BR","1","0.0","5","23","-1","-10.258348","-48.316227","1784194194365","2026-07-16T09:29:54","67a7d0d3-9d61-4acd-8315-250cecac9790"
"2026-07-16T18:55:12","1693600032","",,"Palmas","BR","1","0.0","5","63","-1","-10.258354","-48.315834","1784081881899","2026-07-15T02:18:01","205a09b3-2e2f-4b45-86aa-4ea82a9ecd25"
"2026-07-16T18:55:12","1764118132","Av. Siqueira Campos","","Palmas","BR","2","0.0","5","327","-1","-10.294325","-48.33214","1782872110314","2026-07-01T02:15:10","2f08bda5-8a61-4942-836a-8f1ec7689705"
"2026-07-16T18:55:12","1877536028","",,"Palmas","BR","1","0.0","5","23","-1","-10.258348","-48.316227","1784194194365","2026-07-16T09:29:54","151ee59d-9fc8-4482-9e04-b365b1e458b5"
"2026-07-16T18:55:12","1693600006","Av. Siqueira Campos","","Palmas","BR","2","0.0","5","327","-1","-10.294325","-48.33214","1784081881897","2026-07-15T02:18:01","2613c8db-9637-40d4-8e38-c2092c8c0dfc"
"2026-07-16T18:55:12","1090156748","Av. Siqueira Campos","","Palmas","BR","2","0.0","5","979","-1","-10.298359","-48.32771","1783563941797","2026-07-09T02:25:41","e944a470-62d5-4656-aaf0-087383708928"
"2026-07-16T18:55:12","1851288576","",,"Palmas","BR","1","0.0","5","36","-1","-10.258352","-48.316498","1784019161779","2026-07-14T08:52:41","341a3583-4137-4e82-bfbb-a67b5e845593"
"2026-07-16T18:55:12","1694226848","",,"Palmas","BR","1","0.0","5","15","-1","-10.258365","-48.316918","1783904330428","2026-07-13T00:58:50","06d504d6-dac0-4c04-9329-7777206ab7a2"
"2026-07-16T18:55:12","223991394","",,"Palmas","BR","1","0.0","5","21","-1","-10.258363","-48.316757","1783180963404","2026-07-04T16:02:43","d984add8-2949-4ac0-81b5-2aa666f8ed15"
"2026-07-16T18:55:12","1877412378","",,"Palmas","BR","1","0.0","5","86","-1","-10.258277","-48.315151","1784194127349","2026-07-16T09:28:47","95d9d88f-a5e9-4a1f-a5e3-d31635a7afc6"
"2026-07-16T18:55:12","1697990376","Av. Siqueira Campos","","Palmas","BR","2","0.0","5","979","-1","-10.298359","-48.32771","1783909046043","2026-07-13T02:17:26","128eda9c-f215-485b-9c7c-a1544bb8c545"
"2026-07-16T18:55:12","1693573164","","","Palmas","BR","1","0.0","5","86","-1","-10.258278","-48.315151","1784081882190","2026-07-15T02:18:02","0584e645-bcd7-4670-a8e4-2c08a6763039"
"2026-07-16T18:55:12","87215084","",,"Palmas","BR","1","0.52","4","190","1234","-10.220626","-48.330681","1784228112769","2026-07-16T18:55:12",
"2026-07-16T19:00:16","1764083300","Av. Siqueira Campos","","Palmas","BR","2","0.0","5","155","-1","-10.292304","-48.332966","1782872109418","2026-07-01T02:15:09","78af3b54-3dea-4f10-8eb5-5fb4a34eaabb"
"2026-07-16T19:00:16","1275283552","","Av. NS-10","Palmas","BR","1","0.0","5","70","-1","-10.258317","-48.317258","1782526649111","2026-06-27T02:17:29","3c3cc392-5d12-48d2-a44d-55f1688e96a0"
"2026-07-16T19:00:16","1693600118","Av. Siqueira Campos","","Palmas","BR","2","0.0","5","155","-1","-10.292304","-48.332966","1784081883010","2026-07-15T02:18:03","af3fc386-180b-4082-a64c-64efe9627b8d"
"2026-07-16T19:00:16","1764089184","",,"Palmas","BR","1","0.0","5","45","-1","-10.25844","-48.317041","1782872178272","2026-07-01T02:16:18","972e31c2-cd12-4c0a-b3ee-1530d2e74b4f"
"2026-07-16T19:00:16","1693596122","",,"Palmas","BR","1","0.0","5","36","-1","-10.258352","-48.316498","1784081881899","2026-07-15T02:18:01","f6a9d158-cb4d-43ec-b26e-e2687cf324bf"
"2026-07-16T19:00:16","1693618776","",,"Palmas","BR","1","0.0","5","63","-1","-10.258354","-48.315834","1784081881640","2026-07-15T02:18:01","dc9d4e1f-8670-4b13-9612-de4df2989f38"
"2026-07-16T19:00:16","87626514","ASR-SE 25 Av. SR-2","ASR-SE 25 Rua SR 15","Palmas","BR","2","6.09","4","216","110","-10.197566","-48.306569","1784228331799","2026-07-16T18:58:51",
"2026-07-16T19:00:16","1211995990","",,"Palmas","BR","1","0.0","5","21","-1","-10.258363","-48.316757","1782353685339","2026-06-25T02:14:45","a82a13e5-2525-4021-aa92-7892a48c9f70"
"2026-07-16T19:00:16","1088566738","",,"Palmas","BR","1","0.0","5","41","-1","-10.258569","-48.317408","1783562302500","2026-07-09T01:58:22","9740383b-d7ef-4ff2-9da7-1b82984db198"
"2026-07-16T19:00:16","1877536026","",,"Palmas","BR","1","0.0","5","23","-1","-10.258348","-48.316227","1784194194365","2026-07-16T09:29:54","67a7d0d3-9d61-4acd-8315-250cecac9790"
"2026-07-16T19:00:16","1693600032","",,"Palmas","BR","1","0.0","5","63","-1","-10.258354","-48.315834","1784081881899","2026-07-15T02:18:01","205a09b3-2e2f-4b45-86aa-4ea82a9ecd25"
"2026-07-16T19:00:16","1764118132","Av. Siqueira Campos","","Palmas","BR","2","0.0","5","327","-1","-10.294325","-48.33214","1782872110314","2026-07-01T02:15:10","2f08bda5-8a61-4942-836a-8f1ec7689705"
"2026-07-16T19:00:16","1877536028","",,"Palmas","BR","1","0.0","5","23","-1","-10.258348","-48.316227","1784194194365","2026-07-16T09:29:54","151ee59d-9fc8-4482-9e04-b365b1e458b5"
"2026-07-16T19:00:16","1693600006","Av. Siqueira Campos","","Palmas","BR","2","0.0","5","327","-1","-10.294325","-48.33214","1784081881897","2026-07-15T02:18:01","2613c8db-9637-40d4-8e38-c2092c8c0dfc"
"2026-07-16T19:00:16","1090156748","Av. Siqueira Campos","","Palmas","BR","2","0.0","5","979","-1","-10.298359","-48.32771","1783563941797","2026-07-09T02:25:41","e944a470-62d5-4656-aaf0-087383708928"
"2026-07-16T19:00:16","1851288576","",,"Palmas","BR","1","0.0","5","36","-1","-10.258352","-48.316498","1784019161779","2026-07-14T08:52:41","341a3583-4137-4e82-bfbb-a67b5e845593"
"2026-07-16T19:00:16","87683938","","Av. NS-2","Palmas","BR","2","1.21","4","447","1226","-10.220847","-48.330625","1784228406804","2026-07-16T19:00:06",
"2026-07-16T19:00:16","1694226848","",,"Palmas","BR","1","0.0","5","15","-1","-10.258365","-48.316918","1783904330428","2026-07-13T00:58:50","06d504d6-dac0-4c04-9329-7777206ab7a2"
"2026-07-16T19:00:16","223991394","",,"Palmas","BR","1","0.0","5","21","-1","-10.258363","-48.316757","1783180963404","2026-07-04T16:02:43","d984add8-2949-4ac0-81b5-2aa666f8ed15"
"2026-07-16T19:00:16","1877412378","",,"Palmas","BR","1","0.0","5","86","-1","-10.258277","-48.315151","1784194127349","2026-07-16T09:28:47","95d9d88f-a5e9-4a1f-a5e3-d31635a7afc6"
"2026-07-16T19:00:16","1697990376","Av. Siqueira Campos","","Palmas","BR","2","0.0","5","979","-1","-10.298359","-48.32771","1783909046043","2026-07-13T02:17:26","128eda9c-f215-485b-9c7c-a1544bb8c545"
"2026-07-16T19:00:16","1693573164","","","Palmas","BR","1","0.0","5","86","-1","-10.258278","-48.315151","1784081882190","2026-07-15T02:18:02","0584e645-bcd7-4670-a8e4-2c08a6763039"
"2026-07-16T19:05:11","1764083300","Av. Siqueira Campos","","Palmas","BR","2","0.0","5","155","-1","-10.292304","-48.332966","1782872109418","2026-07-01T02:15:09","78af3b54-3dea-4f10-8eb5-5fb4a34eaabb"
"2026-07-16T19:05:11","1275283552","","Av. NS-10","Palmas","BR","1","0.0","5","70","-1","-10.258317","-48.317258","1782526649111","2026-06-27T02:17:29","3c3cc392-5d12-48d2-a44d-55f1688e96a0"
"2026-07-16T19:05:11","1693600118","Av. Siqueira Campos","","Palmas","BR","2","0.0","5","155","-1","-10.292304","-48.332966","1784081883010","2026-07-15T02:18:03","af3fc386-180b-4082-a64c-64efe9627b8d"
"2026-07-16T19:05:11","1764089184","",,"Palmas","BR","1","0.0","5","45","-1","-10.25844","-48.317041","1782872178272","2026-07-01T02:16:18","972e31c2-cd12-4c0a-b3ee-1530d2e74b4f"
"2026-07-16T19:05:11","1693596122","",,"Palmas","BR","1","0.0","5","36","-1","-10.258352","-48.316498","1784081881899","2026-07-15T02:18:01","f6a9d158-cb4d-43ec-b26e-e2687cf324bf"
"2026-07-16T19:05:11","1693618776","",,"Palmas","BR","1","0.0","5","63","-1","-10.258354","-48.315834","1784081881640","2026-07-15T02:18:01","dc9d4e1f-8670-4b13-9612-de4df2989f38"
"2026-07-16T19:05:11","87626514","ASR-SE 25 Av. SR-2","ASR-SE 25 Rua SR 15","Palmas","BR","2","6.25","4","216","107","-10.197566","-48.306569","1784228331799","2026-07-16T18:58:51",
"2026-07-16T19:05:11","1211995990","",,"Palmas","BR","1","0.0","5","21","-1","-10.258363","-48.316757","1782353685339","2026-06-25T02:14:45","a82a13e5-2525-4021-aa92-7892a48c9f70"
"2026-07-16T19:05:11","1088566738","",,"Palmas","BR","1","0.0","5","41","-1","-10.258569","-48.317408","1783562302500","2026-07-09T01:58:22","9740383b-d7ef-4ff2-9da7-1b82984db198"
"2026-07-16T19:05:11","1877536026","",,"Palmas","BR","1","0.0","5","23","-1","-10.258348","-48.316227","1784194194365","2026-07-16T09:29:54","67a7d0d3-9d61-4acd-8315-250cecac9790"
"2026-07-16T19:05:11","1764118132","Av. Siqueira Campos","","Palmas","BR","2","0.0","5","327","-1","-10.294325","-48.33214","1782872110314","2026-07-01T02:15:10","2f08bda5-8a61-4942-836a-8f1ec7689705"
"2026-07-16T19:05:11","1693600032","",,"Palmas","BR","1","0.0","5","63","-1","-10.258354","-48.315834","1784081881899","2026-07-15T02:18:01","205a09b3-2e2f-4b45-86aa-4ea82a9ecd25"
"2026-07-16T19:05:11","1877536028","",,"Palmas","BR","1","0.0","5","23","-1","-10.258348","-48.316227","1784194194365","2026-07-16T09:29:54","151ee59d-9fc8-4482-9e04-b365b1e458b5"
"2026-07-16T19:05:11","1693600006","Av. Siqueira Campos","","Palmas","BR","2","0.0","5","327","-1","-10.294325","-48.33214","1784081881897","2026-07-15T02:18:01","2613c8db-9637-40d4-8e38-c2092c8c0dfc"
"2026-07-16T19:05:11","1090156748","Av. Siqueira Campos","","Palmas","BR","2","0.0","5","979","-1","-10.298359","-48.32771","1783563941797","2026-07-09T02:25:41","e944a470-62d5-4656-aaf0-087383708928"
"2026-07-16T19:05:11","88013126","Av. NS-5","","Palmas","BR","2","8.61","4","357","125","-10.215445","-48.343494","1784228631691","2026-07-16T19:03:51",
"2026-07-16T19:05:11","1851288576","",,"Palmas","BR","1","0.0","5","36","-1","-10.258352","-48.316498","1784019161779","2026-07-14T08:52:41","341a3583-4137-4e82-bfbb-a67b5e845593"
"2026-07-16T19:05:11","87998628","TO-010","Av. NS 15","Palmas","BR","7","37.29","2","1868","104","-10.146425","-48.302015","1784228554507","2026-07-16T19:02:34",
"2026-07-16T19:05:11","223991394","",,"Palmas","BR","1","0.0","5","21","-1","-10.258363","-48.316757","1783180963404","2026-07-04T16:02:43","d984add8-2949-4ac0-81b5-2aa666f8ed15"
"2026-07-16T19:05:11","1694226848","",,"Palmas","BR","1","0.0","5","15","-1","-10.258365","-48.316918","1783904330428","2026-07-13T00:58:50","06d504d6-dac0-4c04-9329-7777206ab7a2"
"2026-07-16T19:05:11","1877412378","",,"Palmas","BR","1","0.0","5","86","-1","-10.258277","-48.315151","1784194127349","2026-07-16T09:28:47","95d9d88f-a5e9-4a1f-a5e3-d31635a7afc6"
"2026-07-16T19:05:11","1693573164","","","Palmas","BR","1","0.0","5","86","-1","-10.258278","-48.315151","1784081882190","2026-07-15T02:18:02","0584e645-bcd7-4670-a8e4-2c08a6763039"
"2026-07-16T19:05:11","1697990376","Av. Siqueira Campos","","Palmas","BR","2","0.0","5","979","-1","-10.298359","-48.32771","1783909046043","2026-07-13T02:17:26","128eda9c-f215-485b-9c7c-a1544bb8c545"
"2026-07-16T19:10:12","1764083300","Av. Siqueira Campos","","Palmas","BR","2","0.0","5","155","-1","-10.292304","-48.332966","1782872109418","2026-07-01T02:15:09","78af3b54-3dea-4f10-8eb5-5fb4a34eaabb"
"2026-07-16T19:10:12","1275283552","","Av. NS-10","Palmas","BR","1","0.0","5","70","-1","-10.258317","-48.317258","1782526649111","2026-06-27T02:17:29","3c3cc392-5d12-48d2-a44d-55f1688e96a0"
"2026-07-16T19:10:12","1693600118","Av. Siqueira Campos","","Palmas","BR","2","0.0","5","155","-1","-10.292304","-48.332966","1784081883010","2026-07-15T02:18:03","af3fc386-180b-4082-a64c-64efe9627b8d"
"2026-07-16T19:10:12","1764089184","",,"Palmas","BR","1","0.0","5","45","-1","-10.25844","-48.317041","1782872178272","2026-07-01T02:16:18","972e31c2-cd12-4c0a-b3ee-1530d2e74b4f"
"2026-07-16T19:10:12","1693596122","",,"Palmas","BR","1","0.0","5","36","-1","-10.258352","-48.316498","1784081881899","2026-07-15T02:18:01","f6a9d158-cb4d-43ec-b26e-e2687cf324bf"
"2026-07-16T19:10:12","1693618776","",,"Palmas","BR","1","0.0","5","63","-1","-10.258354","-48.315834","1784081881640","2026-07-15T02:18:01","dc9d4e1f-8670-4b13-9612-de4df2989f38"
"2026-07-16T19:10:12","1211995990","",,"Palmas","BR","1","0.0","5","21","-1","-10.258363","-48.316757","1782353685339","2026-06-25T02:14:45","a82a13e5-2525-4021-aa92-7892a48c9f70"
"2026-07-16T19:10:12","1088566738","",,"Palmas","BR","1","0.0","5","41","-1","-10.258569","-48.317408","1783562302500","2026-07-09T01:58:22","9740383b-d7ef-4ff2-9da7-1b82984db198"
"2026-07-16T19:10:12","1877536026","",,"Palmas","BR","1","0.0","5","23","-1","-10.258348","-48.316227","1784194194365","2026-07-16T09:29:54","67a7d0d3-9d61-4acd-8315-250cecac9790"
"2026-07-16T19:10:12","1693600032","",,"Palmas","BR","1","0.0","5","63","-1","-10.258354","-48.315834","1784081881899","2026-07-15T02:18:01","205a09b3-2e2f-4b45-86aa-4ea82a9ecd25"
"2026-07-16T19:10:12","1764118132","Av. Siqueira Campos","","Palmas","BR","2","0.0","5","327","-1","-10.294325","-48.33214","1782872110314","2026-07-01T02:15:10","2f08bda5-8a61-4942-836a-8f1ec7689705"
"2026-07-16T19:10:12","1877536028","",,"Palmas","BR","1","0.0","5","23","-1","-10.258348","-48.316227","1784194194365","2026-07-16T09:29:54","151ee59d-9fc8-4482-9e04-b365b1e458b5"
"2026-07-16T19:10:12","1693600006","Av. Siqueira Campos","","Palmas","BR","2","0.0","5","327","-1","-10.294325","-48.33214","1784081881897","2026-07-15T02:18:01","2613c8db-9637-40d4-8e38-c2092c8c0dfc"
"2026-07-16T19:10:12","1090156748","Av. Siqueira Campos","","Palmas","BR","2","0.0","5","979","-1","-10.298359","-48.32771","1783563941797","2026-07-09T02:25:41","e944a470-62d5-4656-aaf0-087383708928"
"2026-07-16T19:10:12","1851288576","",,"Palmas","BR","1","0.0","5","36","-1","-10.258352","-48.316498","1784019161779","2026-07-14T08:52:41","341a3583-4137-4e82-bfbb-a67b5e845593"
"2026-07-16T19:10:12","88013126","Av. NS-5","","Palmas","BR","2","8.92","4","357","120","-10.215445","-48.343494","1784228631691","2026-07-16T19:03:51",
"2026-07-16T19:10:12","87998628","TO-010","Av. NS 15","Palmas","BR","7","34.65","2","1868","118","-10.146425","-48.302015","1784228554507","2026-07-16T19:02:34",
"2026-07-16T19:10:12","88637138","",,"Palmas","BR","1","1.64","2","164","194","-10.25645","-48.312919","1784229006823","2026-07-16T19:10:06",
"2026-07-16T19:10:12","1694226848","",,"Palmas","BR","1","0.0","5","15","-1","-10.258365","-48.316918","1783904330428","2026-07-13T00:58:50","06d504d6-dac0-4c04-9329-7777206ab7a2"
"2026-07-16T19:10:12","223991394","",,"Palmas","BR","1","0.0","5","21","-1","-10.258363","-48.316757","1783180963404","2026-07-04T16:02:43","d984add8-2949-4ac0-81b5-2aa666f8ed15"
"2026-07-16T19:10:12","1877412378","",,"Palmas","BR","1","0.0","5","86","-1","-10.258277","-48.315151","1784194127349","2026-07-16T09:28:47","95d9d88f-a5e9-4a1f-a5e3-d31635a7afc6"
"2026-07-16T19:10:12","1693573164","","","Palmas","BR","1","0.0","5","86","-1","-10.258278","-48.315151","1784081882190","2026-07-15T02:18:02","0584e645-bcd7-4670-a8e4-2c08a6763039"
"2026-07-16T19:10:12","1697990376","Av. Siqueira Campos","","Palmas","BR","2","0.0","5","979","-1","-10.298359","-48.32771","1783909046043","2026-07-13T02:17:26","128eda9c-f215-485b-9c7c-a1544bb8c545"
"2026-07-16T19:10:12","88257244","",,"Palmas","BR","1","12.09","2","427","73","-10.263203","-48.315537","1784228785897","2026-07-16T19:06:25",
"2026-07-16T19:15:11","1764083300","Av. Siqueira Campos","","Palmas","BR","2","0.0","5","155","-1","-10.292304","-48.332966","1782872109418","2026-07-01T02:15:09","78af3b54-3dea-4f10-8eb5-5fb4a34eaabb"
"2026-07-16T19:15:11","1275283552","","Av. NS-10","Palmas","BR","1","0.0","5","70","-1","-10.258317","-48.317258","1782526649111","2026-06-27T02:17:29","3c3cc392-5d12-48d2-a44d-55f1688e96a0"
"2026-07-16T19:15:11","1693600118","Av. Siqueira Campos","","Palmas","BR","2","0.0","5","155","-1","-10.292304","-48.332966","1784081883010","2026-07-15T02:18:03","af3fc386-180b-4082-a64c-64efe9627b8d"
"2026-07-16T19:15:11","1764089184","",,"Palmas","BR","1","0.0","5","45","-1","-10.25844","-48.317041","1782872178272","2026-07-01T02:16:18","972e31c2-cd12-4c0a-b3ee-1530d2e74b4f"
"2026-07-16T19:15:11","1693596122","",,"Palmas","BR","1","0.0","5","36","-1","-10.258352","-48.316498","1784081881899","2026-07-15T02:18:01","f6a9d158-cb4d-43ec-b26e-e2687cf324bf"
"2026-07-16T19:15:11","1693618776","",,"Palmas","BR","1","0.0","5","63","-1","-10.258354","-48.315834","1784081881640","2026-07-15T02:18:01","dc9d4e1f-8670-4b13-9612-de4df2989f38"
"2026-07-16T19:15:11","1211995990","",,"Palmas","BR","1","0.0","5","21","-1","-10.258363","-48.316757","1782353685339","2026-06-25T02:14:45","a82a13e5-2525-4021-aa92-7892a48c9f70"
"2026-07-16T19:15:11","1088566738","",,"Palmas","BR","1","0.0","5","41","-1","-10.258569","-48.317408","1783562302500","2026-07-09T01:58:22","9740383b-d7ef-4ff2-9da7-1b82984db198"
"2026-07-16T19:15:11","1877536026","",,"Palmas","BR","1","0.0","5","23","-1","-10.258348","-48.316227","1784194194365","2026-07-16T09:29:54","67a7d0d3-9d61-4acd-8315-250cecac9790"
"2026-07-16T19:15:11","1764118132","Av. Siqueira Campos","","Palmas","BR","2","0.0","5","327","-1","-10.294325","-48.33214","1782872110314","2026-07-01T02:15:10","2f08bda5-8a61-4942-836a-8f1ec7689705"
"2026-07-16T19:15:11","1693600032","",,"Palmas","BR","1","0.0","5","63","-1","-10.258354","-48.315834","1784081881899","2026-07-15T02:18:01","205a09b3-2e2f-4b45-86aa-4ea82a9ecd25"
"2026-07-16T19:15:11","1877536028","",,"Palmas","BR","1","0.0","5","23","-1","-10.258348","-48.316227","1784194194365","2026-07-16T09:29:54","151ee59d-9fc8-4482-9e04-b365b1e458b5"
"2026-07-16T19:15:11","1693600006","Av. Siqueira Campos","","Palmas","BR","2","0.0","5","327","-1","-10.294325","-48.33214","1784081881897","2026-07-15T02:18:01","2613c8db-9637-40d4-8e38-c2092c8c0dfc"
"2026-07-16T19:15:11","1090156748","Av. Siqueira Campos","","Palmas","BR","2","0.0","5","979","-1","-10.298359","-48.32771","1783563941797","2026-07-09T02:25:41","e944a470-62d5-4656-aaf0-087383708928"
"2026-07-16T19:15:11","1851288576","",,"Palmas","BR","1","0.0","5","36","-1","-10.258352","-48.316498","1784019161779","2026-07-14T08:52:41","341a3583-4137-4e82-bfbb-a67b5e845593"
"2026-07-16T19:15:11","88955444","","Marg. da TO-010","Palmas","BR","2","10.5","2","560","111","-10.176451","-48.300009","1784229153700","2026-07-16T19:12:33",
"2026-07-16T19:15:11","87998628","TO-010","","Palmas","BR","7","34.43","2","1634","87","-10.153486","-48.300473","1784228554507","2026-07-16T19:02:34",
"2026-07-16T19:15:11","223991394","",,"Palmas","BR","1","0.0","5","21","-1","-10.258363","-48.316757","1783180963404","2026-07-04T16:02:43","d984add8-2949-4ac0-81b5-2aa666f8ed15"
"2026-07-16T19:15:11","1694226848","",,"Palmas","BR","1","0.0","5","15","-1","-10.258365","-48.316918","1783904330428","2026-07-13T00:58:50","06d504d6-dac0-4c04-9329-7777206ab7a2"
"2026-07-16T19:15:11","1877412378","",,"Palmas","BR","1","0.0","5","86","-1","-10.258277","-48.315151","1784194127349","2026-07-16T09:28:47","95d9d88f-a5e9-4a1f-a5e3-d31635a7afc6"
"2026-07-16T19:15:11","1693573164","","","Palmas","BR","1","0.0","5","86","-1","-10.258278","-48.315151","1784081882190","2026-07-15T02:18:02","0584e645-bcd7-4670-a8e4-2c08a6763039"
"2026-07-16T19:15:11","1697990376","Av. Siqueira Campos","","Palmas","BR","2","0.0","5","979","-1","-10.298359","-48.32771","1783909046043","2026-07-13T02:17:26","128eda9c-f215-485b-9c7c-a1544bb8c545"
"2026-07-16T19:20:11","1764083300","Av. Siqueira Campos","","Palmas","BR","2","0.0","5","155","-1","-10.292304","-48.332966","1782872109418","2026-07-01T02:15:09","78af3b54-3dea-4f10-8eb5-5fb4a34eaabb"
"2026-07-16T19:20:11","89735226","Av. Siqueira Campos","Av. LO-12","Palmas","BR","2","20.04","2","803","74","-10.170029","-48.331849","1784229596058","2026-07-16T19:19:56",
"2026-07-16T19:20:11","1275283552","","Av. NS-10","Palmas","BR","1","0.0","5","70","-1","-10.258317","-48.317258","1782526649111","2026-06-27T02:17:29","3c3cc392-5d12-48d2-a44d-55f1688e96a0"
"2026-07-16T19:20:11","1693600118","Av. Siqueira Campos","","Palmas","BR","2","0.0","5","155","-1","-10.292304","-48.332966","1784081883010","2026-07-15T02:18:03","af3fc386-180b-4082-a64c-64efe9627b8d"
"2026-07-16T19:20:11","1764089184","",,"Palmas","BR","1","0.0","5","45","-1","-10.25844","-48.317041","1782872178272","2026-07-01T02:16:18","972e31c2-cd12-4c0a-b3ee-1530d2e74b4f"
"2026-07-16T19:20:11","1693596122","",,"Palmas","BR","1","0.0","5","36","-1","-10.258352","-48.316498","1784081881899","2026-07-15T02:18:01","f6a9d158-cb4d-43ec-b26e-e2687cf324bf"
"2026-07-16T19:20:11","1693618776","",,"Palmas","BR","1","0.0","5","63","-1","-10.258354","-48.315834","1784081881640","2026-07-15T02:18:01","dc9d4e1f-8670-4b13-9612-de4df2989f38"
"2026-07-16T19:20:11","1211995990","",,"Palmas","BR","1","0.0","5","21","-1","-10.258363","-48.316757","1782353685339","2026-06-25T02:14:45","a82a13e5-2525-4021-aa92-7892a48c9f70"
"2026-07-16T19:20:11","1088566738","",,"Palmas","BR","1","0.0","5","41","-1","-10.258569","-48.317408","1783562302500","2026-07-09T01:58:22","9740383b-d7ef-4ff2-9da7-1b82984db198"
"2026-07-16T19:20:11","1877536026","",,"Palmas","BR","1","0.0","5","23","-1","-10.258348","-48.316227","1784194194365","2026-07-16T09:29:54","67a7d0d3-9d61-4acd-8315-250cecac9790"
"2026-07-16T19:20:11","1693600032","",,"Palmas","BR","1","0.0","5","63","-1","-10.258354","-48.315834","1784081881899","2026-07-15T02:18:01","205a09b3-2e2f-4b45-86aa-4ea82a9ecd25"
"2026-07-16T19:20:11","1764118132","Av. Siqueira Campos","","Palmas","BR","2","0.0","5","327","-1","-10.294325","-48.33214","1782872110314","2026-07-01T02:15:10","2f08bda5-8a61-4942-836a-8f1ec7689705"
"2026-07-16T19:20:11","1877536028","",,"Palmas","BR","1","0.0","5","23","-1","-10.258348","-48.316227","1784194194365","2026-07-16T09:29:54","151ee59d-9fc8-4482-9e04-b365b1e458b5"
"2026-07-16T19:20:11","1693600006","Av. Siqueira Campos","","Palmas","BR","2","0.0","5","327","-1","-10.294325","-48.33214","1784081881897","2026-07-15T02:18:01","2613c8db-9637-40d4-8e38-c2092c8c0dfc"
"2026-07-16T19:20:11","1090156748","Av. Siqueira Campos","","Palmas","BR","2","0.0","5","979","-1","-10.298359","-48.32771","1783563941797","2026-07-09T02:25:41","e944a470-62d5-4656-aaf0-087383708928"
"2026-07-16T19:20:11","1851288576","",,"Palmas","BR","1","0.0","5","36","-1","-10.258352","-48.316498","1784019161779","2026-07-14T08:52:41","341a3583-4137-4e82-bfbb-a67b5e845593"
"2026-07-16T19:20:11","88955444","","Marg. da TO-010","Palmas","BR","2","10.71","2","560","107","-10.176451","-48.300009","1784229153700","2026-07-16T19:12:33",
"2026-07-16T19:20:11","87998628","TO-010","Av. NS 15","Palmas","BR","7","44.38","2","2150","77","-10.147888","-48.301691","1784228554507","2026-07-16T19:02:34",
"2026-07-16T19:20:11","223991394","",,"Palmas","BR","1","0.0","5","21","-1","-10.258363","-48.316757","1783180963404","2026-07-04T16:02:43","d984add8-2949-4ac0-81b5-2aa666f8ed15"
"2026-07-16T19:20:11","1694226848","",,"Palmas","BR","1","0.0","5","15","-1","-10.258365","-48.316918","1783904330428","2026-07-13T00:58:50","06d504d6-dac0-4c04-9329-7777206ab7a2"
"2026-07-16T19:20:11","1877412378","",,"Palmas","BR","1","0.0","5","86","-1","-10.258277","-48.315151","1784194127349","2026-07-16T09:28:47","95d9d88f-a5e9-4a1f-a5e3-d31635a7afc6"
"2026-07-16T19:20:11","1697990376","Av. Siqueira Campos","","Palmas","BR","2","0.0","5","979","-1","-10.298359","-48.32771","1783909046043","2026-07-13T02:17:26","128eda9c-f215-485b-9c7c-a1544bb8c545"
"2026-07-16T19:20:11","1693573164","","","Palmas","BR","1","0.0","5","86","-1","-10.258278","-48.315151","1784081882190","2026-07-15T02:18:02","0584e645-bcd7-4670-a8e4-2c08a6763039"
"2026-07-16T19:25:11","1764083300","Av. Siqueira Campos","","Palmas","BR","2","0.0","5","155","-1","-10.292304","-48.332966","1782872109418","2026-07-01T02:15:09","78af3b54-3dea-4f10-8eb5-5fb4a34eaabb"
"2026-07-16T19:25:11","1275283552","","Av. NS-10","Palmas","BR","1","0.0","5","70","-1","-10.258317","-48.317258","1782526649111","2026-06-27T02:17:29","3c3cc392-5d12-48d2-a44d-55f1688e96a0"
"2026-07-16T19:25:11","1693600118","Av. Siqueira Campos","","Palmas","BR","2","0.0","5","155","-1","-10.292304","-48.332966","1784081883010","2026-07-15T02:18:03","af3fc386-180b-4082-a64c-64efe9627b8d"
"2026-07-16T19:25:11","1764089184","",,"Palmas","BR","1","0.0","5","45","-1","-10.25844","-48.317041","1782872178272","2026-07-01T02:16:18","972e31c2-cd12-4c0a-b3ee-1530d2e74b4f"
"2026-07-16T19:25:11","1693596122","",,"Palmas","BR","1","0.0","5","36","-1","-10.258352","-48.316498","1784081881899","2026-07-15T02:18:01","f6a9d158-cb4d-43ec-b26e-e2687cf324bf"
"2026-07-16T19:25:11","1693618776","",,"Palmas","BR","1","0.0","5","63","-1","-10.258354","-48.315834","1784081881640","2026-07-15T02:18:01","dc9d4e1f-8670-4b13-9612-de4df2989f38"
"2026-07-16T19:25:11","1211995990","",,"Palmas","BR","1","0.0","5","21","-1","-10.258363","-48.316757","1782353685339","2026-06-25T02:14:45","a82a13e5-2525-4021-aa92-7892a48c9f70"
"2026-07-16T19:25:11","1088566738","",,"Palmas","BR","1","0.0","5","41","-1","-10.258569","-48.317408","1783562302500","2026-07-09T01:58:22","9740383b-d7ef-4ff2-9da7-1b82984db198"
"2026-07-16T19:25:11","1877536026","",,"Palmas","BR","1","0.0","5","23","-1","-10.258348","-48.316227","1784194194365","2026-07-16T09:29:54","67a7d0d3-9d61-4acd-8315-250cecac9790"
"2026-07-16T19:25:11","1693600032","",,"Palmas","BR","1","0.0","5","63","-1","-10.258354","-48.315834","1784081881899","2026-07-15T02:18:01","205a09b3-2e2f-4b45-86aa-4ea82a9ecd25"
"2026-07-16T19:25:11","1764118132","Av. Siqueira Campos","","Palmas","BR","2","0.0","5","327","-1","-10.294325","-48.33214","1782872110314","2026-07-01T02:15:10","2f08bda5-8a61-4942-836a-8f1ec7689705"
"2026-07-16T19:25:11","1877536028","",,"Palmas","BR","1","0.0","5","23","-1","-10.258348","-48.316227","1784194194365","2026-07-16T09:29:54","151ee59d-9fc8-4482-9e04-b365b1e458b5"
"2026-07-16T19:25:11","1693600006","Av. Siqueira Campos","","Palmas","BR","2","0.0","5","327","-1","-10.294325","-48.33214","1784081881897","2026-07-15T02:18:01","2613c8db-9637-40d4-8e38-c2092c8c0dfc"
"2026-07-16T19:25:11","90262644","ARSE 51 Al. 2","ARSE 51 Al. 9","Palmas","BR","1","10.99","3","525","125","-10.214185","-48.329414","1784229886639","2026-07-16T19:24:46",
"2026-07-16T19:25:11","1090156748","Av. Siqueira Campos","","Palmas","BR","2","0.0","5","979","-1","-10.298359","-48.32771","1783563941797","2026-07-09T02:25:41","e944a470-62d5-4656-aaf0-087383708928"
"2026-07-16T19:25:11","1851288576","",,"Palmas","BR","1","0.0","5","36","-1","-10.258352","-48.316498","1784019161779","2026-07-14T08:52:41","341a3583-4137-4e82-bfbb-a67b5e845593"
"2026-07-16T19:25:11","223991394","",,"Palmas","BR","1","0.0","5","21","-1","-10.258363","-48.316757","1783180963404","2026-07-04T16:02:43","d984add8-2949-4ac0-81b5-2aa666f8ed15"
"2026-07-16T19:25:11","1694226848","",,"Palmas","BR","1","0.0","5","15","-1","-10.258365","-48.316918","1783904330428","2026-07-13T00:58:50","06d504d6-dac0-4c04-9329-7777206ab7a2"
"2026-07-16T19:25:11","90192188","ACSE 1 Rua SE-1","Av. NS-2","Palmas","BR","1","14.84","2","585","74","-10.185584","-48.327522","1784229886577","2026-07-16T19:24:46",
"2026-07-16T19:25:11","1877412378","",,"Palmas","BR","1","0.0","5","86","-1","-10.258277","-48.315151","1784194127349","2026-07-16T09:28:47","95d9d88f-a5e9-4a1f-a5e3-d31635a7afc6"
"2026-07-16T19:25:11","1697990376","Av. Siqueira Campos","","Palmas","BR","2","0.0","5","979","-1","-10.298359","-48.32771","1783909046043","2026-07-13T02:17:26","128eda9c-f215-485b-9c7c-a1544bb8c545"
"2026-07-16T19:25:11","1693573164","","","Palmas","BR","1","0.0","5","86","-1","-10.258278","-48.315151","1784081882190","2026-07-15T02:18:02","0584e645-bcd7-4670-a8e4-2c08a6763039"
"2026-07-16T19:30:11","1764083300","Av. Siqueira Campos","","Palmas","BR","2","0.0","5","155","-1","-10.292304","-48.332966","1782872109418","2026-07-01T02:15:09","78af3b54-3dea-4f10-8eb5-5fb4a34eaabb"
"2026-07-16T19:30:11","1275283552","","Av. NS-10","Palmas","BR","1","0.0","5","70","-1","-10.258317","-48.317258","1782526649111","2026-06-27T02:17:29","3c3cc392-5d12-48d2-a44d-55f1688e96a0"
"2026-07-16T19:30:11","1693600118","Av. Siqueira Campos","","Palmas","BR","2","0.0","5","155","-1","-10.292304","-48.332966","1784081883010","2026-07-15T02:18:03","af3fc386-180b-4082-a64c-64efe9627b8d"
"2026-07-16T19:30:11","1764089184","",,"Palmas","BR","1","0.0","5","45","-1","-10.25844","-48.317041","1782872178272","2026-07-01T02:16:18","972e31c2-cd12-4c0a-b3ee-1530d2e74b4f"
"2026-07-16T19:30:11","90320010","ACSO 1 Rua SO-5","ACSO 1 Rua SO-4","Palmas","BR","1","6.53","4","247","94","-10.187378","-48.338536","1784229960950","2026-07-16T19:26:00",
"2026-07-16T19:30:11","90323978","","Taquarussu do Porto (Palmas)","Taquarussu do Porto (Palmas)","BR","1","35.2","1","1523","60","-10.285145","-48.138142","1784229960823","2026-07-16T19:26:00",
"2026-07-16T19:30:11","1693596122","",,"Palmas","BR","1","0.0","5","36","-1","-10.258352","-48.316498","1784081881899","2026-07-15T02:18:01","f6a9d158-cb4d-43ec-b26e-e2687cf324bf"
"2026-07-16T19:30:11","1693618776","",,"Palmas","BR","1","0.0","5","63","-1","-10.258354","-48.315834","1784081881640","2026-07-15T02:18:01","dc9d4e1f-8670-4b13-9612-de4df2989f38"
"2026-07-16T19:30:11","1211995990","",,"Palmas","BR","1","0.0","5","21","-1","-10.258363","-48.316757","1782353685339","2026-06-25T02:14:45","a82a13e5-2525-4021-aa92-7892a48c9f70"
"2026-07-16T19:30:11","1088566738","",,"Palmas","BR","1","0.0","5","41","-1","-10.258569","-48.317408","1783562302500","2026-07-09T01:58:22","9740383b-d7ef-4ff2-9da7-1b82984db198"
"2026-07-16T19:30:11","1877536026","",,"Palmas","BR","1","0.0","5","23","-1","-10.258348","-48.316227","1784194194365","2026-07-16T09:29:54","67a7d0d3-9d61-4acd-8315-250cecac9790"
"2026-07-16T19:30:11","1693600032","",,"Palmas","BR","1","0.0","5","63","-1","-10.258354","-48.315834","1784081881899","2026-07-15T02:18:01","205a09b3-2e2f-4b45-86aa-4ea82a9ecd25"
"2026-07-16T19:30:11","1764118132","Av. Siqueira Campos","","Palmas","BR","2","0.0","5","327","-1","-10.294325","-48.33214","1782872110314","2026-07-01T02:15:10","2f08bda5-8a61-4942-836a-8f1ec7689705"
"2026-07-16T19:30:11","90467760","Av. LO-10","","Palmas","BR","2","10.32","3","426","118","-10.164758","-48.341646","1784230038174","2026-07-16T19:27:18",
"2026-07-16T19:30:11","1877536028","",,"Palmas","BR","1","0.0","5","23","-1","-10.258348","-48.316227","1784194194365","2026-07-16T09:29:54","151ee59d-9fc8-4482-9e04-b365b1e458b5"
"2026-07-16T19:30:11","1693600006","Av. Siqueira Campos","","Palmas","BR","2","0.0","5","327","-1","-10.294325","-48.33214","1784081881897","2026-07-15T02:18:01","2613c8db-9637-40d4-8e38-c2092c8c0dfc"
"2026-07-16T19:30:11","1090156748","Av. Siqueira Campos","","Palmas","BR","2","0.0","5","979","-1","-10.298359","-48.32771","1783563941797","2026-07-09T02:25:41","e944a470-62d5-4656-aaf0-087383708928"
"2026-07-16T19:30:11","1851288576","",,"Palmas","BR","1","0.0","5","36","-1","-10.258352","-48.316498","1784019161779","2026-07-14T08:52:41","341a3583-4137-4e82-bfbb-a67b5e845593"
"2026-07-16T19:30:11","223991394","",,"Palmas","BR","1","0.0","5","21","-1","-10.258363","-48.316757","1783180963404","2026-07-04T16:02:43","d984add8-2949-4ac0-81b5-2aa666f8ed15"
"2026-07-16T19:30:11","1694226848","",,"Palmas","BR","1","0.0","5","15","-1","-10.258365","-48.316918","1783904330428","2026-07-13T00:58:50","06d504d6-dac0-4c04-9329-7777206ab7a2"
"2026-07-16T19:30:11","90192188","ACSE 1 Rua SE-1","Av. NS-2","Palmas","BR","1","15.03","2","585","73","-10.185584","-48.327522","1784229886577","2026-07-16T19:24:46",
"2026-07-16T19:30:11","1877412378","",,"Palmas","BR","1","0.0","5","86","-1","-10.258277","-48.315151","1784194127349","2026-07-16T09:28:47","95d9d88f-a5e9-4a1f-a5e3-d31635a7afc6"
"2026-07-16T19:30:11","1693573164","","","Palmas","BR","1","0.0","5","86","-1","-10.258278","-48.315151","1784081882190","2026-07-15T02:18:02","0584e645-bcd7-4670-a8e4-2c08a6763039"
"2026-07-16T19:30:11","1697990376","Av. Siqueira Campos","","Palmas","BR","2","0.0","5","979","-1","-10.298359","-48.32771","1783909046043","2026-07-13T02:17:26","128eda9c-f215-485b-9c7c-a1544bb8c545"
"2026-07-16T19:35:12","1764083300","Av. Siqueira Campos","","Palmas","BR","2","0.0","5","155","-1","-10.292304","-48.332966","1782872109418","2026-07-01T02:15:09","78af3b54-3dea-4f10-8eb5-5fb4a34eaabb"
"2026-07-16T19:35:12","1275283552","","Av. NS-10","Palmas","BR","1","0.0","5","70","-1","-10.258317","-48.317258","1782526649111","2026-06-27T02:17:29","3c3cc392-5d12-48d2-a44d-55f1688e96a0"
"2026-07-16T19:35:12","1693600118","Av. Siqueira Campos","","Palmas","BR","2","0.0","5","155","-1","-10.292304","-48.332966","1784081883010","2026-07-15T02:18:03","af3fc386-180b-4082-a64c-64efe9627b8d"
"2026-07-16T19:35:12","1764089184","",,"Palmas","BR","1","0.0","5","45","-1","-10.25844","-48.317041","1782872178272","2026-07-01T02:16:18","972e31c2-cd12-4c0a-b3ee-1530d2e74b4f"
"2026-07-16T19:35:12","1693596122","",,"Palmas","BR","1","0.0","5","36","-1","-10.258352","-48.316498","1784081881899","2026-07-15T02:18:01","f6a9d158-cb4d-43ec-b26e-e2687cf324bf"
"2026-07-16T19:35:12","1693618776","",,"Palmas","BR","1","0.0","5","63","-1","-10.258354","-48.315834","1784081881640","2026-07-15T02:18:01","dc9d4e1f-8670-4b13-9612-de4df2989f38"
"2026-07-16T19:35:12","1211995990","",,"Palmas","BR","1","0.0","5","21","-1","-10.258363","-48.316757","1782353685339","2026-06-25T02:14:45","a82a13e5-2525-4021-aa92-7892a48c9f70"
"2026-07-16T19:35:12","1088566738","",,"Palmas","BR","1","0.0","5","41","-1","-10.258569","-48.317408","1783562302500","2026-07-09T01:58:22","9740383b-d7ef-4ff2-9da7-1b82984db198"
"2026-07-16T19:35:12","1877536026","",,"Palmas","BR","1","0.0","5","23","-1","-10.258348","-48.316227","1784194194365","2026-07-16T09:29:54","67a7d0d3-9d61-4acd-8315-250cecac9790"
"2026-07-16T19:35:12","1764118132","Av. Siqueira Campos","","Palmas","BR","2","0.0","5","327","-1","-10.294325","-48.33214","1782872110314","2026-07-01T02:15:10","2f08bda5-8a61-4942-836a-8f1ec7689705"
"2026-07-16T19:35:12","1693600032","",,"Palmas","BR","1","0.0","5","63","-1","-10.258354","-48.315834","1784081881899","2026-07-15T02:18:01","205a09b3-2e2f-4b45-86aa-4ea82a9ecd25"
"2026-07-16T19:35:12","90467760","Av. LO-10","","Palmas","BR","2","10.52","3","426","115","-10.164758","-48.341646","1784230038174","2026-07-16T19:27:18",
"2026-07-16T19:35:12","1877536028","",,"Palmas","BR","1","0.0","5","23","-1","-10.258348","-48.316227","1784194194365","2026-07-16T09:29:54","151ee59d-9fc8-4482-9e04-b365b1e458b5"
"2026-07-16T19:35:12","1693600006","Av. Siqueira Campos","","Palmas","BR","2","0.0","5","327","-1","-10.294325","-48.33214","1784081881897","2026-07-15T02:18:01","2613c8db-9637-40d4-8e38-c2092c8c0dfc"
"2026-07-16T19:35:12","1090156748","Av. Siqueira Campos","","Palmas","BR","2","0.0","5","979","-1","-10.298359","-48.32771","1783563941797","2026-07-09T02:25:41","e944a470-62d5-4656-aaf0-087383708928"
"2026-07-16T19:35:12","91100438","ACSE 1 Rua SE-1","Av. NS-2","Palmas","BR","1","10.94","3","397","91","-10.185596","-48.327865","1784230413228","2026-07-16T19:33:33",
"2026-07-16T19:35:12","1851288576","",,"Palmas","BR","1","0.0","5","36","-1","-10.258352","-48.316498","1784019161779","2026-07-14T08:52:41","341a3583-4137-4e82-bfbb-a67b5e845593"
"2026-07-16T19:35:12","223991394","",,"Palmas","BR","1","0.0","5","21","-1","-10.258363","-48.316757","1783180963404","2026-07-04T16:02:43","d984add8-2949-4ac0-81b5-2aa666f8ed15"
"2026-07-16T19:35:12","1694226848","",,"Palmas","BR","1","0.0","5","15","-1","-10.258365","-48.316918","1783904330428","2026-07-13T00:58:50","06d504d6-dac0-4c04-9329-7777206ab7a2"
"2026-07-16T19:35:12","1877412378","",,"Palmas","BR","1","0.0","5","86","-1","-10.258277","-48.315151","1784194127349","2026-07-16T09:28:47","95d9d88f-a5e9-4a1f-a5e3-d31635a7afc6"
"2026-07-16T19:35:12","1693573164","","","Palmas","BR","1","0.0","5","86","-1","-10.258278","-48.315151","1784081882190","2026-07-15T02:18:02","0584e645-bcd7-4670-a8e4-2c08a6763039"
"2026-07-16T19:35:12","1697990376","Av. Siqueira Campos","","Palmas","BR","2","0.0","5","979","-1","-10.298359","-48.32771","1783909046043","2026-07-13T02:17:26","128eda9c-f215-485b-9c7c-a1544bb8c545"
"2026-07-16T19:40:11","1764083300","Av. Siqueira Campos","","Palmas","BR","2","0.0","5","155","-1","-10.292304","-48.332966","1782872109418","2026-07-01T02:15:09","78af3b54-3dea-4f10-8eb5-5fb4a34eaabb"
"2026-07-16T19:40:11","1275283552","","Av. NS-10","Palmas","BR","1","0.0","5","70","-1","-10.258317","-48.317258","1782526649111","2026-06-27T02:17:29","3c3cc392-5d12-48d2-a44d-55f1688e96a0"
"2026-07-16T19:40:11","1693600118","Av. Siqueira Campos","","Palmas","BR","2","0.0","5","155","-1","-10.292304","-48.332966","1784081883010","2026-07-15T02:18:03","af3fc386-180b-4082-a64c-64efe9627b8d"
"2026-07-16T19:40:11","1764089184","",,"Palmas","BR","1","0.0","5","45","-1","-10.25844","-48.317041","1782872178272","2026-07-01T02:16:18","972e31c2-cd12-4c0a-b3ee-1530d2e74b4f"
"2026-07-16T19:40:11","91636574","Av. Tocantins","","Palmas","BR","7","11.91","3","401","67","-10.3373","-48.294572","1784230713004","2026-07-16T19:38:33",
"2026-07-16T19:40:11","1693596122","",,"Palmas","BR","1","0.0","5","36","-1","-10.258352","-48.316498","1784081881899","2026-07-15T02:18:01","f6a9d158-cb4d-43ec-b26e-e2687cf324bf"
"2026-07-16T19:40:11","1693618776","",,"Palmas","BR","1","0.0","5","63","-1","-10.258354","-48.315834","1784081881640","2026-07-15T02:18:01","dc9d4e1f-8670-4b13-9612-de4df2989f38"
"2026-07-16T19:40:11","1211995990","",,"Palmas","BR","1","0.0","5","21","-1","-10.258363","-48.316757","1782353685339","2026-06-25T02:14:45","a82a13e5-2525-4021-aa92-7892a48c9f70"
"2026-07-16T19:40:11","1088566738","",,"Palmas","BR","1","0.0","5","41","-1","-10.258569","-48.317408","1783562302500","2026-07-09T01:58:22","9740383b-d7ef-4ff2-9da7-1b82984db198"
"2026-07-16T19:40:11","1877536026","",,"Palmas","BR","1","0.0","5","23","-1","-10.258348","-48.316227","1784194194365","2026-07-16T09:29:54","67a7d0d3-9d61-4acd-8315-250cecac9790"
"2026-07-16T19:40:11","1693600032","",,"Palmas","BR","1","0.0","5","63","-1","-10.258354","-48.315834","1784081881899","2026-07-15T02:18:01","205a09b3-2e2f-4b45-86aa-4ea82a9ecd25"
"2026-07-16T19:40:11","1764118132","Av. Siqueira Campos","","Palmas","BR","2","0.0","5","327","-1","-10.294325","-48.33214","1782872110314","2026-07-01T02:15:10","2f08bda5-8a61-4942-836a-8f1ec7689705"
"2026-07-16T19:40:11","90467760","Av. LO-10","","Palmas","BR","2","10.92","3","426","110","-10.164758","-48.341646","1784230038174","2026-07-16T19:27:18",
"2026-07-16T19:40:11","1877536028","",,"Palmas","BR","1","0.0","5","23","-1","-10.258348","-48.316227","1784194194365","2026-07-16T09:29:54","151ee59d-9fc8-4482-9e04-b365b1e458b5"
"2026-07-16T19:40:11","1693600006","Av. Siqueira Campos","","Palmas","BR","2","0.0","5","327","-1","-10.294325","-48.33214","1784081881897","2026-07-15T02:18:01","2613c8db-9637-40d4-8e38-c2092c8c0dfc"
"2026-07-16T19:40:11","1090156748","Av. Siqueira Campos","","Palmas","BR","2","0.0","5","979","-1","-10.298359","-48.32771","1783563941797","2026-07-09T02:25:41","e944a470-62d5-4656-aaf0-087383708928"
"2026-07-16T19:40:11","1851288576","",,"Palmas","BR","1","0.0","5","36","-1","-10.258352","-48.316498","1784019161779","2026-07-14T08:52:41","341a3583-4137-4e82-bfbb-a67b5e845593"
"2026-07-16T19:40:11","1694226848","",,"Palmas","BR","1","0.0","5","15","-1","-10.258365","-48.316918","1783904330428","2026-07-13T00:58:50","06d504d6-dac0-4c04-9329-7777206ab7a2"
"2026-07-16T19:40:11","223991394","",,"Palmas","BR","1","0.0","5","21","-1","-10.258363","-48.316757","1783180963404","2026-07-04T16:02:43","d984add8-2949-4ac0-81b5-2aa666f8ed15"
"2026-07-16T19:40:11","1877412378","",,"Palmas","BR","1","0.0","5","86","-1","-10.258277","-48.315151","1784194127349","2026-07-16T09:28:47","95d9d88f-a5e9-4a1f-a5e3-d31635a7afc6"
"2026-07-16T19:40:11","1697990376","Av. Siqueira Campos","","Palmas","BR","2","0.0","5","979","-1","-10.298359","-48.32771","1783909046043","2026-07-13T02:17:26","128eda9c-f215-485b-9c7c-a1544bb8c545"
"2026-07-16T19:40:11","1693573164","","","Palmas","BR","1","0.0","5","86","-1","-10.258278","-48.315151","1784081882190","2026-07-15T02:18:02","0584e645-bcd7-4670-a8e4-2c08a6763039"
"2026-07-16T19:45:11","1764083300","Av. Siqueira Campos","","Palmas","BR","2","0.0","5","155","-1","-10.292304","-48.332966","1782872109418","2026-07-01T02:15:09","78af3b54-3dea-4f10-8eb5-5fb4a34eaabb"
"2026-07-16T19:45:11","1275283552","","Av. NS-10","Palmas","BR","1","0.0","5","70","-1","-10.258317","-48.317258","1782526649111","2026-06-27T02:17:29","3c3cc392-5d12-48d2-a44d-55f1688e96a0"
"2026-07-16T19:45:11","1693600118","Av. Siqueira Campos","","Palmas","BR","2","0.0","5","155","-1","-10.292304","-48.332966","1784081883010","2026-07-15T02:18:03","af3fc386-180b-4082-a64c-64efe9627b8d"
"2026-07-16T19:45:11","1764089184","",,"Palmas","BR","1","0.0","5","45","-1","-10.25844","-48.317041","1782872178272","2026-07-01T02:16:18","972e31c2-cd12-4c0a-b3ee-1530d2e74b4f"
"2026-07-16T19:45:11","1693596122","",,"Palmas","BR","1","0.0","5","36","-1","-10.258352","-48.316498","1784081881899","2026-07-15T02:18:01","f6a9d158-cb4d-43ec-b26e-e2687cf324bf"
"2026-07-16T19:45:11","91920336","","Marg. da TO-050","Palmas","BR","1","13.2","2","831","131","-10.188957","-48.295195","1784230864830","2026-07-16T19:41:04",
"2026-07-16T19:45:11","1693618776","",,"Palmas","BR","1","0.0","5","63","-1","-10.258354","-48.315834","1784081881640","2026-07-15T02:18:01","dc9d4e1f-8670-4b13-9612-de4df2989f38"
"2026-07-16T19:45:11","92351338","BR-010","","Palmas","BR","6","24.84","2","945","63","-10.344271","-48.299939","1784231086933","2026-07-16T19:44:46",
"2026-07-16T19:45:11","1211995990","",,"Palmas","BR","1","0.0","5","21","-1","-10.258363","-48.316757","1782353685339","2026-06-25T02:14:45","a82a13e5-2525-4021-aa92-7892a48c9f70"
"2026-07-16T19:45:11","1088566738","",,"Palmas","BR","1","0.0","5","41","-1","-10.258569","-48.317408","1783562302500","2026-07-09T01:58:22","9740383b-d7ef-4ff2-9da7-1b82984db198"
"2026-07-16T19:45:11","92223630","Orla 14 Av. Orla","Orla 14 Al. 8","Palmas","BR","1","0.93","4","223","829","-10.187808","-48.363448","1784231012319","2026-07-16T19:43:32",
"2026-07-16T19:45:11","1877536026","",,"Palmas","BR","1","0.0","5","23","-1","-10.258348","-48.316227","1784194194365","2026-07-16T09:29:54","67a7d0d3-9d61-4acd-8315-250cecac9790"
"2026-07-16T19:45:11","1693600032","",,"Palmas","BR","1","0.0","5","63","-1","-10.258354","-48.315834","1784081881899","2026-07-15T02:18:01","205a09b3-2e2f-4b45-86aa-4ea82a9ecd25"
"2026-07-16T19:45:11","1764118132","Av. Siqueira Campos","","Palmas","BR","2","0.0","5","327","-1","-10.294325","-48.33214","1782872110314","2026-07-01T02:15:10","2f08bda5-8a61-4942-836a-8f1ec7689705"
"2026-07-16T19:45:11","1877536028","",,"Palmas","BR","1","0.0","5","23","-1","-10.258348","-48.316227","1784194194365","2026-07-16T09:29:54","151ee59d-9fc8-4482-9e04-b365b1e458b5"
"2026-07-16T19:45:11","1693600006","Av. Siqueira Campos","","Palmas","BR","2","0.0","5","327","-1","-10.294325","-48.33214","1784081881897","2026-07-15T02:18:01","2613c8db-9637-40d4-8e38-c2092c8c0dfc"
"2026-07-16T19:45:11","1090156748","Av. Siqueira Campos","","Palmas","BR","2","0.0","5","979","-1","-10.298359","-48.32771","1783563941797","2026-07-09T02:25:41","e944a470-62d5-4656-aaf0-087383708928"
"2026-07-16T19:45:11","1851288576","",,"Palmas","BR","1","0.0","5","36","-1","-10.258352","-48.316498","1784019161779","2026-07-14T08:52:41","341a3583-4137-4e82-bfbb-a67b5e845593"
"2026-07-16T19:45:11","92343352","ACSE 1 Rua SE-1","Av. NS-2","Palmas","BR","1","16.42","2","553","64","-10.185583","-48.327002","1784231085576","2026-07-16T19:44:45",
"2026-07-16T19:45:11","1694226848","",,"Palmas","BR","1","0.0","5","15","-1","-10.258365","-48.316918","1783904330428","2026-07-13T00:58:50","06d504d6-dac0-4c04-9329-7777206ab7a2"
"2026-07-16T19:45:11","223991394","",,"Palmas","BR","1","0.0","5","21","-1","-10.258363","-48.316757","1783180963404","2026-07-04T16:02:43","d984add8-2949-4ac0-81b5-2aa666f8ed15"
"2026-07-16T19:45:11","1877412378","",,"Palmas","BR","1","0.0","5","86","-1","-10.258277","-48.315151","1784194127349","2026-07-16T09:28:47","95d9d88f-a5e9-4a1f-a5e3-d31635a7afc6"
"2026-07-16T19:45:11","1697990376","Av. Siqueira Campos","","Palmas","BR","2","0.0","5","979","-1","-10.298359","-48.32771","1783909046043","2026-07-13T02:17:26","128eda9c-f215-485b-9c7c-a1544bb8c545"
"2026-07-16T19:45:11","1693573164","","","Palmas","BR","1","0.0","5","86","-1","-10.258278","-48.315151","1784081882190","2026-07-15T02:18:02","0584e645-bcd7-4670-a8e4-2c08a6763039"
"2026-07-16T19:50:11","1764083300","Av. Siqueira Campos","","Palmas","BR","2","0.0","5","155","-1","-10.292304","-48.332966","1782872109418","2026-07-01T02:15:09","78af3b54-3dea-4f10-8eb5-5fb4a34eaabb"
"2026-07-16T19:50:11","92723972","Av. Tocantins","","Palmas","BR","7","9.67","3","401","95","-10.3373","-48.294572","1784231309518","2026-07-16T19:48:29",
"2026-07-16T19:50:11","1275283552","","Av. NS-10","Palmas","BR","1","0.0","5","70","-1","-10.258317","-48.317258","1782526649111","2026-06-27T02:17:29","3c3cc392-5d12-48d2-a44d-55f1688e96a0"
"2026-07-16T19:50:11","1693600118","Av. Siqueira Campos","","Palmas","BR","2","0.0","5","155","-1","-10.292304","-48.332966","1784081883010","2026-07-15T02:18:03","af3fc386-180b-4082-a64c-64efe9627b8d"
"2026-07-16T19:50:11","92497862","ARSE 61 Al. 13","ARSE 61 Al. 5","Palmas","BR","1","4.92","2","255","101","-10.221893","-48.325784","1784231233984","2026-07-16T19:47:13",
"2026-07-16T19:50:11","1764089184","",,"Palmas","BR","1","0.0","5","45","-1","-10.25844","-48.317041","1782872178272","2026-07-01T02:16:18","972e31c2-cd12-4c0a-b3ee-1530d2e74b4f"
"2026-07-16T19:50:11","1693596122","",,"Palmas","BR","1","0.0","5","36","-1","-10.258352","-48.316498","1784081881899","2026-07-15T02:18:01","f6a9d158-cb4d-43ec-b26e-e2687cf324bf"
"2026-07-16T19:50:11","91920336","","Marg. da TO-050","Palmas","BR","1","13.66","2","820","124","-10.188903","-48.295538","1784230864830","2026-07-16T19:41:04",
"2026-07-16T19:50:11","1693618776","",,"Palmas","BR","1","0.0","5","63","-1","-10.258354","-48.315834","1784081881640","2026-07-15T02:18:01","dc9d4e1f-8670-4b13-9612-de4df2989f38"
"2026-07-16T19:50:11","1211995990","",,"Palmas","BR","1","0.0","5","21","-1","-10.258363","-48.316757","1782353685339","2026-06-25T02:14:45","a82a13e5-2525-4021-aa92-7892a48c9f70"
"2026-07-16T19:50:11","1088566738","",,"Palmas","BR","1","0.0","5","41","-1","-10.258569","-48.317408","1783562302500","2026-07-09T01:58:22","9740383b-d7ef-4ff2-9da7-1b82984db198"
"2026-07-16T19:50:11","1877536026","",,"Palmas","BR","1","0.0","5","23","-1","-10.258348","-48.316227","1784194194365","2026-07-16T09:29:54","67a7d0d3-9d61-4acd-8315-250cecac9790"
"2026-07-16T19:50:11","1764118132","Av. Siqueira Campos","","Palmas","BR","2","0.0","5","327","-1","-10.294325","-48.33214","1782872110314","2026-07-01T02:15:10","2f08bda5-8a61-4942-836a-8f1ec7689705"
"2026-07-16T19:50:11","1693600032","",,"Palmas","BR","1","0.0","5","63","-1","-10.258354","-48.315834","1784081881899","2026-07-15T02:18:01","205a09b3-2e2f-4b45-86aa-4ea82a9ecd25"
"2026-07-16T19:50:11","1877536028","",,"Palmas","BR","1","0.0","5","23","-1","-10.258348","-48.316227","1784194194365","2026-07-16T09:29:54","151ee59d-9fc8-4482-9e04-b365b1e458b5"
"2026-07-16T19:50:11","1693600006","Av. Siqueira Campos","","Palmas","BR","2","0.0","5","327","-1","-10.294325","-48.33214","1784081881897","2026-07-15T02:18:01","2613c8db-9637-40d4-8e38-c2092c8c0dfc"
"2026-07-16T19:50:11","1090156748","Av. Siqueira Campos","","Palmas","BR","2","0.0","5","979","-1","-10.298359","-48.32771","1783563941797","2026-07-09T02:25:41","e944a470-62d5-4656-aaf0-087383708928"
"2026-07-16T19:50:11","1851288576","",,"Palmas","BR","1","0.0","5","36","-1","-10.258352","-48.316498","1784019161779","2026-07-14T08:52:41","341a3583-4137-4e82-bfbb-a67b5e845593"
"2026-07-16T19:50:11","92343352","ACSE 1 Rua SE-1","Av. NS-2","Palmas","BR","1","14.02","3","553","85","-10.185583","-48.327002","1784231085576","2026-07-16T19:44:45",
"2026-07-16T19:50:11","223991394","",,"Palmas","BR","1","0.0","5","21","-1","-10.258363","-48.316757","1783180963404","2026-07-04T16:02:43","d984add8-2949-4ac0-81b5-2aa666f8ed15"
"2026-07-16T19:50:11","1694226848","",,"Palmas","BR","1","0.0","5","15","-1","-10.258365","-48.316918","1783904330428","2026-07-13T00:58:50","06d504d6-dac0-4c04-9329-7777206ab7a2"
"2026-07-16T19:50:11","1877412378","",,"Palmas","BR","1","0.0","5","86","-1","-10.258277","-48.315151","1784194127349","2026-07-16T09:28:47","95d9d88f-a5e9-4a1f-a5e3-d31635a7afc6"
"2026-07-16T19:50:11","1693573164","","","Palmas","BR","1","0.0","5","86","-1","-10.258278","-48.315151","1784081882190","2026-07-15T02:18:02","0584e645-bcd7-4670-a8e4-2c08a6763039"
"2026-07-16T19:50:11","1697990376","Av. Siqueira Campos","","Palmas","BR","2","0.0","5","979","-1","-10.298359","-48.32771","1783909046043","2026-07-13T02:17:26","128eda9c-f215-485b-9c7c-a1544bb8c545"
"2026-07-16T19:55:12","1764083300","Av. Siqueira Campos","","Palmas","BR","2","0.0","5","155","-1","-10.292304","-48.332966","1782872109418","2026-07-01T02:15:09","78af3b54-3dea-4f10-8eb5-5fb4a34eaabb"
"2026-07-16T19:55:12","1275283552","","Av. NS-10","Palmas","BR","1","0.0","5","70","-1","-10.258317","-48.317258","1782526649111","2026-06-27T02:17:29","3c3cc392-5d12-48d2-a44d-55f1688e96a0"
"2026-07-16T19:55:12","1693600118","Av. Siqueira Campos","","Palmas","BR","2","0.0","5","155","-1","-10.292304","-48.332966","1784081883010","2026-07-15T02:18:03","af3fc386-180b-4082-a64c-64efe9627b8d"
"2026-07-16T19:55:12","1764089184","",,"Palmas","BR","1","0.0","5","45","-1","-10.25844","-48.317041","1782872178272","2026-07-01T02:16:18","972e31c2-cd12-4c0a-b3ee-1530d2e74b4f"
"2026-07-16T19:55:12","1693596122","",,"Palmas","BR","1","0.0","5","36","-1","-10.258352","-48.316498","1784081881899","2026-07-15T02:18:01","f6a9d158-cb4d-43ec-b26e-e2687cf324bf"
"2026-07-16T19:55:12","1693618776","",,"Palmas","BR","1","0.0","5","63","-1","-10.258354","-48.315834","1784081881640","2026-07-15T02:18:01","dc9d4e1f-8670-4b13-9612-de4df2989f38"
"2026-07-16T19:55:12","1211995990","",,"Palmas","BR","1","0.0","5","21","-1","-10.258363","-48.316757","1782353685339","2026-06-25T02:14:45","a82a13e5-2525-4021-aa92-7892a48c9f70"
"2026-07-16T19:55:12","1088566738","",,"Palmas","BR","1","0.0","5","41","-1","-10.258569","-48.317408","1783562302500","2026-07-09T01:58:22","9740383b-d7ef-4ff2-9da7-1b82984db198"
"2026-07-16T19:55:12","93299070","Av. LO-13","","Palmas","BR","2","8.78","3","362","115","-10.217526","-48.334976","1784231605105","2026-07-16T19:53:25",
"2026-07-16T19:55:12","1877536026","",,"Palmas","BR","1","0.0","5","23","-1","-10.258348","-48.316227","1784194194365","2026-07-16T09:29:54","67a7d0d3-9d61-4acd-8315-250cecac9790"
"2026-07-16T19:55:12","1693600032","",,"Palmas","BR","1","0.0","5","63","-1","-10.258354","-48.315834","1784081881899","2026-07-15T02:18:01","205a09b3-2e2f-4b45-86aa-4ea82a9ecd25"
"2026-07-16T19:55:12","1764118132","Av. Siqueira Campos","","Palmas","BR","2","0.0","5","327","-1","-10.294325","-48.33214","1782872110314","2026-07-01T02:15:10","2f08bda5-8a61-4942-836a-8f1ec7689705"
"2026-07-16T19:55:12","93372196","TO-010","TO-010","Palmas","BR","7","60.86","1","3410","66","-10.140832","-48.303258","1784231678133","2026-07-16T19:54:38",
"2026-07-16T19:55:12","1877536028","",,"Palmas","BR","1","0.0","5","23","-1","-10.258348","-48.316227","1784194194365","2026-07-16T09:29:54","151ee59d-9fc8-4482-9e04-b365b1e458b5"
"2026-07-16T19:55:12","1693600006","Av. Siqueira Campos","","Palmas","BR","2","0.0","5","327","-1","-10.294325","-48.33214","1784081881897","2026-07-15T02:18:01","2613c8db-9637-40d4-8e38-c2092c8c0dfc"
"2026-07-16T19:55:12","1090156748","Av. Siqueira Campos","","Palmas","BR","2","0.0","5","979","-1","-10.298359","-48.32771","1783563941797","2026-07-09T02:25:41","e944a470-62d5-4656-aaf0-087383708928"
"2026-07-16T19:55:12","1851288576","",,"Palmas","BR","1","0.0","5","36","-1","-10.258352","-48.316498","1784019161779","2026-07-14T08:52:41","341a3583-4137-4e82-bfbb-a67b5e845593"
"2026-07-16T19:55:12","92343352","ACSE 1 Rua SE-1","ACSE 1 Rua SE-4","Palmas","BR","1","5.73","4","286","151","-10.185571","-48.325841","1784231085576","2026-07-16T19:44:45",
"2026-07-16T19:55:12","1694226848","",,"Palmas","BR","1","0.0","5","15","-1","-10.258365","-48.316918","1783904330428","2026-07-13T00:58:50","06d504d6-dac0-4c04-9329-7777206ab7a2"
"2026-07-16T19:55:12","223991394","",,"Palmas","BR","1","0.0","5","21","-1","-10.258363","-48.316757","1783180963404","2026-07-04T16:02:43","d984add8-2949-4ac0-81b5-2aa666f8ed15"
"2026-07-16T19:55:12","93302098","Av. Siqueira Campos","Av. LO-12","Palmas","BR","2","23.99","2","1139","75","-10.17149","-48.332526","1784231679964","2026-07-16T19:54:39",
"2026-07-16T19:55:12","1877412378","",,"Palmas","BR","1","0.0","5","86","-1","-10.258277","-48.315151","1784194127349","2026-07-16T09:28:47","95d9d88f-a5e9-4a1f-a5e3-d31635a7afc6"
"2026-07-16T19:55:12","1697990376","Av. Siqueira Campos","","Palmas","BR","2","0.0","5","979","-1","-10.298359","-48.32771","1783909046043","2026-07-13T02:17:26","128eda9c-f215-485b-9c7c-a1544bb8c545"
"2026-07-16T19:55:12","1693573164","","","Palmas","BR","1","0.0","5","86","-1","-10.258278","-48.315151","1784081882190","2026-07-15T02:18:02","0584e645-bcd7-4670-a8e4-2c08a6763039"
"2026-07-16T19:55:12","93427342","Av. Tocantins","R. 9 de Julho","Palmas","BR","7","10.01","3","386","87","-10.336696","-48.2949","1784231679058","2026-07-16T19:54:39",
"2026-07-16T20:00:11","1764083300","Av. Siqueira Campos","","Palmas","BR","2","0.0","5","155","-1","-10.292304","-48.332966","1782872109418","2026-07-01T02:15:09","78af3b54-3dea-4f10-8eb5-5fb4a34eaabb"
"2026-07-16T20:00:11","1275283552","","Av. NS-10","Palmas","BR","1","0.0","5","70","-1","-10.258317","-48.317258","1782526649111","2026-06-27T02:17:29","3c3cc392-5d12-48d2-a44d-55f1688e96a0"
"2026-07-16T20:00:11","1693600118","Av. Siqueira Campos","","Palmas","BR","2","0.0","5","155","-1","-10.292304","-48.332966","1784081883010","2026-07-15T02:18:03","af3fc386-180b-4082-a64c-64efe9627b8d"
"2026-07-16T20:00:11","1764089184","",,"Palmas","BR","1","0.0","5","45","-1","-10.25844","-48.317041","1782872178272","2026-07-01T02:16:18","972e31c2-cd12-4c0a-b3ee-1530d2e74b4f"
"2026-07-16T20:00:11","1693596122","",,"Palmas","BR","1","0.0","5","36","-1","-10.258352","-48.316498","1784081881899","2026-07-15T02:18:01","f6a9d158-cb4d-43ec-b26e-e2687cf324bf"
"2026-07-16T20:00:11","1693618776","",,"Palmas","BR","1","0.0","5","63","-1","-10.258354","-48.315834","1784081881640","2026-07-15T02:18:01","dc9d4e1f-8670-4b13-9612-de4df2989f38"
"2026-07-16T20:00:11","1211995990","",,"Palmas","BR","1","0.0","5","21","-1","-10.258363","-48.316757","1782353685339","2026-06-25T02:14:45","a82a13e5-2525-4021-aa92-7892a48c9f70"
"2026-07-16T20:00:11","1088566738","",,"Palmas","BR","1","0.0","5","41","-1","-10.258569","-48.317408","1783562302500","2026-07-09T01:58:22","9740383b-d7ef-4ff2-9da7-1b82984db198"
"2026-07-16T20:00:11","1877536026","",,"Palmas","BR","1","0.0","5","23","-1","-10.258348","-48.316227","1784194194365","2026-07-16T09:29:54","67a7d0d3-9d61-4acd-8315-250cecac9790"
"2026-07-16T20:00:11","1693600032","",,"Palmas","BR","1","0.0","5","63","-1","-10.258354","-48.315834","1784081881899","2026-07-15T02:18:01","205a09b3-2e2f-4b45-86aa-4ea82a9ecd25"
"2026-07-16T20:00:11","1764118132","Av. Siqueira Campos","","Palmas","BR","2","0.0","5","327","-1","-10.294325","-48.33214","1782872110314","2026-07-01T02:15:10","2f08bda5-8a61-4942-836a-8f1ec7689705"
"2026-07-16T20:00:11","93756674","ACSE 1 Rua SE-1","Av. NS-2","Palmas","BR","1","9.42","3","397","112","-10.185596","-48.327865","1784231900362","2026-07-16T19:58:20",
"2026-07-16T20:00:11","1877536028","",,"Palmas","BR","1","0.0","5","23","-1","-10.258348","-48.316227","1784194194365","2026-07-16T09:29:54","151ee59d-9fc8-4482-9e04-b365b1e458b5"
"2026-07-16T20:00:11","1693600006","Av. Siqueira Campos","","Palmas","BR","2","0.0","5","327","-1","-10.294325","-48.33214","1784081881897","2026-07-15T02:18:01","2613c8db-9637-40d4-8e38-c2092c8c0dfc"
"2026-07-16T20:00:11","1090156748","Av. Siqueira Campos","","Palmas","BR","2","0.0","5","979","-1","-10.298359","-48.32771","1783563941797","2026-07-09T02:25:41","e944a470-62d5-4656-aaf0-087383708928"
"2026-07-16T20:00:11","93656130","TO-010","Av. NS 15","Palmas","BR","7","35.79","2","1677","85","-10.151519","-48.300884","1784231826344","2026-07-16T19:57:06",
"2026-07-16T20:00:11","1851288576","",,"Palmas","BR","1","0.0","5","36","-1","-10.258352","-48.316498","1784019161779","2026-07-14T08:52:41","341a3583-4137-4e82-bfbb-a67b5e845593"
"2026-07-16T20:00:11","223991394","",,"Palmas","BR","1","0.0","5","21","-1","-10.258363","-48.316757","1783180963404","2026-07-04T16:02:43","d984add8-2949-4ac0-81b5-2aa666f8ed15"
"2026-07-16T20:00:11","1694226848","",,"Palmas","BR","1","0.0","5","15","-1","-10.258365","-48.316918","1783904330428","2026-07-13T00:58:50","06d504d6-dac0-4c04-9329-7777206ab7a2"
"2026-07-16T20:00:11","1877412378","",,"Palmas","BR","1","0.0","5","86","-1","-10.258277","-48.315151","1784194127349","2026-07-16T09:28:47","95d9d88f-a5e9-4a1f-a5e3-d31635a7afc6"
"2026-07-16T20:00:11","1697990376","Av. Siqueira Campos","","Palmas","BR","2","0.0","5","979","-1","-10.298359","-48.32771","1783909046043","2026-07-13T02:17:26","128eda9c-f215-485b-9c7c-a1544bb8c545"
"2026-07-16T20:00:11","1693573164","","","Palmas","BR","1","0.0","5","86","-1","-10.258278","-48.315151","1784081882190","2026-07-15T02:18:02","0584e645-bcd7-4670-a8e4-2c08a6763039"
"2026-07-16T20:05:13","1764083300","Av. Siqueira Campos","","Palmas","BR","2","0.0","5","155","-1","-10.292304","-48.332966","1782872109418","2026-07-01T02:15:09","78af3b54-3dea-4f10-8eb5-5fb4a34eaabb"
"2026-07-16T20:05:13","1275283552","","Av. NS-10","Palmas","BR","1","0.0","5","70","-1","-10.258317","-48.317258","1782526649111","2026-06-27T02:17:29","3c3cc392-5d12-48d2-a44d-55f1688e96a0"
"2026-07-16T20:05:13","1693600118","Av. Siqueira Campos","","Palmas","BR","2","0.0","5","155","-1","-10.292304","-48.332966","1784081883010","2026-07-15T02:18:03","af3fc386-180b-4082-a64c-64efe9627b8d"
"2026-07-16T20:05:13","1764089184","",,"Palmas","BR","1","0.0","5","45","-1","-10.25844","-48.317041","1782872178272","2026-07-01T02:16:18","972e31c2-cd12-4c0a-b3ee-1530d2e74b4f"
"2026-07-16T20:05:13","1693596122","",,"Palmas","BR","1","0.0","5","36","-1","-10.258352","-48.316498","1784081881899","2026-07-15T02:18:01","f6a9d158-cb4d-43ec-b26e-e2687cf324bf"
"2026-07-16T20:05:13","1693618776","",,"Palmas","BR","1","0.0","5","63","-1","-10.258354","-48.315834","1784081881640","2026-07-15T02:18:01","dc9d4e1f-8670-4b13-9612-de4df2989f38"
"2026-07-16T20:05:13","1211995990","",,"Palmas","BR","1","0.0","5","21","-1","-10.258363","-48.316757","1782353685339","2026-06-25T02:14:45","a82a13e5-2525-4021-aa92-7892a48c9f70"
"2026-07-16T20:05:13","1088566738","",,"Palmas","BR","1","0.0","5","41","-1","-10.258569","-48.317408","1783562302500","2026-07-09T01:58:22","9740383b-d7ef-4ff2-9da7-1b82984db198"
"2026-07-16T20:05:13","1877536026","",,"Palmas","BR","1","0.0","5","23","-1","-10.258348","-48.316227","1784194194365","2026-07-16T09:29:54","67a7d0d3-9d61-4acd-8315-250cecac9790"
"2026-07-16T20:05:13","1764118132","Av. Siqueira Campos","","Palmas","BR","2","0.0","5","327","-1","-10.294325","-48.33214","1782872110314","2026-07-01T02:15:10","2f08bda5-8a61-4942-836a-8f1ec7689705"
"2026-07-16T20:05:13","1693600032","",,"Palmas","BR","1","0.0","5","63","-1","-10.258354","-48.315834","1784081881899","2026-07-15T02:18:01","205a09b3-2e2f-4b45-86aa-4ea82a9ecd25"
"2026-07-16T20:05:13","93756674","ACSE 1 Rua SE-1","Av. NS-2","Palmas","BR","1","9.87","3","397","105","-10.185596","-48.327865","1784231900362","2026-07-16T19:58:20",
"2026-07-16T20:05:13","1877536028","",,"Palmas","BR","1","0.0","5","23","-1","-10.258348","-48.316227","1784194194365","2026-07-16T09:29:54","151ee59d-9fc8-4482-9e04-b365b1e458b5"
"2026-07-16T20:05:13","1693600006","Av. Siqueira Campos","","Palmas","BR","2","0.0","5","327","-1","-10.294325","-48.33214","1784081881897","2026-07-15T02:18:01","2613c8db-9637-40d4-8e38-c2092c8c0dfc"
"2026-07-16T20:05:13","1090156748","Av. Siqueira Campos","","Palmas","BR","2","0.0","5","979","-1","-10.298359","-48.32771","1783563941797","2026-07-09T02:25:41","e944a470-62d5-4656-aaf0-087383708928"
"2026-07-16T20:05:13","1851288576","",,"Palmas","BR","1","0.0","5","36","-1","-10.258352","-48.316498","1784019161779","2026-07-14T08:52:41","341a3583-4137-4e82-bfbb-a67b5e845593"
"2026-07-16T20:05:13","94160742","BR-010","","Palmas","BR","6","25.22","2","945","61","-10.344271","-48.299939","1784232126017","2026-07-16T20:02:06",
"2026-07-16T20:05:13","1694226848","",,"Palmas","BR","1","0.0","5","15","-1","-10.258365","-48.316918","1783904330428","2026-07-13T00:58:50","06d504d6-dac0-4c04-9329-7777206ab7a2"
"2026-07-16T20:05:13","223991394","",,"Palmas","BR","1","0.0","5","21","-1","-10.258363","-48.316757","1783180963404","2026-07-04T16:02:43","d984add8-2949-4ac0-81b5-2aa666f8ed15"
"2026-07-16T20:05:13","1877412378","",,"Palmas","BR","1","0.0","5","86","-1","-10.258277","-48.315151","1784194127349","2026-07-16T09:28:47","95d9d88f-a5e9-4a1f-a5e3-d31635a7afc6"
"2026-07-16T20:05:13","1693573164","","","Palmas","BR","1","0.0","5","86","-1","-10.258278","-48.315151","1784081882190","2026-07-15T02:18:02","0584e645-bcd7-4670-a8e4-2c08a6763039"
"2026-07-16T20:05:13","1697990376","Av. Siqueira Campos","","Palmas","BR","2","0.0","5","979","-1","-10.298359","-48.32771","1783909046043","2026-07-13T02:17:26","128eda9c-f215-485b-9c7c-a1544bb8c545"
"2026-07-16T21:14:24","1764083300","Av. Siqueira Campos","","Palmas","BR","2","0","5","155","-1","-10.292304","-48.332966","1782872109418","2026-07-01T02:15:09","78af3b54-3dea-4f10-8eb5-5fb4a34eaabb"
"2026-07-16T21:14:24","1275283552","","Av. NS-10","Palmas","BR","1","0","5","70","-1","-10.258317","-48.317258","1782526649111","2026-06-27T02:17:29","3c3cc392-5d12-48d2-a44d-55f1688e96a0"
"2026-07-16T21:14:24","1693600118","Av. Siqueira Campos","","Palmas","BR","2","0","5","155","-1","-10.292304","-48.332966","1784081883010","2026-07-15T02:18:03","af3fc386-180b-4082-a64c-64efe9627b8d"
"2026-07-16T21:14:24","1764089184","",,"Palmas","BR","1","0","5","45","-1","-10.25844","-48.317041","1782872178272","2026-07-01T02:16:18","972e31c2-cd12-4c0a-b3ee-1530d2e74b4f"
"2026-07-16T21:14:24","103207456","Av. Tocantins","","Palmas","BR","7","10.45","3","396","89","-10.330363","-48.297103","1784236428280","2026-07-16T21:13:48",
"2026-07-16T21:14:24","103106274","TO-010","Av. NS 15","Palmas","BR","7","43.89","2","2150","79","-10.147888","-48.301691","1784236351374","2026-07-16T21:12:31",
"2026-07-16T21:14:24","1693596122","",,"Palmas","BR","1","0","5","36","-1","-10.258352","-48.316498","1784081881899","2026-07-15T02:18:01","f6a9d158-cb4d-43ec-b26e-e2687cf324bf"
"2026-07-16T21:14:24","1693618776","",,"Palmas","BR","1","0","5","63","-1","-10.258354","-48.315834","1784081881640","2026-07-15T02:18:01","dc9d4e1f-8670-4b13-9612-de4df2989f38"
"2026-07-16T21:14:24","1211995990","",,"Palmas","BR","1","0","5","21","-1","-10.258363","-48.316757","1782353685339","2026-06-25T02:14:45","a82a13e5-2525-4021-aa92-7892a48c9f70"
"2026-07-16T21:14:24","1088566738","",,"Palmas","BR","1","0","5","41","-1","-10.258569","-48.317408","1783562302500","2026-07-09T01:58:22","9740383b-d7ef-4ff2-9da7-1b82984db198"
"2026-07-16T21:14:24","1877536026","",,"Palmas","BR","1","0","5","23","-1","-10.258348","-48.316227","1784194194365","2026-07-16T09:29:54","67a7d0d3-9d61-4acd-8315-250cecac9790"
"2026-07-16T21:14:24","1693600032","",,"Palmas","BR","1","0","5","63","-1","-10.258354","-48.315834","1784081881899","2026-07-15T02:18:01","205a09b3-2e2f-4b45-86aa-4ea82a9ecd25"
"2026-07-16T21:14:24","1764118132","Av. Siqueira Campos","","Palmas","BR","2","0","5","327","-1","-10.294325","-48.33214","1782872110314","2026-07-01T02:15:10","2f08bda5-8a61-4942-836a-8f1ec7689705"
"2026-07-16T21:14:24","102480872","BR-010","","Palmas","BR","6","22.2","2","797","69","-10.341232","-48.299578","1784236126766","2026-07-16T21:08:46",
"2026-07-16T21:14:24","1877536028","",,"Palmas","BR","1","0","5","23","-1","-10.258348","-48.316227","1784194194365","2026-07-16T09:29:54","151ee59d-9fc8-4482-9e04-b365b1e458b5"
"2026-07-16T21:14:24","1693600006","Av. Siqueira Campos","","Palmas","BR","2","0","5","327","-1","-10.294325","-48.33214","1784081881897","2026-07-15T02:18:01","2613c8db-9637-40d4-8e38-c2092c8c0dfc"
"2026-07-16T21:14:24","1090156748","Av. Siqueira Campos","","Palmas","BR","2","0","5","979","-1","-10.298359","-48.32771","1783563941797","2026-07-09T02:25:41","e944a470-62d5-4656-aaf0-087383708928"
"2026-07-16T21:14:24","1851288576","",,"Palmas","BR","1","0","5","36","-1","-10.258352","-48.316498","1784019161779","2026-07-14T08:52:41","341a3583-4137-4e82-bfbb-a67b5e845593"
"2026-07-16T21:14:24","223991394","",,"Palmas","BR","1","0","5","21","-1","-10.258363","-48.316757","1783180963404","2026-07-04T16:02:43","d984add8-2949-4ac0-81b5-2aa666f8ed15"
"2026-07-16T21:14:24","1694226848","",,"Palmas","BR","1","0","5","15","-1","-10.258365","-48.316918","1783904330428","2026-07-13T00:58:50","06d504d6-dac0-4c04-9329-7777206ab7a2"
"2026-07-16T21:14:24","1877412378","",,"Palmas","BR","1","0","5","86","-1","-10.258277","-48.315151","1784194127349","2026-07-16T09:28:47","95d9d88f-a5e9-4a1f-a5e3-d31635a7afc6"
"2026-07-16T21:14:24","102968766","Av. LO-11","","Palmas","BR","2","11.06","3","417","72","-10.21096","-48.332208","1784236351052","2026-07-16T21:12:31",
"2026-07-16T21:14:24","1697990376","Av. Siqueira Campos","","Palmas","BR","2","0","5","979","-1","-10.298359","-48.32771","1783909046043","2026-07-13T02:17:26","128eda9c-f215-485b-9c7c-a1544bb8c545"
"2026-07-16T21:14:24","1693573164","","","Palmas","BR","1","0","5","86","-1","-10.258278","-48.315151","1784081882190","2026-07-15T02:18:02","0584e645-bcd7-4670-a8e4-2c08a6763039"
"2026-07-16T22:14:44","1764083300","Av. Siqueira Campos","","Palmas","BR","2","0","5","155","-1","-10.292304","-48.332966","1782872109418","2026-07-01T02:15:09","78af3b54-3dea-4f10-8eb5-5fb4a34eaabb"
"2026-07-16T22:14:44","1275283552","","Av. NS-10","Palmas","BR","1","0","5","70","-1","-10.258317","-48.317258","1782526649111","2026-06-27T02:17:29","3c3cc392-5d12-48d2-a44d-55f1688e96a0"
"2026-07-16T22:14:44","1693600118","Av. Siqueira Campos","","Palmas","BR","2","0","5","155","-1","-10.292304","-48.332966","1784081883010","2026-07-15T02:18:03","af3fc386-180b-4082-a64c-64efe9627b8d"
"2026-07-16T22:14:44","1764089184","",,"Palmas","BR","1","0","5","45","-1","-10.25844","-48.317041","1782872178272","2026-07-01T02:16:18","972e31c2-cd12-4c0a-b3ee-1530d2e74b4f"
"2026-07-16T22:14:44","1693596122","",,"Palmas","BR","1","0","5","36","-1","-10.258352","-48.316498","1784081881899","2026-07-15T02:18:01","f6a9d158-cb4d-43ec-b26e-e2687cf324bf"
"2026-07-16T22:14:44","111476270","Av. Siqueira Campos","","Palmas","BR","2","35.44","1","2134","80","-10.257993","-48.333308","1784240029127","2026-07-16T22:13:49",
"2026-07-16T22:14:44","1693618776","",,"Palmas","BR","1","0","5","63","-1","-10.258354","-48.315834","1784081881640","2026-07-15T02:18:01","dc9d4e1f-8670-4b13-9612-de4df2989f38"
"2026-07-16T22:14:44","1211995990","",,"Palmas","BR","1","0","5","21","-1","-10.258363","-48.316757","1782353685339","2026-06-25T02:14:45","a82a13e5-2525-4021-aa92-7892a48c9f70"
"2026-07-16T22:14:44","1088566738","",,"Palmas","BR","1","0","5","41","-1","-10.258569","-48.317408","1783562302500","2026-07-09T01:58:22","9740383b-d7ef-4ff2-9da7-1b82984db198"
"2026-07-16T22:14:44","1877536026","",,"Palmas","BR","1","0","5","23","-1","-10.258348","-48.316227","1784194194365","2026-07-16T09:29:54","67a7d0d3-9d61-4acd-8315-250cecac9790"
"2026-07-16T22:14:44","1693600032","",,"Palmas","BR","1","0","5","63","-1","-10.258354","-48.315834","1784081881899","2026-07-15T02:18:01","205a09b3-2e2f-4b45-86aa-4ea82a9ecd25"
"2026-07-16T22:14:44","1764118132","Av. Siqueira Campos","","Palmas","BR","2","0","5","327","-1","-10.294325","-48.33214","1782872110314","2026-07-01T02:15:10","2f08bda5-8a61-4942-836a-8f1ec7689705"
"2026-07-16T22:14:44","1877536028","",,"Palmas","BR","1","0","5","23","-1","-10.258348","-48.316227","1784194194365","2026-07-16T09:29:54","151ee59d-9fc8-4482-9e04-b365b1e458b5"
"2026-07-16T22:14:44","1693600006","Av. Siqueira Campos","","Palmas","BR","2","0","5","327","-1","-10.294325","-48.33214","1784081881897","2026-07-15T02:18:01","2613c8db-9637-40d4-8e38-c2092c8c0dfc"
"2026-07-16T22:14:44","1090156748","Av. Siqueira Campos","","Palmas","BR","2","0","5","979","-1","-10.298359","-48.32771","1783563941797","2026-07-09T02:25:41","e944a470-62d5-4656-aaf0-087383708928"
"2026-07-16T22:14:44","110269450","BR-010","","Palmas","BR","6","31.9","2","2492","126","-10.347791","-48.300407","1784239506086","2026-07-16T22:05:06",
"2026-07-16T22:14:44","1851288576","",,"Palmas","BR","1","0","5","36","-1","-10.258352","-48.316498","1784019161779","2026-07-14T08:52:41","341a3583-4137-4e82-bfbb-a67b5e845593"
"2026-07-16T22:14:44","223991394","",,"Palmas","BR","1","0","5","21","-1","-10.258363","-48.316757","1783180963404","2026-07-04T16:02:43","d984add8-2949-4ac0-81b5-2aa666f8ed15"
"2026-07-16T22:14:44","1694226848","",,"Palmas","BR","1","0","5","15","-1","-10.258365","-48.316918","1783904330428","2026-07-13T00:58:50","06d504d6-dac0-4c04-9329-7777206ab7a2"
"2026-07-16T22:14:44","1877412378","",,"Palmas","BR","1","0","5","86","-1","-10.258277","-48.315151","1784194127349","2026-07-16T09:28:47","95d9d88f-a5e9-4a1f-a5e3-d31635a7afc6"
"2026-07-16T22:14:44","1697990376","Av. Siqueira Campos","","Palmas","BR","2","0","5","979","-1","-10.298359","-48.32771","1783909046043","2026-07-13T02:17:26","128eda9c-f215-485b-9c7c-a1544bb8c545"
"2026-07-16T22:14:44","1693573164","","","Palmas","BR","1","0","5","86","-1","-10.258278","-48.315151","1784081882190","2026-07-15T02:18:02","0584e645-bcd7-4670-a8e4-2c08a6763039"
"2026-07-16T23:10:43","1764083300","Av. Siqueira Campos","","Palmas","BR","2","0","5","155","-1","-10.292304","-48.332966","1782872109418","2026-07-01T02:15:09","78af3b54-3dea-4f10-8eb5-5fb4a34eaabb"
"2026-07-16T23:10:43","1275283552","","Av. NS-10","Palmas","BR","1","0","5","70","-1","-10.258317","-48.317258","1782526649111","2026-06-27T02:17:29","3c3cc392-5d12-48d2-a44d-55f1688e96a0"
"2026-07-16T23:10:43","1693600118","Av. Siqueira Campos","","Palmas","BR","2","0","5","155","-1","-10.292304","-48.332966","1784081883010","2026-07-15T02:18:03","af3fc386-180b-4082-a64c-64efe9627b8d"
"2026-07-16T23:10:43","1764089184","",,"Palmas","BR","1","0","5","45","-1","-10.25844","-48.317041","1782872178272","2026-07-01T02:16:18","972e31c2-cd12-4c0a-b3ee-1530d2e74b4f"
"2026-07-16T23:10:43","118021184","TO-010","","Palmas","BR","7","19.24","3","1023","129","-10.163422","-48.299935","1784243283456","2026-07-16T23:08:03",
"2026-07-16T23:10:43","1693596122","",,"Palmas","BR","1","0","5","36","-1","-10.258352","-48.316498","1784081881899","2026-07-15T02:18:01","f6a9d158-cb4d-43ec-b26e-e2687cf324bf"
"2026-07-16T23:10:43","118118560","ARNO 41 Al. 3","ARNO 41 Al. 10","Palmas","BR","1","6.74","3","276","80","-10.162932","-48.336792","1784243284213","2026-07-16T23:08:04",
"2026-07-16T23:10:43","1693618776","",,"Palmas","BR","1","0","5","63","-1","-10.258354","-48.315834","1784081881640","2026-07-15T02:18:01","dc9d4e1f-8670-4b13-9612-de4df2989f38"
"2026-07-16T23:10:43","1211995990","",,"Palmas","BR","1","0","5","21","-1","-10.258363","-48.316757","1782353685339","2026-06-25T02:14:45","a82a13e5-2525-4021-aa92-7892a48c9f70"
"2026-07-16T23:10:43","117531598","Av. LO-7",,"Palmas","BR","2","12.65","3","529","91","-10.201165","-48.314664","1784242995222","2026-07-16T23:03:15",
"2026-07-16T23:10:43","118009240","TO-020","Palmas","Palmas","BR","6","43.72","2","4513","139","-10.246681","-48.244493","1784243283885","2026-07-16T23:08:03",
"2026-07-16T23:10:43","1088566738","",,"Palmas","BR","1","0","5","41","-1","-10.258569","-48.317408","1783562302500","2026-07-09T01:58:22","9740383b-d7ef-4ff2-9da7-1b82984db198"
"2026-07-16T23:10:43","1877536026","",,"Palmas","BR","1","0","5","23","-1","-10.258348","-48.316227","1784194194365","2026-07-16T09:29:54","67a7d0d3-9d61-4acd-8315-250cecac9790"
"2026-07-16T23:10:43","1693600032","",,"Palmas","BR","1","0","5","63","-1","-10.258354","-48.315834","1784081881899","2026-07-15T02:18:01","205a09b3-2e2f-4b45-86aa-4ea82a9ecd25"
"2026-07-16T23:10:43","115127374","BR-010","","Palmas","BR","6","34.78","2","2492","103","-10.347791","-48.300407","1784241752612","2026-07-16T22:42:32",
"2026-07-16T23:10:43","1764118132","Av. Siqueira Campos","","Palmas","BR","2","0","5","327","-1","-10.294325","-48.33214","1782872110314","2026-07-01T02:15:10","2f08bda5-8a61-4942-836a-8f1ec7689705"
"2026-07-16T23:10:43","1877536028","",,"Palmas","BR","1","0","5","23","-1","-10.258348","-48.316227","1784194194365","2026-07-16T09:29:54","151ee59d-9fc8-4482-9e04-b365b1e458b5"
"2026-07-16T23:10:43","1693600006","Av. Siqueira Campos","","Palmas","BR","2","0","5","327","-1","-10.294325","-48.33214","1784081881897","2026-07-15T02:18:01","2613c8db-9637-40d4-8e38-c2092c8c0dfc"
"2026-07-16T23:10:43","1090156748","Av. Siqueira Campos","","Palmas","BR","2","0","5","979","-1","-10.298359","-48.32771","1783563941797","2026-07-09T02:25:41","e944a470-62d5-4656-aaf0-087383708928"
"2026-07-16T23:10:43","1851288576","",,"Palmas","BR","1","0","5","36","-1","-10.258352","-48.316498","1784019161779","2026-07-14T08:52:41","341a3583-4137-4e82-bfbb-a67b5e845593"
"2026-07-16T23:10:43","223991394","",,"Palmas","BR","1","0","5","21","-1","-10.258363","-48.316757","1783180963404","2026-07-04T16:02:43","d984add8-2949-4ac0-81b5-2aa666f8ed15"
"2026-07-16T23:10:43","1694226848","",,"Palmas","BR","1","0","5","15","-1","-10.258365","-48.316918","1783904330428","2026-07-13T00:58:50","06d504d6-dac0-4c04-9329-7777206ab7a2"
"2026-07-16T23:10:43","1877412378","",,"Palmas","BR","1","0","5","86","-1","-10.258277","-48.315151","1784194127349","2026-07-16T09:28:47","95d9d88f-a5e9-4a1f-a5e3-d31635a7afc6"
"2026-07-16T23:10:43","1693573164","","","Palmas","BR","1","0","5","86","-1","-10.258278","-48.315151","1784081882190","2026-07-15T02:18:02","0584e645-bcd7-4670-a8e4-2c08a6763039"
"2026-07-16T23:10:43","1697990376","Av. Siqueira Campos","","Palmas","BR","2","0","5","979","-1","-10.298359","-48.32771","1783909046043","2026-07-13T02:17:26","128eda9c-f215-485b-9c7c-a1544bb8c545"
"2026-07-17T00:10:14","1764083300","Av. Siqueira Campos","","Palmas","BR","2","0","5","155","-1","-10.292304","-48.332966","1782872109418","2026-07-01T02:15:09","78af3b54-3dea-4f10-8eb5-5fb4a34eaabb"
"2026-07-17T00:10:14","1275283552","","Av. NS-10","Palmas","BR","1","0","5","70","-1","-10.258317","-48.317258","1782526649111","2026-06-27T02:17:29","3c3cc392-5d12-48d2-a44d-55f1688e96a0"
"2026-07-17T00:10:14","1693600118","Av. Siqueira Campos","","Palmas","BR","2","0","5","155","-1","-10.292304","-48.332966","1784081883010","2026-07-15T02:18:03","af3fc386-180b-4082-a64c-64efe9627b8d"
"2026-07-17T00:10:14","1764089184","",,"Palmas","BR","1","0","5","45","-1","-10.25844","-48.317041","1782872178272","2026-07-01T02:16:18","972e31c2-cd12-4c0a-b3ee-1530d2e74b4f"
"2026-07-17T00:10:14","1693596122","",,"Palmas","BR","1","0","5","36","-1","-10.258352","-48.316498","1784081881899","2026-07-15T02:18:01","f6a9d158-cb4d-43ec-b26e-e2687cf324bf"
"2026-07-17T00:10:14","1693618776","",,"Palmas","BR","1","0","5","63","-1","-10.258354","-48.315834","1784081881640","2026-07-15T02:18:01","dc9d4e1f-8670-4b13-9612-de4df2989f38"
"2026-07-17T00:10:14","1211995990","",,"Palmas","BR","1","0","5","21","-1","-10.258363","-48.316757","1782353685339","2026-06-25T02:14:45","a82a13e5-2525-4021-aa92-7892a48c9f70"
"2026-07-17T00:10:14","124619584","TO-030","Taquarussu do Porto (Palmas)","Taquarussu do Porto (Palmas)","BR","7","57.87","1","4415","79","-10.285316","-48.114434","1784246982216","2026-07-17T00:09:42",
"2026-07-17T00:10:14","1088566738","",,"Palmas","BR","1","0","5","41","-1","-10.258569","-48.317408","1783562302500","2026-07-09T01:58:22","9740383b-d7ef-4ff2-9da7-1b82984db198"
"2026-07-17T00:10:14","1877536026","",,"Palmas","BR","1","0","5","23","-1","-10.258348","-48.316227","1784194194365","2026-07-16T09:29:54","67a7d0d3-9d61-4acd-8315-250cecac9790"
"2026-07-17T00:10:14","1693600032","",,"Palmas","BR","1","0","5","63","-1","-10.258354","-48.315834","1784081881899","2026-07-15T02:18:01","205a09b3-2e2f-4b45-86aa-4ea82a9ecd25"
"2026-07-17T00:10:14","1764118132","Av. Siqueira Campos","","Palmas","BR","2","0","5","327","-1","-10.294325","-48.33214","1782872110314","2026-07-01T02:15:10","2f08bda5-8a61-4942-836a-8f1ec7689705"
"2026-07-17T00:10:14","1877536028","",,"Palmas","BR","1","0","5","23","-1","-10.258348","-48.316227","1784194194365","2026-07-16T09:29:54","151ee59d-9fc8-4482-9e04-b365b1e458b5"
"2026-07-17T00:10:14","1693600006","Av. Siqueira Campos","","Palmas","BR","2","0","5","327","-1","-10.294325","-48.33214","1784081881897","2026-07-15T02:18:01","2613c8db-9637-40d4-8e38-c2092c8c0dfc"
"2026-07-17T00:10:14","1090156748","Av. Siqueira Campos","","Palmas","BR","2","0","5","979","-1","-10.298359","-48.32771","1783563941797","2026-07-09T02:25:41","e944a470-62d5-4656-aaf0-087383708928"
"2026-07-17T00:10:14","1851288576","",,"Palmas","BR","1","0","5","36","-1","-10.258352","-48.316498","1784019161779","2026-07-14T08:52:41","341a3583-4137-4e82-bfbb-a67b5e845593"
"2026-07-17T00:10:14","124654708","ARNE 24 Al. 10","ARNE 24 Al. 12","Palmas","BR","1","3.64","2","231","112","-10.17404","-48.31085","1784246981728","2026-07-17T00:09:41",
"2026-07-17T00:10:14","223991394","",,"Palmas","BR","1","0","5","21","-1","-10.258363","-48.316757","1783180963404","2026-07-04T16:02:43","d984add8-2949-4ac0-81b5-2aa666f8ed15"
"2026-07-17T00:10:14","1694226848","",,"Palmas","BR","1","0","5","15","-1","-10.258365","-48.316918","1783904330428","2026-07-13T00:58:50","06d504d6-dac0-4c04-9329-7777206ab7a2"
"2026-07-17T00:10:14","1877412378","",,"Palmas","BR","1","0","5","86","-1","-10.258277","-48.315151","1784194127349","2026-07-16T09:28:47","95d9d88f-a5e9-4a1f-a5e3-d31635a7afc6"
"2026-07-17T00:10:14","1693573164","","","Palmas","BR","1","0","5","86","-1","-10.258278","-48.315151","1784081882190","2026-07-15T02:18:02","0584e645-bcd7-4670-a8e4-2c08a6763039"
"2026-07-17T00:10:14","1697990376","Av. Siqueira Campos","","Palmas","BR","2","0","5","979","-1","-10.298359","-48.32771","1783909046043","2026-07-13T02:17:26","128eda9c-f215-485b-9c7c-a1544bb8c545"
"2026-07-17T03:33:01","1764083300","Av. Siqueira Campos","","Palmas","BR","2","0","5","155","-1","-10.292304","-48.332966","1782872109418","2026-07-01T02:15:09","78af3b54-3dea-4f10-8eb5-5fb4a34eaabb"
"2026-07-17T03:33:01","134040734","",,"Palmas","BR","1","0","5","23","-1","-10.258348","-48.316227","1784254601156","2026-07-17T02:16:41","151ee59d-9fc8-4482-9e04-b365b1e458b5"
"2026-07-17T03:33:01","1275283552","","Av. NS-10","Palmas","BR","1","0","5","70","-1","-10.258317","-48.317258","1782526649111","2026-06-27T02:17:29","3c3cc392-5d12-48d2-a44d-55f1688e96a0"
"2026-07-17T03:33:01","1693600118","Av. Siqueira Campos","","Palmas","BR","2","0","5","155","-1","-10.292304","-48.332966","1784081883010","2026-07-15T02:18:03","af3fc386-180b-4082-a64c-64efe9627b8d"
"2026-07-17T03:33:01","1764089184","",,"Palmas","BR","1","0","5","45","-1","-10.25844","-48.317041","1782872178272","2026-07-01T02:16:18","972e31c2-cd12-4c0a-b3ee-1530d2e74b4f"
"2026-07-17T03:33:01","1693596122","",,"Palmas","BR","1","0","5","36","-1","-10.258352","-48.316498","1784081881899","2026-07-15T02:18:01","f6a9d158-cb4d-43ec-b26e-e2687cf324bf"
"2026-07-17T03:33:01","1693618776","",,"Palmas","BR","1","0","5","63","-1","-10.258354","-48.315834","1784081881640","2026-07-15T02:18:01","dc9d4e1f-8670-4b13-9612-de4df2989f38"
"2026-07-17T03:33:01","1211995990","",,"Palmas","BR","1","0","5","21","-1","-10.258363","-48.316757","1782353685339","2026-06-25T02:14:45","a82a13e5-2525-4021-aa92-7892a48c9f70"
"2026-07-17T03:33:01","1088566738","",,"Palmas","BR","1","0","5","41","-1","-10.258569","-48.317408","1783562302500","2026-07-09T01:58:22","9740383b-d7ef-4ff2-9da7-1b82984db198"
"2026-07-17T03:33:01","1877536026","",,"Palmas","BR","1","0","5","23","-1","-10.258348","-48.316227","1784194194365","2026-07-16T09:29:54","67a7d0d3-9d61-4acd-8315-250cecac9790"
"2026-07-17T03:33:01","1693600032","",,"Palmas","BR","1","0","5","63","-1","-10.258354","-48.315834","1784081881899","2026-07-15T02:18:01","205a09b3-2e2f-4b45-86aa-4ea82a9ecd25"
"2026-07-17T03:33:01","1764118132","Av. Siqueira Campos","","Palmas","BR","2","0","5","327","-1","-10.294325","-48.33214","1782872110314","2026-07-01T02:15:10","2f08bda5-8a61-4942-836a-8f1ec7689705"
"2026-07-17T03:33:01","1693600006","Av. Siqueira Campos","","Palmas","BR","2","0","5","327","-1","-10.294325","-48.33214","1784081881897","2026-07-15T02:18:01","2613c8db-9637-40d4-8e38-c2092c8c0dfc"
"2026-07-17T03:33:01","1090156748","Av. Siqueira Campos","","Palmas","BR","2","0","5","979","-1","-10.298359","-48.32771","1783563941797","2026-07-09T02:25:41","e944a470-62d5-4656-aaf0-087383708928"
"2026-07-17T03:33:01","136832464","Av. NS-5","","Palmas","BR","2","7.32","4","303","123","-10.168892","-48.347329","1784258994865","2026-07-17T03:29:54",
"2026-07-17T03:33:01","1851288576","",,"Palmas","BR","1","0","5","36","-1","-10.258352","-48.316498","1784019161779","2026-07-14T08:52:41","341a3583-4137-4e82-bfbb-a67b5e845593"
"2026-07-17T03:33:01","1694226848","",,"Palmas","BR","1","0","5","15","-1","-10.258365","-48.316918","1783904330428","2026-07-13T00:58:50","06d504d6-dac0-4c04-9329-7777206ab7a2"
"2026-07-17T03:33:01","223991394","",,"Palmas","BR","1","0","5","21","-1","-10.258363","-48.316757","1783180963404","2026-07-04T16:02:43","d984add8-2949-4ac0-81b5-2aa666f8ed15"
"2026-07-17T03:33:01","1877412378","",,"Palmas","BR","1","0","5","86","-1","-10.258277","-48.315151","1784194127349","2026-07-16T09:28:47","95d9d88f-a5e9-4a1f-a5e3-d31635a7afc6"
"2026-07-17T03:33:01","1693573164","","","Palmas","BR","1","0","5","86","-1","-10.258278","-48.315151","1784081882190","2026-07-15T02:18:02","0584e645-bcd7-4670-a8e4-2c08a6763039"
"2026-07-17T03:33:01","1697990376","Av. Siqueira Campos","","Palmas","BR","2","0","5","979","-1","-10.298359","-48.32771","1783909046043","2026-07-13T02:17:26","128eda9c-f215-485b-9c7c-a1544bb8c545"
"2026-07-17T06:00:51","1764083300","Av. Siqueira Campos","","Palmas","BR","2","0","5","155","-1","-10.292304","-48.332966","1782872109418","2026-07-01T02:15:09","78af3b54-3dea-4f10-8eb5-5fb4a34eaabb"
"2026-07-17T06:00:51","134040734","",,"Palmas","BR","1","0","5","23","-1","-10.258348","-48.316227","1784254601156","2026-07-17T02:16:41","151ee59d-9fc8-4482-9e04-b365b1e458b5"
"2026-07-17T06:00:51","1275283552","","Av. NS-10","Palmas","BR","1","0","5","70","-1","-10.258317","-48.317258","1782526649111","2026-06-27T02:17:29","3c3cc392-5d12-48d2-a44d-55f1688e96a0"
"2026-07-17T06:00:51","1693600118","Av. Siqueira Campos","","Palmas","BR","2","0","5","155","-1","-10.292304","-48.332966","1784081883010","2026-07-15T02:18:03","af3fc386-180b-4082-a64c-64efe9627b8d"
"2026-07-17T06:00:51","1764089184","",,"Palmas","BR","1","0","5","45","-1","-10.25844","-48.317041","1782872178272","2026-07-01T02:16:18","972e31c2-cd12-4c0a-b3ee-1530d2e74b4f"
"2026-07-17T06:00:51","1693596122","",,"Palmas","BR","1","0","5","36","-1","-10.258352","-48.316498","1784081881899","2026-07-15T02:18:01","f6a9d158-cb4d-43ec-b26e-e2687cf324bf"
"2026-07-17T06:00:51","1693618776","",,"Palmas","BR","1","0","5","63","-1","-10.258354","-48.315834","1784081881640","2026-07-15T02:18:01","dc9d4e1f-8670-4b13-9612-de4df2989f38"
"2026-07-17T06:00:51","1211995990","",,"Palmas","BR","1","0","5","21","-1","-10.258363","-48.316757","1782353685339","2026-06-25T02:14:45","a82a13e5-2525-4021-aa92-7892a48c9f70"
"2026-07-17T06:00:51","1088566738","",,"Palmas","BR","1","0","5","41","-1","-10.258569","-48.317408","1783562302500","2026-07-09T01:58:22","9740383b-d7ef-4ff2-9da7-1b82984db198"
"2026-07-17T06:00:51","1877536026","",,"Palmas","BR","1","0","5","23","-1","-10.258348","-48.316227","1784194194365","2026-07-16T09:29:54","67a7d0d3-9d61-4acd-8315-250cecac9790"
"2026-07-17T06:00:51","1693600032","",,"Palmas","BR","1","0","5","63","-1","-10.258354","-48.315834","1784081881899","2026-07-15T02:18:01","205a09b3-2e2f-4b45-86aa-4ea82a9ecd25"
"2026-07-17T06:00:51","1764118132","Av. Siqueira Campos","","Palmas","BR","2","0","5","327","-1","-10.294325","-48.33214","1782872110314","2026-07-01T02:15:10","2f08bda5-8a61-4942-836a-8f1ec7689705"
"2026-07-17T06:00:51","1693600006","Av. Siqueira Campos","","Palmas","BR","2","0","5","327","-1","-10.294325","-48.33214","1784081881897","2026-07-15T02:18:01","2613c8db-9637-40d4-8e38-c2092c8c0dfc"
"2026-07-17T06:00:51","1090156748","Av. Siqueira Campos","","Palmas","BR","2","0","5","979","-1","-10.298359","-48.32771","1783563941797","2026-07-09T02:25:41","e944a470-62d5-4656-aaf0-087383708928"
"2026-07-17T06:00:51","1851288576","",,"Palmas","BR","1","0","5","36","-1","-10.258352","-48.316498","1784019161779","2026-07-14T08:52:41","341a3583-4137-4e82-bfbb-a67b5e845593"
"2026-07-17T06:00:51","1694226848","",,"Palmas","BR","1","0","5","15","-1","-10.258365","-48.316918","1783904330428","2026-07-13T00:58:50","06d504d6-dac0-4c04-9329-7777206ab7a2"
"2026-07-17T06:00:51","223991394","",,"Palmas","BR","1","0","5","21","-1","-10.258363","-48.316757","1783180963404","2026-07-04T16:02:43","d984add8-2949-4ac0-81b5-2aa666f8ed15"
"2026-07-17T06:00:51","1877412378","",,"Palmas","BR","1","0","5","86","-1","-10.258277","-48.315151","1784194127349","2026-07-16T09:28:47","95d9d88f-a5e9-4a1f-a5e3-d31635a7afc6"
"2026-07-17T06:00:51","1693573164","","","Palmas","BR","1","0","5","86","-1","-10.258278","-48.315151","1784081882190","2026-07-15T02:18:02","0584e645-bcd7-4670-a8e4-2c08a6763039"
"2026-07-17T06:00:51","1697990376","Av. Siqueira Campos","","Palmas","BR","2","0","5","979","-1","-10.298359","-48.32771","1783909046043","2026-07-13T02:17:26","128eda9c-f215-485b-9c7c-a1544bb8c545"
"2026-07-17T08:12:51","1764083300","Av. Siqueira Campos","","Palmas","BR","2","0","5","155","-1","-10.292304","-48.332966","1782872109418","2026-07-01T02:15:09","78af3b54-3dea-4f10-8eb5-5fb4a34eaabb"
"2026-07-17T08:12:51","134040734","",,"Palmas","BR","1","0","5","23","-1","-10.258348","-48.316227","1784254601156","2026-07-17T02:16:41","151ee59d-9fc8-4482-9e04-b365b1e458b5"
"2026-07-17T08:12:51","1275283552","","Av. NS-10","Palmas","BR","1","0","5","70","-1","-10.258317","-48.317258","1782526649111","2026-06-27T02:17:29","3c3cc392-5d12-48d2-a44d-55f1688e96a0"
"2026-07-17T08:12:51","1693600118","Av. Siqueira Campos","","Palmas","BR","2","0","5","155","-1","-10.292304","-48.332966","1784081883010","2026-07-15T02:18:03","af3fc386-180b-4082-a64c-64efe9627b8d"
"2026-07-17T08:12:51","1764089184","",,"Palmas","BR","1","0","5","45","-1","-10.25844","-48.317041","1782872178272","2026-07-01T02:16:18","972e31c2-cd12-4c0a-b3ee-1530d2e74b4f"
"2026-07-17T08:12:51","1693596122","",,"Palmas","BR","1","0","5","36","-1","-10.258352","-48.316498","1784081881899","2026-07-15T02:18:01","f6a9d158-cb4d-43ec-b26e-e2687cf324bf"
"2026-07-17T08:12:51","1693618776","",,"Palmas","BR","1","0","5","63","-1","-10.258354","-48.315834","1784081881640","2026-07-15T02:18:01","dc9d4e1f-8670-4b13-9612-de4df2989f38"
"2026-07-17T08:12:51","1211995990","",,"Palmas","BR","1","0","5","21","-1","-10.258363","-48.316757","1782353685339","2026-06-25T02:14:45","a82a13e5-2525-4021-aa92-7892a48c9f70"
"2026-07-17T08:12:51","1088566738","",,"Palmas","BR","1","0","5","41","-1","-10.258569","-48.317408","1783562302500","2026-07-09T01:58:22","9740383b-d7ef-4ff2-9da7-1b82984db198"
"2026-07-17T08:12:51","1877536026","",,"Palmas","BR","1","0","5","23","-1","-10.258348","-48.316227","1784194194365","2026-07-16T09:29:54","67a7d0d3-9d61-4acd-8315-250cecac9790"
"2026-07-17T08:12:51","1693600032","",,"Palmas","BR","1","0","5","63","-1","-10.258354","-48.315834","1784081881899","2026-07-15T02:18:01","205a09b3-2e2f-4b45-86aa-4ea82a9ecd25"
"2026-07-17T08:12:51","1764118132","Av. Siqueira Campos","","Palmas","BR","2","0","5","327","-1","-10.294325","-48.33214","1782872110314","2026-07-01T02:15:10","2f08bda5-8a61-4942-836a-8f1ec7689705"
"2026-07-17T08:12:51","1693600006","Av. Siqueira Campos","","Palmas","BR","2","0","5","327","-1","-10.294325","-48.33214","1784081881897","2026-07-15T02:18:01","2613c8db-9637-40d4-8e38-c2092c8c0dfc"
"2026-07-17T08:12:51","1090156748","Av. Siqueira Campos","","Palmas","BR","2","0","5","979","-1","-10.298359","-48.32771","1783563941797","2026-07-09T02:25:41","e944a470-62d5-4656-aaf0-087383708928"
"2026-07-17T08:12:51","1851288576","",,"Palmas","BR","1","0","5","36","-1","-10.258352","-48.316498","1784019161779","2026-07-14T08:52:41","341a3583-4137-4e82-bfbb-a67b5e845593"
"2026-07-17T08:12:51","1694226848","",,"Palmas","BR","1","0","5","15","-1","-10.258365","-48.316918","1783904330428","2026-07-13T00:58:50","06d504d6-dac0-4c04-9329-7777206ab7a2"
"2026-07-17T08:12:51","223991394","",,"Palmas","BR","1","0","5","21","-1","-10.258363","-48.316757","1783180963404","2026-07-04T16:02:43","d984add8-2949-4ac0-81b5-2aa666f8ed15"
"2026-07-17T08:12:51","1877412378","",,"Palmas","BR","1","0","5","86","-1","-10.258277","-48.315151","1784194127349","2026-07-16T09:28:47","95d9d88f-a5e9-4a1f-a5e3-d31635a7afc6"
"2026-07-17T08:12:51","1693573164","","","Palmas","BR","1","0","5","86","-1","-10.258278","-48.315151","1784081882190","2026-07-15T02:18:02","0584e645-bcd7-4670-a8e4-2c08a6763039"
"2026-07-17T08:12:51","1697990376","Av. Siqueira Campos","","Palmas","BR","2","0","5","979","-1","-10.298359","-48.32771","1783909046043","2026-07-13T02:17:26","128eda9c-f215-485b-9c7c-a1544bb8c545"
"2026-07-17T10:10:46","1764083300","Av. Siqueira Campos","","Palmas","BR","2","0","5","155","-1","-10.292304","-48.332966","1782872109418","2026-07-01T02:15:09","78af3b54-3dea-4f10-8eb5-5fb4a34eaabb"
"2026-07-17T10:10:46","134040734","",,"Palmas","BR","1","0","5","23","-1","-10.258348","-48.316227","1784254601156","2026-07-17T02:16:41","151ee59d-9fc8-4482-9e04-b365b1e458b5"
"2026-07-17T10:10:46","1275283552","","Av. NS-10","Palmas","BR","1","0","5","70","-1","-10.258317","-48.317258","1782526649111","2026-06-27T02:17:29","3c3cc392-5d12-48d2-a44d-55f1688e96a0"
"2026-07-17T10:10:46","1693600118","Av. Siqueira Campos","","Palmas","BR","2","0","5","155","-1","-10.292304","-48.332966","1784081883010","2026-07-15T02:18:03","af3fc386-180b-4082-a64c-64efe9627b8d"
"2026-07-17T10:10:46","1764089184","",,"Palmas","BR","1","0","5","45","-1","-10.25844","-48.317041","1782872178272","2026-07-01T02:16:18","972e31c2-cd12-4c0a-b3ee-1530d2e74b4f"
"2026-07-17T10:10:46","1693596122","",,"Palmas","BR","1","0","5","36","-1","-10.258352","-48.316498","1784081881899","2026-07-15T02:18:01","f6a9d158-cb4d-43ec-b26e-e2687cf324bf"
"2026-07-17T10:10:46","1693618776","",,"Palmas","BR","1","0","5","63","-1","-10.258354","-48.315834","1784081881640","2026-07-15T02:18:01","dc9d4e1f-8670-4b13-9612-de4df2989f38"
"2026-07-17T10:10:46","1211995990","",,"Palmas","BR","1","0","5","21","-1","-10.258363","-48.316757","1782353685339","2026-06-25T02:14:45","a82a13e5-2525-4021-aa92-7892a48c9f70"
"2026-07-17T10:10:46","1088566738","",,"Palmas","BR","1","0","5","41","-1","-10.258569","-48.317408","1783562302500","2026-07-09T01:58:22","9740383b-d7ef-4ff2-9da7-1b82984db198"
"2026-07-17T10:10:46","1877536026","",,"Palmas","BR","1","0","5","23","-1","-10.258348","-48.316227","1784194194365","2026-07-16T09:29:54","67a7d0d3-9d61-4acd-8315-250cecac9790"
"2026-07-17T10:10:46","1693600032","",,"Palmas","BR","1","0","5","63","-1","-10.258354","-48.315834","1784081881899","2026-07-15T02:18:01","205a09b3-2e2f-4b45-86aa-4ea82a9ecd25"
"2026-07-17T10:10:46","1764118132","Av. Siqueira Campos","","Palmas","BR","2","0","5","327","-1","-10.294325","-48.33214","1782872110314","2026-07-01T02:15:10","2f08bda5-8a61-4942-836a-8f1ec7689705"
"2026-07-17T10:10:46","1693600006","Av. Siqueira Campos","","Palmas","BR","2","0","5","327","-1","-10.294325","-48.33214","1784081881897","2026-07-15T02:18:01","2613c8db-9637-40d4-8e38-c2092c8c0dfc"
"2026-07-17T10:10:46","1090156748","Av. Siqueira Campos","","Palmas","BR","2","0","5","979","-1","-10.298359","-48.32771","1783563941797","2026-07-09T02:25:41","e944a470-62d5-4656-aaf0-087383708928"
"2026-07-17T10:10:46","1851288576","",,"Palmas","BR","1","0","5","36","-1","-10.258352","-48.316498","1784019161779","2026-07-14T08:52:41","341a3583-4137-4e82-bfbb-a67b5e845593"
"2026-07-17T10:10:46","1694226848","",,"Palmas","BR","1","0","5","15","-1","-10.258365","-48.316918","1783904330428","2026-07-13T00:58:50","06d504d6-dac0-4c04-9329-7777206ab7a2"
"2026-07-17T10:10:46","223991394","",,"Palmas","BR","1","0","5","21","-1","-10.258363","-48.316757","1783180963404","2026-07-04T16:02:43","d984add8-2949-4ac0-81b5-2aa666f8ed15"
"2026-07-17T10:10:46","1877412378","",,"Palmas","BR","1","0","5","86","-1","-10.258277","-48.315151","1784194127349","2026-07-16T09:28:47","95d9d88f-a5e9-4a1f-a5e3-d31635a7afc6"
"2026-07-17T10:10:46","1693573164","","","Palmas","BR","1","0","5","86","-1","-10.258278","-48.315151","1784081882190","2026-07-15T02:18:02","0584e645-bcd7-4670-a8e4-2c08a6763039"
"2026-07-17T10:10:46","1697990376","Av. Siqueira Campos","","Palmas","BR","2","0","5","979","-1","-10.298359","-48.32771","1783909046043","2026-07-13T02:17:26","128eda9c-f215-485b-9c7c-a1544bb8c545"
"2026-07-17T11:38:28","1764083300","Av. Siqueira Campos","","Palmas","BR","2","0","5","155","-1","-10.292304","-48.332966","1782872109418","2026-07-01T02:15:09","78af3b54-3dea-4f10-8eb5-5fb4a34eaabb"
"2026-07-17T11:38:28","1275283552","","Av. NS-10","Palmas","BR","1","0","5","70","-1","-10.258317","-48.317258","1782526649111","2026-06-27T02:17:29","3c3cc392-5d12-48d2-a44d-55f1688e96a0"
"2026-07-17T11:38:28","134040734","",,"Palmas","BR","1","0","5","23","-1","-10.258348","-48.316227","1784254601156","2026-07-17T02:16:41","151ee59d-9fc8-4482-9e04-b365b1e458b5"
"2026-07-17T11:38:28","1693600118","Av. Siqueira Campos","","Palmas","BR","2","0","5","155","-1","-10.292304","-48.332966","1784081883010","2026-07-15T02:18:03","af3fc386-180b-4082-a64c-64efe9627b8d"
"2026-07-17T11:38:28","1764089184","",,"Palmas","BR","1","0","5","45","-1","-10.25844","-48.317041","1782872178272","2026-07-01T02:16:18","972e31c2-cd12-4c0a-b3ee-1530d2e74b4f"
"2026-07-17T11:38:28","1693596122","",,"Palmas","BR","1","0","5","36","-1","-10.258352","-48.316498","1784081881899","2026-07-15T02:18:01","f6a9d158-cb4d-43ec-b26e-e2687cf324bf"
"2026-07-17T11:38:28","1693618776","",,"Palmas","BR","1","0","5","63","-1","-10.258354","-48.315834","1784081881640","2026-07-15T02:18:01","dc9d4e1f-8670-4b13-9612-de4df2989f38"
"2026-07-17T11:38:28","1211995990","",,"Palmas","BR","1","0","5","21","-1","-10.258363","-48.316757","1782353685339","2026-06-25T02:14:45","a82a13e5-2525-4021-aa92-7892a48c9f70"
"2026-07-17T11:38:28","179222818","ACNE 1 Rua NE-1","ACNE 1 Rua NE-4","Palmas","BR","1","3.75","4","253","208","-10.183451","-48.328753","1784288050590","2026-07-17T11:34:10",
"2026-07-17T11:38:28","1088566738","",,"Palmas","BR","1","0","5","41","-1","-10.258569","-48.317408","1783562302500","2026-07-09T01:58:22","9740383b-d7ef-4ff2-9da7-1b82984db198"
"2026-07-17T11:38:28","1764118132","Av. Siqueira Campos","","Palmas","BR","2","0","5","327","-1","-10.294325","-48.33214","1782872110314","2026-07-01T02:15:10","2f08bda5-8a61-4942-836a-8f1ec7689705"
"2026-07-17T11:38:28","1877536026","",,"Palmas","BR","1","0","5","23","-1","-10.258348","-48.316227","1784194194365","2026-07-16T09:29:54","67a7d0d3-9d61-4acd-8315-250cecac9790"
"2026-07-17T11:38:28","1693600032","",,"Palmas","BR","1","0","5","63","-1","-10.258354","-48.315834","1784081881899","2026-07-15T02:18:01","205a09b3-2e2f-4b45-86aa-4ea82a9ecd25"
"2026-07-17T11:38:28","1693600006","Av. Siqueira Campos","","Palmas","BR","2","0","5","327","-1","-10.294325","-48.33214","1784081881897","2026-07-15T02:18:01","2613c8db-9637-40d4-8e38-c2092c8c0dfc"
"2026-07-17T11:38:28","1090156748","Av. Siqueira Campos","","Palmas","BR","2","0","5","979","-1","-10.298359","-48.32771","1783563941797","2026-07-09T02:25:41","e944a470-62d5-4656-aaf0-087383708928"
"2026-07-17T11:38:28","1851288576","",,"Palmas","BR","1","0","5","36","-1","-10.258352","-48.316498","1784019161779","2026-07-14T08:52:41","341a3583-4137-4e82-bfbb-a67b5e845593"
"2026-07-17T11:38:28","223991394","",,"Palmas","BR","1","0","5","21","-1","-10.258363","-48.316757","1783180963404","2026-07-04T16:02:43","d984add8-2949-4ac0-81b5-2aa666f8ed15"
"2026-07-17T11:38:28","1694226848","",,"Palmas","BR","1","0","5","15","-1","-10.258365","-48.316918","1783904330428","2026-07-13T00:58:50","06d504d6-dac0-4c04-9329-7777206ab7a2"
"2026-07-17T11:38:28","1697990376","Av. Siqueira Campos","","Palmas","BR","2","0","5","979","-1","-10.298359","-48.32771","1783909046043","2026-07-13T02:17:26","128eda9c-f215-485b-9c7c-a1544bb8c545"
"2026-07-17T11:38:28","1877412378","",,"Palmas","BR","1","0","5","86","-1","-10.258277","-48.315151","1784194127349","2026-07-16T09:28:47","95d9d88f-a5e9-4a1f-a5e3-d31635a7afc6"
"2026-07-17T11:38:28","1693573164","","","Palmas","BR","1","0","5","86","-1","-10.258278","-48.315151","1784081882190","2026-07-15T02:18:02","0584e645-bcd7-4670-a8e4-2c08a6763039"
"2026-07-17T12:45:44","1764083300","Av. Siqueira Campos","","Palmas","BR","2","0","5","155","-1","-10.292304","-48.332966","1782872109418","2026-07-01T02:15:09","78af3b54-3dea-4f10-8eb5-5fb4a34eaabb"
"2026-07-17T12:45:44","134040734","",,"Palmas","BR","1","0","5","23","-1","-10.258348","-48.316227","1784254601156","2026-07-17T02:16:41","151ee59d-9fc8-4482-9e04-b365b1e458b5"
"2026-07-17T12:45:44","1275283552","","Av. NS-10","Palmas","BR","1","0","5","70","-1","-10.258317","-48.317258","1782526649111","2026-06-27T02:17:29","3c3cc392-5d12-48d2-a44d-55f1688e96a0"
"2026-07-17T12:45:44","1693600118","Av. Siqueira Campos","","Palmas","BR","2","0","5","155","-1","-10.292304","-48.332966","1784081883010","2026-07-15T02:18:03","af3fc386-180b-4082-a64c-64efe9627b8d"
"2026-07-17T12:45:44","1764089184","",,"Palmas","BR","1","0","5","45","-1","-10.25844","-48.317041","1782872178272","2026-07-01T02:16:18","972e31c2-cd12-4c0a-b3ee-1530d2e74b4f"
"2026-07-17T12:45:44","1693596122","",,"Palmas","BR","1","0","5","36","-1","-10.258352","-48.316498","1784081881899","2026-07-15T02:18:01","f6a9d158-cb4d-43ec-b26e-e2687cf324bf"
"2026-07-17T12:45:44","1693618776","",,"Palmas","BR","1","0","5","63","-1","-10.258354","-48.315834","1784081881640","2026-07-15T02:18:01","dc9d4e1f-8670-4b13-9612-de4df2989f38"
"2026-07-17T12:45:44","1211995990","",,"Palmas","BR","1","0","5","21","-1","-10.258363","-48.316757","1782353685339","2026-06-25T02:14:45","a82a13e5-2525-4021-aa92-7892a48c9f70"
"2026-07-17T12:45:44","1088566738","",,"Palmas","BR","1","0","5","41","-1","-10.258569","-48.317408","1783562302500","2026-07-09T01:58:22","9740383b-d7ef-4ff2-9da7-1b82984db198"
"2026-07-17T12:45:44","1877536026","",,"Palmas","BR","1","0","5","23","-1","-10.258348","-48.316227","1784194194365","2026-07-16T09:29:54","67a7d0d3-9d61-4acd-8315-250cecac9790"
"2026-07-17T12:45:44","1693600032","",,"Palmas","BR","1","0","5","63","-1","-10.258354","-48.315834","1784081881899","2026-07-15T02:18:01","205a09b3-2e2f-4b45-86aa-4ea82a9ecd25"
"2026-07-17T12:45:44","1764118132","Av. Siqueira Campos","","Palmas","BR","2","0","5","327","-1","-10.294325","-48.33214","1782872110314","2026-07-01T02:15:10","2f08bda5-8a61-4942-836a-8f1ec7689705"
"2026-07-17T12:45:44","1693600006","Av. Siqueira Campos","","Palmas","BR","2","0","5","327","-1","-10.294325","-48.33214","1784081881897","2026-07-15T02:18:01","2613c8db-9637-40d4-8e38-c2092c8c0dfc"
"2026-07-17T12:45:44","1090156748","Av. Siqueira Campos","","Palmas","BR","2","0","5","979","-1","-10.298359","-48.32771","1783563941797","2026-07-09T02:25:41","e944a470-62d5-4656-aaf0-087383708928"
"2026-07-17T12:45:44","1851288576","",,"Palmas","BR","1","0","5","36","-1","-10.258352","-48.316498","1784019161779","2026-07-14T08:52:41","341a3583-4137-4e82-bfbb-a67b5e845593"
"2026-07-17T12:45:44","192474178","ARSE 51 Al. 2","ARSE 51 Al. 9","Palmas","BR","1","14.09","3","525","87","-10.214185","-48.329414","1784292231862","2026-07-17T12:43:51",
"2026-07-17T12:45:44","223991394","",,"Palmas","BR","1","0","5","21","-1","-10.258363","-48.316757","1783180963404","2026-07-04T16:02:43","d984add8-2949-4ac0-81b5-2aa666f8ed15"
"2026-07-17T12:45:44","1694226848","",,"Palmas","BR","1","0","5","15","-1","-10.258365","-48.316918","1783904330428","2026-07-13T00:58:50","06d504d6-dac0-4c04-9329-7777206ab7a2"
"2026-07-17T12:45:44","1693573164","","","Palmas","BR","1","0","5","86","-1","-10.258278","-48.315151","1784081882190","2026-07-15T02:18:02","0584e645-bcd7-4670-a8e4-2c08a6763039"
"2026-07-17T12:45:44","1877412378","",,"Palmas","BR","1","0","5","86","-1","-10.258277","-48.315151","1784194127349","2026-07-16T09:28:47","95d9d88f-a5e9-4a1f-a5e3-d31635a7afc6"
"2026-07-17T12:45:44","1697990376","Av. Siqueira Campos","","Palmas","BR","2","0","5","979","-1","-10.298359","-48.32771","1783909046043","2026-07-13T02:17:26","128eda9c-f215-485b-9c7c-a1544bb8c545"
"2026-07-17T14:16:50","210707790","ACSE 1 Rua SE-1","Av. NS-2","Palmas","BR","1","9.31","3","397","114","-10.185596","-48.327865","1784296843209","2026-07-17T14:00:43",
"2026-07-17T14:16:50","1764083300","Av. Siqueira Campos","","Palmas","BR","2","0","5","155","-1","-10.292304","-48.332966","1782872109418","2026-07-01T02:15:09","78af3b54-3dea-4f10-8eb5-5fb4a34eaabb"
"2026-07-17T14:16:50","1275283552","","Av. NS-10","Palmas","BR","1","0","5","70","-1","-10.258317","-48.317258","1782526649111","2026-06-27T02:17:29","3c3cc392-5d12-48d2-a44d-55f1688e96a0"
"2026-07-17T14:16:50","134040734","",,"Palmas","BR","1","0","5","23","-1","-10.258348","-48.316227","1784254601156","2026-07-17T02:16:41","151ee59d-9fc8-4482-9e04-b365b1e458b5"
"2026-07-17T14:16:50","1693600118","Av. Siqueira Campos","","Palmas","BR","2","0","5","155","-1","-10.292304","-48.332966","1784081883010","2026-07-15T02:18:03","af3fc386-180b-4082-a64c-64efe9627b8d"
"2026-07-17T14:16:50","1764089184","",,"Palmas","BR","1","0","5","45","-1","-10.25844","-48.317041","1782872178272","2026-07-01T02:16:18","972e31c2-cd12-4c0a-b3ee-1530d2e74b4f"
"2026-07-17T14:16:50","1693596122","",,"Palmas","BR","1","0","5","36","-1","-10.258352","-48.316498","1784081881899","2026-07-15T02:18:01","f6a9d158-cb4d-43ec-b26e-e2687cf324bf"
"2026-07-17T14:16:50","1693618776","",,"Palmas","BR","1","0","5","63","-1","-10.258354","-48.315834","1784081881640","2026-07-15T02:18:01","dc9d4e1f-8670-4b13-9612-de4df2989f38"
"2026-07-17T14:16:50","1211995990","",,"Palmas","BR","1","0","5","21","-1","-10.258363","-48.316757","1782353685339","2026-06-25T02:14:45","a82a13e5-2525-4021-aa92-7892a48c9f70"
"2026-07-17T14:16:50","213941198","ACNE 1 Rua NE-5","Av. NS-2","Palmas","BR","1","14.16","2","585","63","-10.181748","-48.327814","1784297651903","2026-07-17T14:14:11",
"2026-07-17T14:16:50","1088566738","",,"Palmas","BR","1","0","5","41","-1","-10.258569","-48.317408","1783562302500","2026-07-09T01:58:22","9740383b-d7ef-4ff2-9da7-1b82984db198"
"2026-07-17T14:16:50","1764118132","Av. Siqueira Campos","","Palmas","BR","2","0","5","327","-1","-10.294325","-48.33214","1782872110314","2026-07-01T02:15:10","2f08bda5-8a61-4942-836a-8f1ec7689705"
"2026-07-17T14:16:50","1877536026","",,"Palmas","BR","1","0","5","23","-1","-10.258348","-48.316227","1784194194365","2026-07-16T09:29:54","67a7d0d3-9d61-4acd-8315-250cecac9790"
"2026-07-17T14:16:50","1693600032","",,"Palmas","BR","1","0","5","63","-1","-10.258354","-48.315834","1784081881899","2026-07-15T02:18:01","205a09b3-2e2f-4b45-86aa-4ea82a9ecd25"
"2026-07-17T14:16:50","1693600006","Av. Siqueira Campos","","Palmas","BR","2","0","5","327","-1","-10.294325","-48.33214","1784081881897","2026-07-15T02:18:01","2613c8db-9637-40d4-8e38-c2092c8c0dfc"
"2026-07-17T14:16:50","1090156748","Av. Siqueira Campos","","Palmas","BR","2","0","5","979","-1","-10.298359","-48.32771","1783563941797","2026-07-09T02:25:41","e944a470-62d5-4656-aaf0-087383708928"
"2026-07-17T14:16:50","1851288576","",,"Palmas","BR","1","0","5","36","-1","-10.258352","-48.316498","1784019161779","2026-07-14T08:52:41","341a3583-4137-4e82-bfbb-a67b5e845593"
"2026-07-17T14:16:50","223991394","",,"Palmas","BR","1","0","5","21","-1","-10.258363","-48.316757","1783180963404","2026-07-04T16:02:43","d984add8-2949-4ac0-81b5-2aa666f8ed15"
"2026-07-17T14:16:50","1694226848","",,"Palmas","BR","1","0","5","15","-1","-10.258365","-48.316918","1783904330428","2026-07-13T00:58:50","06d504d6-dac0-4c04-9329-7777206ab7a2"
"2026-07-17T14:16:50","1697990376","Av. Siqueira Campos","","Palmas","BR","2","0","5","979","-1","-10.298359","-48.32771","1783909046043","2026-07-13T02:17:26","128eda9c-f215-485b-9c7c-a1544bb8c545"
"2026-07-17T14:16:50","1877412378","",,"Palmas","BR","1","0","5","86","-1","-10.258277","-48.315151","1784194127349","2026-07-16T09:28:47","95d9d88f-a5e9-4a1f-a5e3-d31635a7afc6"
"2026-07-17T14:16:50","1693573164","","","Palmas","BR","1","0","5","86","-1","-10.258278","-48.315151","1784081882190","2026-07-15T02:18:02","0584e645-bcd7-4670-a8e4-2c08a6763039"
"2026-07-17T14:16:50","213499014","",,"Palmas","BR","1","13.6","2","540","98","-10.271036","-48.303215","1784297505678","2026-07-17T14:11:45",
"2026-07-17T15:42:20","1764083300","Av. Siqueira Campos","","Palmas","BR","2","0","5","155","-1","-10.292304","-48.332966","1782872109418","2026-07-01T02:15:09","78af3b54-3dea-4f10-8eb5-5fb4a34eaabb"
"2026-07-17T15:42:20","1693600118","Av. Siqueira Campos","","Palmas","BR","2","0","5","155","-1","-10.292304","-48.332966","1784081883010","2026-07-15T02:18:03","af3fc386-180b-4082-a64c-64efe9627b8d"
"2026-07-17T15:42:20","1764089184","",,"Palmas","BR","1","0","5","45","-1","-10.25844","-48.317041","1782872178272","2026-07-01T02:16:18","972e31c2-cd12-4c0a-b3ee-1530d2e74b4f"
"2026-07-17T15:42:20","1764118132","Av. Siqueira Campos","","Palmas","BR","2","0","5","327","-1","-10.294325","-48.33214","1782872110314","2026-07-01T02:15:10","2f08bda5-8a61-4942-836a-8f1ec7689705"
"2026-07-17T15:42:20","1693600032","",,"Palmas","BR","1","0","5","63","-1","-10.258354","-48.315834","1784081881899","2026-07-15T02:18:01","205a09b3-2e2f-4b45-86aa-4ea82a9ecd25"
"2026-07-17T15:42:20","235920218","Av. Ipanema","R. Oliveira","Palmas","BR","7","10.27","3","459","127","-10.355434","-48.294594","1784302588390","2026-07-17T15:36:28",
"2026-07-17T15:42:20","1851288576","",,"Palmas","BR","1","0","5","36","-1","-10.258352","-48.316498","1784019161779","2026-07-14T08:52:41","341a3583-4137-4e82-bfbb-a67b5e845593"
"2026-07-17T15:42:20","1694226848","",,"Palmas","BR","1","0","5","15","-1","-10.258365","-48.316918","1783904330428","2026-07-13T00:58:50","06d504d6-dac0-4c04-9329-7777206ab7a2"
"2026-07-17T15:42:20","1697990376","Av. Siqueira Campos","","Palmas","BR","2","0","5","979","-1","-10.298359","-48.32771","1783909046043","2026-07-13T02:17:26","128eda9c-f215-485b-9c7c-a1544bb8c545"
"2026-07-17T15:42:20","1693573164","","","Palmas","BR","1","0","5","86","-1","-10.258278","-48.315151","1784081882190","2026-07-15T02:18:02","0584e645-bcd7-4670-a8e4-2c08a6763039"
"2026-07-17T15:42:20","134040734","",,"Palmas","BR","1","0","5","23","-1","-10.258348","-48.316227","1784254601156","2026-07-17T02:16:41","151ee59d-9fc8-4482-9e04-b365b1e458b5"
"2026-07-17T15:42:20","1275283552","","Av. NS-10","Palmas","BR","1","0","5","70","-1","-10.258317","-48.317258","1782526649111","2026-06-27T02:17:29","3c3cc392-5d12-48d2-a44d-55f1688e96a0"
"2026-07-17T15:42:20","1693596122","",,"Palmas","BR","1","0","5","36","-1","-10.258352","-48.316498","1784081881899","2026-07-15T02:18:01","f6a9d158-cb4d-43ec-b26e-e2687cf324bf"
"2026-07-17T15:42:20","227242914","Rua 23","Rua Belo Horizonte","Taquarussu do Porto (Palmas)","BR","1","0","5","148","-1","-10.315312","-48.158983","1784300626503","2026-07-17T15:03:46","0c3944a0-e1e4-48dd-b26d-63d5822bfc7b"
"2026-07-17T15:42:20","236694514","Av. Contorno","","Palmas","BR","1","15.76","3","529","72","-10.342222","-48.303102","1784302737143","2026-07-17T15:38:57",
"2026-07-17T15:42:20","1693618776","",,"Palmas","BR","1","0","5","63","-1","-10.258354","-48.315834","1784081881640","2026-07-15T02:18:01","dc9d4e1f-8670-4b13-9612-de4df2989f38"
"2026-07-17T15:42:20","1211995990","",,"Palmas","BR","1","0","5","21","-1","-10.258363","-48.316757","1782353685339","2026-06-25T02:14:45","a82a13e5-2525-4021-aa92-7892a48c9f70"
"2026-07-17T15:42:20","227290400","Orla 14 Av. Orla","Orla 14 Al. 8","Palmas","BR","1","0","5","204","-1","-10.190127","-48.363185","1784300626520","2026-07-17T15:03:46","3291781c-27e8-4989-a13a-d0f9020b8883"
"2026-07-17T15:42:20","227242918","Rua 23","Rua Gregório Terêncio de Souza","Taquarussu do Porto (Palmas)","BR","1","0","5","148","-1","-10.315312","-48.158983","1784300626507","2026-07-17T15:03:46","bc88063a-0183-404d-bf0b-83ebca226941"
"2026-07-17T15:42:20","1088566738","",,"Palmas","BR","1","0","5","41","-1","-10.258569","-48.317408","1783562302500","2026-07-09T01:58:22","9740383b-d7ef-4ff2-9da7-1b82984db198"
"2026-07-17T15:42:20","1877536026","",,"Palmas","BR","1","0","5","23","-1","-10.258348","-48.316227","1784194194365","2026-07-16T09:29:54","67a7d0d3-9d61-4acd-8315-250cecac9790"
"2026-07-17T15:42:20","1693600006","Av. Siqueira Campos","","Palmas","BR","2","0","5","327","-1","-10.294325","-48.33214","1784081881897","2026-07-15T02:18:01","2613c8db-9637-40d4-8e38-c2092c8c0dfc"
"2026-07-17T15:42:20","1090156748","Av. Siqueira Campos","","Palmas","BR","2","0","5","979","-1","-10.298359","-48.32771","1783563941797","2026-07-09T02:25:41","e944a470-62d5-4656-aaf0-087383708928"
"2026-07-17T15:42:20","236264366","",,"Palmas","BR","1","14.3","2","582","98","-10.274693","-48.300425","1784302663142","2026-07-17T15:37:43",
"2026-07-17T15:42:20","223991394","",,"Palmas","BR","1","0","5","21","-1","-10.258363","-48.316757","1783180963404","2026-07-04T16:02:43","d984add8-2949-4ac0-81b5-2aa666f8ed15"
"2026-07-17T15:42:20","1877412378","",,"Palmas","BR","1","0","5","86","-1","-10.258277","-48.315151","1784194127349","2026-07-16T09:28:47","95d9d88f-a5e9-4a1f-a5e3-d31635a7afc6"
"2026-07-17T15:42:20","226989880","Orla 14 Av. Orla","Orla 14 Al. 10","Palmas","BR","1","0","5","202","-1","-10.190245","-48.363339","1784300625681","2026-07-17T15:03:45","f6532310-ad61-458c-8024-9a03ea4a6507"
"2026-07-17T16:45:03","1764083300","Av. Siqueira Campos","","Palmas","BR","2","0","5","155","-1","-10.292304","-48.332966","1782872109418","2026-07-01T02:15:09","78af3b54-3dea-4f10-8eb5-5fb4a34eaabb"
"2026-07-17T16:45:03","1693600118","Av. Siqueira Campos","","Palmas","BR","2","0","5","155","-1","-10.292304","-48.332966","1784081883010","2026-07-15T02:18:03","af3fc386-180b-4082-a64c-64efe9627b8d"
"2026-07-17T16:45:03","1764089184","",,"Palmas","BR","1","0","5","45","-1","-10.25844","-48.317041","1782872178272","2026-07-01T02:16:18","972e31c2-cd12-4c0a-b3ee-1530d2e74b4f"
"2026-07-17T16:45:03","252084352","","BR-010","Palmas","BR","1","8.14","4","476","163","-10.284988","-48.296228","1784306402143","2026-07-17T16:40:02",
"2026-07-17T16:45:03","1693600032","",,"Palmas","BR","1","0","5","63","-1","-10.258354","-48.315834","1784081881899","2026-07-15T02:18:01","205a09b3-2e2f-4b45-86aa-4ea82a9ecd25"
"2026-07-17T16:45:03","1764118132","Av. Siqueira Campos","","Palmas","BR","2","0","5","327","-1","-10.294325","-48.33214","1782872110314","2026-07-01T02:15:10","2f08bda5-8a61-4942-836a-8f1ec7689705"
"2026-07-17T16:45:03","1851288576","",,"Palmas","BR","1","0","5","36","-1","-10.258352","-48.316498","1784019161779","2026-07-14T08:52:41","341a3583-4137-4e82-bfbb-a67b5e845593"
"2026-07-17T16:45:03","1694226848","",,"Palmas","BR","1","0","5","15","-1","-10.258365","-48.316918","1783904330428","2026-07-13T00:58:50","06d504d6-dac0-4c04-9329-7777206ab7a2"
"2026-07-17T16:45:03","1697990376","Av. Siqueira Campos","","Palmas","BR","2","0","5","979","-1","-10.298359","-48.32771","1783909046043","2026-07-13T02:17:26","128eda9c-f215-485b-9c7c-a1544bb8c545"
"2026-07-17T16:45:03","1693573164","","","Palmas","BR","1","0","5","86","-1","-10.258278","-48.315151","1784081882190","2026-07-15T02:18:02","0584e645-bcd7-4670-a8e4-2c08a6763039"
"2026-07-17T16:45:03","134040734","",,"Palmas","BR","1","0","5","23","-1","-10.258348","-48.316227","1784254601156","2026-07-17T02:16:41","151ee59d-9fc8-4482-9e04-b365b1e458b5"
"2026-07-17T16:45:03","1275283552","","Av. NS-10","Palmas","BR","1","0","5","70","-1","-10.258317","-48.317258","1782526649111","2026-06-27T02:17:29","3c3cc392-5d12-48d2-a44d-55f1688e96a0"
"2026-07-17T16:45:03","1693596122","",,"Palmas","BR","1","0","5","36","-1","-10.258352","-48.316498","1784081881899","2026-07-15T02:18:01","f6a9d158-cb4d-43ec-b26e-e2687cf324bf"
"2026-07-17T16:45:03","227242914","Rua 23","Rua Belo Horizonte","Taquarussu do Porto (Palmas)","BR","1","0","5","148","-1","-10.315312","-48.158983","1784300626503","2026-07-17T15:03:46","0c3944a0-e1e4-48dd-b26d-63d5822bfc7b"
"2026-07-17T16:45:03","1693618776","",,"Palmas","BR","1","0","5","63","-1","-10.258354","-48.315834","1784081881640","2026-07-15T02:18:01","dc9d4e1f-8670-4b13-9612-de4df2989f38"
"2026-07-17T16:45:03","1211995990","",,"Palmas","BR","1","0","5","21","-1","-10.258363","-48.316757","1782353685339","2026-06-25T02:14:45","a82a13e5-2525-4021-aa92-7892a48c9f70"
"2026-07-17T16:45:03","227290400","Orla 14 Av. Orla","Orla 14 Al. 8","Palmas","BR","1","0","5","204","-1","-10.190127","-48.363185","1784300626520","2026-07-17T15:03:46","3291781c-27e8-4989-a13a-d0f9020b8883"
"2026-07-17T16:45:03","227242918","Rua 23","Rua Gregório Terêncio de Souza","Taquarussu do Porto (Palmas)","BR","1","0","5","148","-1","-10.315312","-48.158983","1784300626507","2026-07-17T15:03:46","bc88063a-0183-404d-bf0b-83ebca226941"
"2026-07-17T16:45:03","1088566738","",,"Palmas","BR","1","0","5","41","-1","-10.258569","-48.317408","1783562302500","2026-07-09T01:58:22","9740383b-d7ef-4ff2-9da7-1b82984db198"
"2026-07-17T16:45:03","1877536026","",,"Palmas","BR","1","0","5","23","-1","-10.258348","-48.316227","1784194194365","2026-07-16T09:29:54","67a7d0d3-9d61-4acd-8315-250cecac9790"
"2026-07-17T16:45:03","1693600006","Av. Siqueira Campos","","Palmas","BR","2","0","5","327","-1","-10.294325","-48.33214","1784081881897","2026-07-15T02:18:01","2613c8db-9637-40d4-8e38-c2092c8c0dfc"
"2026-07-17T16:45:03","1090156748","Av. Siqueira Campos","","Palmas","BR","2","0","5","979","-1","-10.298359","-48.32771","1783563941797","2026-07-09T02:25:41","e944a470-62d5-4656-aaf0-087383708928"
"2026-07-17T16:45:03","223991394","",,"Palmas","BR","1","0","5","21","-1","-10.258363","-48.316757","1783180963404","2026-07-04T16:02:43","d984add8-2949-4ac0-81b5-2aa666f8ed15"
"2026-07-17T16:45:03","1877412378","",,"Palmas","BR","1","0","5","86","-1","-10.258277","-48.315151","1784194127349","2026-07-16T09:28:47","95d9d88f-a5e9-4a1f-a5e3-d31635a7afc6"
"2026-07-17T16:45:03","251973946","ACSE 11 Rua SE-11","Av. NS-4","Palmas","BR","1","10.74","3","434","85","-10.190926","-48.327188","1784306403890","2026-07-17T16:40:03",
"2026-07-17T16:45:03","226989880","Orla 14 Av. Orla","Orla 14 Al. 10","Palmas","BR","1","0","5","202","-1","-10.190245","-48.363339","1784300625681","2026-07-17T15:03:45","f6532310-ad61-458c-8024-9a03ea4a6507"
"2026-07-17T17:45:51","1764083300","Av. Siqueira Campos","","Palmas","BR","2","0","5","155","-1","-10.292304","-48.332966","1782872109418","2026-07-01T02:15:09","78af3b54-3dea-4f10-8eb5-5fb4a34eaabb"
"2026-07-17T17:45:51","1693600118","Av. Siqueira Campos","","Palmas","BR","2","0","5","155","-1","-10.292304","-48.332966","1784081883010","2026-07-15T02:18:03","af3fc386-180b-4082-a64c-64efe9627b8d"
"2026-07-17T17:45:51","1764089184","",,"Palmas","BR","1","0","5","45","-1","-10.25844","-48.317041","1782872178272","2026-07-01T02:16:18","972e31c2-cd12-4c0a-b3ee-1530d2e74b4f"
"2026-07-17T17:45:51","263835570","BR-010","","Palmas","BR","6","20.85","2","797","77","-10.341232","-48.299578","1784309620393","2026-07-17T17:33:40",
"2026-07-17T17:45:51","1693600032","",,"Palmas","BR","1","0","5","63","-1","-10.258354","-48.315834","1784081881899","2026-07-15T02:18:01","205a09b3-2e2f-4b45-86aa-4ea82a9ecd25"
"2026-07-17T17:45:51","1764118132","Av. Siqueira Campos","","Palmas","BR","2","0","5","327","-1","-10.294325","-48.33214","1782872110314","2026-07-01T02:15:10","2f08bda5-8a61-4942-836a-8f1ec7689705"
"2026-07-17T17:45:51","1851288576","",,"Palmas","BR","1","0","5","36","-1","-10.258352","-48.316498","1784019161779","2026-07-14T08:52:41","341a3583-4137-4e82-bfbb-a67b5e845593"
"2026-07-17T17:45:51","1694226848","",,"Palmas","BR","1","0","5","15","-1","-10.258365","-48.316918","1783904330428","2026-07-13T00:58:50","06d504d6-dac0-4c04-9329-7777206ab7a2"
"2026-07-17T17:45:51","1697990376","Av. Siqueira Campos","","Palmas","BR","2","0","5","979","-1","-10.298359","-48.32771","1783909046043","2026-07-13T02:17:26","128eda9c-f215-485b-9c7c-a1544bb8c545"
"2026-07-17T17:45:51","1693573164","","","Palmas","BR","1","0","5","86","-1","-10.258278","-48.315151","1784081882190","2026-07-15T02:18:02","0584e645-bcd7-4670-a8e4-2c08a6763039"
"2026-07-17T17:45:51","1275283552","","Av. NS-10","Palmas","BR","1","0","5","70","-1","-10.258317","-48.317258","1782526649111","2026-06-27T02:17:29","3c3cc392-5d12-48d2-a44d-55f1688e96a0"
"2026-07-17T17:45:51","134040734","",,"Palmas","BR","1","0","5","23","-1","-10.258348","-48.316227","1784254601156","2026-07-17T02:16:41","151ee59d-9fc8-4482-9e04-b365b1e458b5"
"2026-07-17T17:45:51","1693596122","",,"Palmas","BR","1","0","5","36","-1","-10.258352","-48.316498","1784081881899","2026-07-15T02:18:01","f6a9d158-cb4d-43ec-b26e-e2687cf324bf"
"2026-07-17T17:45:51","227242914","Rua 23","Rua Belo Horizonte","Taquarussu do Porto (Palmas)","BR","1","0","5","148","-1","-10.315312","-48.158983","1784300626503","2026-07-17T15:03:46","0c3944a0-e1e4-48dd-b26d-63d5822bfc7b"
"2026-07-17T17:45:51","1693618776","",,"Palmas","BR","1","0","5","63","-1","-10.258354","-48.315834","1784081881640","2026-07-15T02:18:01","dc9d4e1f-8670-4b13-9612-de4df2989f38"
"2026-07-17T17:45:51","1211995990","",,"Palmas","BR","1","0","5","21","-1","-10.258363","-48.316757","1782353685339","2026-06-25T02:14:45","a82a13e5-2525-4021-aa92-7892a48c9f70"
"2026-07-17T17:45:51","227290400","Orla 14 Av. Orla","Orla 14 Al. 8","Palmas","BR","1","0","5","204","-1","-10.190127","-48.363185","1784300626520","2026-07-17T15:03:46","3291781c-27e8-4989-a13a-d0f9020b8883"
"2026-07-17T17:45:51","227242918","Rua 23","Rua Gregório Terêncio de Souza","Taquarussu do Porto (Palmas)","BR","1","0","5","148","-1","-10.315312","-48.158983","1784300626507","2026-07-17T15:03:46","bc88063a-0183-404d-bf0b-83ebca226941"
"2026-07-17T17:45:51","1088566738","",,"Palmas","BR","1","0","5","41","-1","-10.258569","-48.317408","1783562302500","2026-07-09T01:58:22","9740383b-d7ef-4ff2-9da7-1b82984db198"
"2026-07-17T17:45:51","265649444","ARSE 41 Al. 2",,"Palmas","BR","1","12.2","2","719","67","-10.208422","-48.328766","1784310212542","2026-07-17T17:43:32",
"2026-07-17T17:45:51","1877536026","",,"Palmas","BR","1","0","5","23","-1","-10.258348","-48.316227","1784194194365","2026-07-16T09:29:54","67a7d0d3-9d61-4acd-8315-250cecac9790"
"2026-07-17T17:45:51","1693600006","Av. Siqueira Campos","","Palmas","BR","2","0","5","327","-1","-10.294325","-48.33214","1784081881897","2026-07-15T02:18:01","2613c8db-9637-40d4-8e38-c2092c8c0dfc"
"2026-07-17T17:45:51","1090156748","Av. Siqueira Campos","","Palmas","BR","2","0","5","979","-1","-10.298359","-48.32771","1783563941797","2026-07-09T02:25:41","e944a470-62d5-4656-aaf0-087383708928"
"2026-07-17T17:45:51","223991394","",,"Palmas","BR","1","0","5","21","-1","-10.258363","-48.316757","1783180963404","2026-07-04T16:02:43","d984add8-2949-4ac0-81b5-2aa666f8ed15"
"2026-07-17T17:45:51","1877412378","",,"Palmas","BR","1","0","5","86","-1","-10.258277","-48.315151","1784194127349","2026-07-16T09:28:47","95d9d88f-a5e9-4a1f-a5e3-d31635a7afc6"
"2026-07-17T17:45:51","226989880","Orla 14 Av. Orla","Orla 14 Al. 10","Palmas","BR","1","0","5","202","-1","-10.190245","-48.363339","1784300625681","2026-07-17T15:03:45","f6532310-ad61-458c-8024-9a03ea4a6507"
"2026-07-17T18:41:11","5888792","ACSE 1 Rua SE-1","Av. NS-2","Palmas","BR","1","12.29","3","429","75","-10.185595","-48.328367","1784313197648","2026-07-17T18:33:17",
"2026-07-17T18:41:11","1764083300","Av. Siqueira Campos","","Palmas","BR","2","0","5","155","-1","-10.292304","-48.332966","1782872109418","2026-07-01T02:15:09","78af3b54-3dea-4f10-8eb5-5fb4a34eaabb"
"2026-07-17T18:41:11","1693600118","Av. Siqueira Campos","","Palmas","BR","2","0","5","155","-1","-10.292304","-48.332966","1784081883010","2026-07-15T02:18:03","af3fc386-180b-4082-a64c-64efe9627b8d"
"2026-07-17T18:41:11","1764089184","",,"Palmas","BR","1","0","5","45","-1","-10.25844","-48.317041","1782872178272","2026-07-01T02:16:18","972e31c2-cd12-4c0a-b3ee-1530d2e74b4f"
"2026-07-17T18:41:11","1764118132","Av. Siqueira Campos","","Palmas","BR","2","0","5","327","-1","-10.294325","-48.33214","1782872110314","2026-07-01T02:15:10","2f08bda5-8a61-4942-836a-8f1ec7689705"
"2026-07-17T18:41:11","1693600032","",,"Palmas","BR","1","0","5","63","-1","-10.258354","-48.315834","1784081881899","2026-07-15T02:18:01","205a09b3-2e2f-4b45-86aa-4ea82a9ecd25"
"2026-07-17T18:41:11","1851288576","",,"Palmas","BR","1","0","5","36","-1","-10.258352","-48.316498","1784019161779","2026-07-14T08:52:41","341a3583-4137-4e82-bfbb-a67b5e845593"
"2026-07-17T18:41:11","1694226848","",,"Palmas","BR","1","0","5","15","-1","-10.258365","-48.316918","1783904330428","2026-07-13T00:58:50","06d504d6-dac0-4c04-9329-7777206ab7a2"
"2026-07-17T18:41:11","1697990376","Av. Siqueira Campos","","Palmas","BR","2","0","5","979","-1","-10.298359","-48.32771","1783909046043","2026-07-13T02:17:26","128eda9c-f215-485b-9c7c-a1544bb8c545"
"2026-07-17T18:41:11","1693573164","","","Palmas","BR","1","0","5","86","-1","-10.258278","-48.315151","1784081882190","2026-07-15T02:18:02","0584e645-bcd7-4670-a8e4-2c08a6763039"
"2026-07-17T18:41:11","134040734","",,"Palmas","BR","1","0","5","23","-1","-10.258348","-48.316227","1784254601156","2026-07-17T02:16:41","151ee59d-9fc8-4482-9e04-b365b1e458b5"
"2026-07-17T18:41:11","1275283552","","Av. NS-10","Palmas","BR","1","0","5","70","-1","-10.258317","-48.317258","1782526649111","2026-06-27T02:17:29","3c3cc392-5d12-48d2-a44d-55f1688e96a0"
"2026-07-17T18:41:11","5904946","ARSE 33 Al. 10","ARSE 33 Al. 3","Palmas","BR","1","4.7","4","167","109","-10.20043","-48.315268","1784313199686","2026-07-17T18:33:19",
"2026-07-17T18:41:11","1693596122","",,"Palmas","BR","1","0","5","36","-1","-10.258352","-48.316498","1784081881899","2026-07-15T02:18:01","f6a9d158-cb4d-43ec-b26e-e2687cf324bf"
"2026-07-17T18:41:11","227242914","Rua 23","Rua Belo Horizonte","Taquarussu do Porto (Palmas)","BR","1","0","5","148","-1","-10.315312","-48.158983","1784300626503","2026-07-17T15:03:46","0c3944a0-e1e4-48dd-b26d-63d5822bfc7b"
"2026-07-17T18:41:11","1693618776","",,"Palmas","BR","1","0","5","63","-1","-10.258354","-48.315834","1784081881640","2026-07-15T02:18:01","dc9d4e1f-8670-4b13-9612-de4df2989f38"
"2026-07-17T18:41:11","1211995990","",,"Palmas","BR","1","0","5","21","-1","-10.258363","-48.316757","1782353685339","2026-06-25T02:14:45","a82a13e5-2525-4021-aa92-7892a48c9f70"
"2026-07-17T18:41:11","227290400","Orla 14 Av. Orla","Orla 14 Al. 8","Palmas","BR","1","0","5","204","-1","-10.190127","-48.363185","1784300626520","2026-07-17T15:03:46","3291781c-27e8-4989-a13a-d0f9020b8883"
"2026-07-17T18:41:11","227242918","Rua 23","Rua Gregório Terêncio de Souza","Taquarussu do Porto (Palmas)","BR","1","0","5","148","-1","-10.315312","-48.158983","1784300626507","2026-07-17T15:03:46","bc88063a-0183-404d-bf0b-83ebca226941"
"2026-07-17T18:41:11","1088566738","",,"Palmas","BR","1","0","5","41","-1","-10.258569","-48.317408","1783562302500","2026-07-09T01:58:22","9740383b-d7ef-4ff2-9da7-1b82984db198"
"2026-07-17T18:41:11","1877536026","",,"Palmas","BR","1","0","5","23","-1","-10.258348","-48.316227","1784194194365","2026-07-16T09:29:54","67a7d0d3-9d61-4acd-8315-250cecac9790"
"2026-07-17T18:41:11","1693600006","Av. Siqueira Campos","","Palmas","BR","2","0","5","327","-1","-10.294325","-48.33214","1784081881897","2026-07-15T02:18:01","2613c8db-9637-40d4-8e38-c2092c8c0dfc"
"2026-07-17T18:41:11","1090156748","Av. Siqueira Campos","","Palmas","BR","2","0","5","979","-1","-10.298359","-48.32771","1783563941797","2026-07-09T02:25:41","e944a470-62d5-4656-aaf0-087383708928"
"2026-07-17T18:41:11","223991394","",,"Palmas","BR","1","0","5","21","-1","-10.258363","-48.316757","1783180963404","2026-07-04T16:02:43","d984add8-2949-4ac0-81b5-2aa666f8ed15"
"2026-07-17T18:41:11","1877412378","",,"Palmas","BR","1","0","5","86","-1","-10.258277","-48.315151","1784194127349","2026-07-16T09:28:47","95d9d88f-a5e9-4a1f-a5e3-d31635a7afc6"
"2026-07-17T18:41:11","226989880","Orla 14 Av. Orla","Orla 14 Al. 10","Palmas","BR","1","0","5","202","-1","-10.190245","-48.363339","1784300625681","2026-07-17T15:03:45","f6532310-ad61-458c-8024-9a03ea4a6507"
"2026-07-17T19:44:14","1764083300","Av. Siqueira Campos","","Palmas","BR","2","0","5","155","-1","-10.292304","-48.332966","1782872109418","2026-07-01T02:15:09","78af3b54-3dea-4f10-8eb5-5fb4a34eaabb"
"2026-07-17T19:44:14","1693600118","Av. Siqueira Campos","","Palmas","BR","2","0","5","155","-1","-10.292304","-48.332966","1784081883010","2026-07-15T02:18:03","af3fc386-180b-4082-a64c-64efe9627b8d"
"2026-07-17T19:44:14","1764089184","",,"Palmas","BR","1","0","5","45","-1","-10.25844","-48.317041","1782872178272","2026-07-01T02:16:18","972e31c2-cd12-4c0a-b3ee-1530d2e74b4f"
"2026-07-17T19:44:14","16431088","TO-050","Palmas","Palmas","BR","7","65.46","1","4049","65","-10.40082","-48.305365","1784317383118","2026-07-17T19:43:03",
"2026-07-17T19:44:14","1693600032","",,"Palmas","BR","1","0","5","63","-1","-10.258354","-48.315834","1784081881899","2026-07-15T02:18:01","205a09b3-2e2f-4b45-86aa-4ea82a9ecd25"
"2026-07-17T19:44:14","1764118132","Av. Siqueira Campos","","Palmas","BR","2","0","5","327","-1","-10.294325","-48.33214","1782872110314","2026-07-01T02:15:10","2f08bda5-8a61-4942-836a-8f1ec7689705"
"2026-07-17T19:44:14","14836532","AANE 40 Al. 1","","Palmas","BR","1","4.97","3","331","197","-10.171192","-48.3314","1784316782967","2026-07-17T19:33:02",
"2026-07-17T19:44:14","15799974","ACSU-SO 20 Rua NS-A","Av. LO-3","Palmas","BR","1","4.16","4","288","203","-10.193801","-48.334919","1784317157540","2026-07-17T19:39:17",
"2026-07-17T19:44:14","1851288576","",,"Palmas","BR","1","0","5","36","-1","-10.258352","-48.316498","1784019161779","2026-07-14T08:52:41","341a3583-4137-4e82-bfbb-a67b5e845593"
"2026-07-17T19:44:14","1694226848","",,"Palmas","BR","1","0","5","15","-1","-10.258365","-48.316918","1783904330428","2026-07-13T00:58:50","06d504d6-dac0-4c04-9329-7777206ab7a2"
"2026-07-17T19:44:14","16261860","Av. LO-15","ACSU-SO 70 Rua NS-A","Palmas","BR","2","2.76","4","185","226","-10.224096","-48.335372","1784317381418","2026-07-17T19:43:01",
"2026-07-17T19:44:14","1693573164","","","Palmas","BR","1","0","5","86","-1","-10.258278","-48.315151","1784081882190","2026-07-15T02:18:02","0584e645-bcd7-4670-a8e4-2c08a6763039"
"2026-07-17T19:44:14","1697990376","Av. Siqueira Campos","","Palmas","BR","2","0","5","979","-1","-10.298359","-48.32771","1783909046043","2026-07-13T02:17:26","128eda9c-f215-485b-9c7c-a1544bb8c545"
"2026-07-17T19:44:14","134040734","",,"Palmas","BR","1","0","5","23","-1","-10.258348","-48.316227","1784254601156","2026-07-17T02:16:41","151ee59d-9fc8-4482-9e04-b365b1e458b5"
"2026-07-17T19:44:14","1275283552","","Av. NS-10","Palmas","BR","1","0","5","70","-1","-10.258317","-48.317258","1782526649111","2026-06-27T02:17:29","3c3cc392-5d12-48d2-a44d-55f1688e96a0"
"2026-07-17T19:44:14","1693596122","",,"Palmas","BR","1","0","5","36","-1","-10.258352","-48.316498","1784081881899","2026-07-15T02:18:01","f6a9d158-cb4d-43ec-b26e-e2687cf324bf"
"2026-07-17T19:44:14","227242914","Rua 23","Rua Belo Horizonte","Taquarussu do Porto (Palmas)","BR","1","0","5","148","-1","-10.315312","-48.158983","1784300626503","2026-07-17T15:03:46","0c3944a0-e1e4-48dd-b26d-63d5822bfc7b"
"2026-07-17T19:44:14","1693618776","",,"Palmas","BR","1","0","5","63","-1","-10.258354","-48.315834","1784081881640","2026-07-15T02:18:01","dc9d4e1f-8670-4b13-9612-de4df2989f38"
"2026-07-17T19:44:14","1211995990","",,"Palmas","BR","1","0","5","21","-1","-10.258363","-48.316757","1782353685339","2026-06-25T02:14:45","a82a13e5-2525-4021-aa92-7892a48c9f70"
"2026-07-17T19:44:14","227290400","Orla 14 Av. Orla","Orla 14 Al. 8","Palmas","BR","1","0","5","204","-1","-10.190127","-48.363185","1784300626520","2026-07-17T15:03:46","3291781c-27e8-4989-a13a-d0f9020b8883"
"2026-07-17T19:44:14","227242918","Rua 23","Rua Gregório Terêncio de Souza","Taquarussu do Porto (Palmas)","BR","1","0","5","148","-1","-10.315312","-48.158983","1784300626507","2026-07-17T15:03:46","bc88063a-0183-404d-bf0b-83ebca226941"
"2026-07-17T19:44:14","1088566738","",,"Palmas","BR","1","0","5","41","-1","-10.258569","-48.317408","1783562302500","2026-07-09T01:58:22","9740383b-d7ef-4ff2-9da7-1b82984db198"
"2026-07-17T19:44:14","1877536026","",,"Palmas","BR","1","0","5","23","-1","-10.258348","-48.316227","1784194194365","2026-07-16T09:29:54","67a7d0d3-9d61-4acd-8315-250cecac9790"
"2026-07-17T19:44:14","1693600006","Av. Siqueira Campos","","Palmas","BR","2","0","5","327","-1","-10.294325","-48.33214","1784081881897","2026-07-15T02:18:01","2613c8db-9637-40d4-8e38-c2092c8c0dfc"
"2026-07-17T19:44:14","15380574","Av. NS-15","","Palmas","BR","2","4.2","4","379","285","-10.229241","-48.368126","1784317007644","2026-07-17T19:36:47",
"2026-07-17T19:44:14","1090156748","Av. Siqueira Campos","","Palmas","BR","2","0","5","979","-1","-10.298359","-48.32771","1783563941797","2026-07-09T02:25:41","e944a470-62d5-4656-aaf0-087383708928"
"2026-07-17T19:44:14","223991394","",,"Palmas","BR","1","0","5","21","-1","-10.258363","-48.316757","1783180963404","2026-07-04T16:02:43","d984add8-2949-4ac0-81b5-2aa666f8ed15"
"2026-07-17T19:44:14","1877412378","",,"Palmas","BR","1","0","5","86","-1","-10.258277","-48.315151","1784194127349","2026-07-16T09:28:47","95d9d88f-a5e9-4a1f-a5e3-d31635a7afc6"
"2026-07-17T19:44:14","226989880","Orla 14 Av. Orla","Orla 14 Al. 10","Palmas","BR","1","0","5","202","-1","-10.190245","-48.363339","1784300625681","2026-07-17T15:03:45","f6532310-ad61-458c-8024-9a03ea4a6507"
"2026-07-17T21:23:09","1764083300","Av. Siqueira Campos","","Palmas","BR","2","0","5","155","-1","-10.292304","-48.332966","1782872109418","2026-07-01T02:15:09","78af3b54-3dea-4f10-8eb5-5fb4a34eaabb"
"2026-07-17T21:23:09","1693600118","Av. Siqueira Campos","","Palmas","BR","2","0","5","155","-1","-10.292304","-48.332966","1784081883010","2026-07-15T02:18:03","af3fc386-180b-4082-a64c-64efe9627b8d"
"2026-07-17T21:23:09","1764089184","",,"Palmas","BR","1","0","5","45","-1","-10.25844","-48.317041","1782872178272","2026-07-01T02:16:18","972e31c2-cd12-4c0a-b3ee-1530d2e74b4f"
"2026-07-17T21:23:09","31751468","ACSU-SO 20 Rua NS-A","Av. LO-3","Palmas","BR","1","7.65","3","288","89","-10.193801","-48.334919","1784322886503","2026-07-17T21:14:46",
"2026-07-17T21:23:09","30717784","BR-010","","Palmas","BR","6","20.03","3","2492","293","-10.347791","-48.300407","1784322587607","2026-07-17T21:09:47",
"2026-07-17T21:23:09","1693600032","",,"Palmas","BR","1","0","5","63","-1","-10.258354","-48.315834","1784081881899","2026-07-15T02:18:01","205a09b3-2e2f-4b45-86aa-4ea82a9ecd25"
"2026-07-17T21:23:09","1764118132","Av. Siqueira Campos","","Palmas","BR","2","0","5","327","-1","-10.294325","-48.33214","1782872110314","2026-07-01T02:15:10","2f08bda5-8a61-4942-836a-8f1ec7689705"
"2026-07-17T21:23:09","1851288576","",,"Palmas","BR","1","0","5","36","-1","-10.258352","-48.316498","1784019161779","2026-07-14T08:52:41","341a3583-4137-4e82-bfbb-a67b5e845593"
"2026-07-17T21:23:09","1694226848","",,"Palmas","BR","1","0","5","15","-1","-10.258365","-48.316918","1783904330428","2026-07-13T00:58:50","06d504d6-dac0-4c04-9329-7777206ab7a2"
"2026-07-17T21:23:09","1693573164","","","Palmas","BR","1","0","5","86","-1","-10.258278","-48.315151","1784081882190","2026-07-15T02:18:02","0584e645-bcd7-4670-a8e4-2c08a6763039"
"2026-07-17T21:23:09","1697990376","Av. Siqueira Campos","","Palmas","BR","2","0","5","979","-1","-10.298359","-48.32771","1783909046043","2026-07-13T02:17:26","128eda9c-f215-485b-9c7c-a1544bb8c545"
"2026-07-17T21:23:09","134040734","",,"Palmas","BR","1","0","5","23","-1","-10.258348","-48.316227","1784254601156","2026-07-17T02:16:41","151ee59d-9fc8-4482-9e04-b365b1e458b5"
"2026-07-17T21:23:09","1275283552","","Av. NS-10","Palmas","BR","1","0","5","70","-1","-10.258317","-48.317258","1782526649111","2026-06-27T02:17:29","3c3cc392-5d12-48d2-a44d-55f1688e96a0"
"2026-07-17T21:23:09","1693596122","",,"Palmas","BR","1","0","5","36","-1","-10.258352","-48.316498","1784081881899","2026-07-15T02:18:01","f6a9d158-cb4d-43ec-b26e-e2687cf324bf"
"2026-07-17T21:23:09","227242914","Rua 23","Rua Belo Horizonte","Taquarussu do Porto (Palmas)","BR","1","0","5","148","-1","-10.315312","-48.158983","1784300626503","2026-07-17T15:03:46","0c3944a0-e1e4-48dd-b26d-63d5822bfc7b"
"2026-07-17T21:23:09","1693618776","",,"Palmas","BR","1","0","5","63","-1","-10.258354","-48.315834","1784081881640","2026-07-15T02:18:01","dc9d4e1f-8670-4b13-9612-de4df2989f38"
"2026-07-17T21:23:09","1211995990","",,"Palmas","BR","1","0","5","21","-1","-10.258363","-48.316757","1782353685339","2026-06-25T02:14:45","a82a13e5-2525-4021-aa92-7892a48c9f70"
"2026-07-17T21:23:09","227290400","Orla 14 Av. Orla","Orla 14 Al. 8","Palmas","BR","1","0","5","204","-1","-10.190127","-48.363185","1784300626520","2026-07-17T15:03:46","3291781c-27e8-4989-a13a-d0f9020b8883"
"2026-07-17T21:23:09","227242918","Rua 23","Rua Gregório Terêncio de Souza","Taquarussu do Porto (Palmas)","BR","1","0","5","148","-1","-10.315312","-48.158983","1784300626507","2026-07-17T15:03:46","bc88063a-0183-404d-bf0b-83ebca226941"
"2026-07-17T21:23:09","32635358","BR-010","","Palmas","BR","6","7.91","4","296","110","-10.329662","-48.298129","1784323189517","2026-07-17T21:19:49",
"2026-07-17T21:23:09","1088566738","",,"Palmas","BR","1","0","5","41","-1","-10.258569","-48.317408","1783562302500","2026-07-09T01:58:22","9740383b-d7ef-4ff2-9da7-1b82984db198"
"2026-07-17T21:23:09","1877536026","",,"Palmas","BR","1","0","5","23","-1","-10.258348","-48.316227","1784194194365","2026-07-16T09:29:54","67a7d0d3-9d61-4acd-8315-250cecac9790"
"2026-07-17T21:23:09","1693600006","Av. Siqueira Campos","","Palmas","BR","2","0","5","327","-1","-10.294325","-48.33214","1784081881897","2026-07-15T02:18:01","2613c8db-9637-40d4-8e38-c2092c8c0dfc"
"2026-07-17T21:23:09","1090156748","Av. Siqueira Campos","","Palmas","BR","2","0","5","979","-1","-10.298359","-48.32771","1783563941797","2026-07-09T02:25:41","e944a470-62d5-4656-aaf0-087383708928"
"2026-07-17T21:23:09","223991394","",,"Palmas","BR","1","0","5","21","-1","-10.258363","-48.316757","1783180963404","2026-07-04T16:02:43","d984add8-2949-4ac0-81b5-2aa666f8ed15"
"2026-07-17T21:23:09","1877412378","",,"Palmas","BR","1","0","5","86","-1","-10.258277","-48.315151","1784194127349","2026-07-16T09:28:47","95d9d88f-a5e9-4a1f-a5e3-d31635a7afc6"
"2026-07-17T21:23:09","226989880","Orla 14 Av. Orla","Orla 14 Al. 10","Palmas","BR","1","0","5","202","-1","-10.190245","-48.363339","1784300625681","2026-07-17T15:03:45","f6532310-ad61-458c-8024-9a03ea4a6507"
"2026-07-17T22:09:55","41199348","Av. NS-15","","Palmas","BR","2","22.87","2","825","75","-10.154702","-48.347849","1784326137950","2026-07-17T22:08:57",
"2026-07-17T22:09:55","1764083300","Av. Siqueira Campos","","Palmas","BR","2","0","5","155","-1","-10.292304","-48.332966","1782872109418","2026-07-01T02:15:09","78af3b54-3dea-4f10-8eb5-5fb4a34eaabb"
"2026-07-17T22:09:55","1693600118","Av. Siqueira Campos","","Palmas","BR","2","0","5","155","-1","-10.292304","-48.332966","1784081883010","2026-07-15T02:18:03","af3fc386-180b-4082-a64c-64efe9627b8d"
"2026-07-17T22:09:55","1764089184","",,"Palmas","BR","1","0","5","45","-1","-10.25844","-48.317041","1782872178272","2026-07-01T02:16:18","972e31c2-cd12-4c0a-b3ee-1530d2e74b4f"
"2026-07-17T22:09:55","40638374","TO-030","Taquarussu do Porto (Palmas)","Palmas","BR","7","63.47","1","11096","170","-10.312664","-48.203856","1784325991163","2026-07-17T22:06:31",
"2026-07-17T22:09:55","1693600032","",,"Palmas","BR","1","0","5","63","-1","-10.258354","-48.315834","1784081881899","2026-07-15T02:18:01","205a09b3-2e2f-4b45-86aa-4ea82a9ecd25"
"2026-07-17T22:09:55","1764118132","Av. Siqueira Campos","","Palmas","BR","2","0","5","327","-1","-10.294325","-48.33214","1782872110314","2026-07-01T02:15:10","2f08bda5-8a61-4942-836a-8f1ec7689705"
"2026-07-17T22:09:55","1851288576","",,"Palmas","BR","1","0","5","36","-1","-10.258352","-48.316498","1784019161779","2026-07-14T08:52:41","341a3583-4137-4e82-bfbb-a67b5e845593"
"2026-07-17T22:09:55","1694226848","",,"Palmas","BR","1","0","5","15","-1","-10.258365","-48.316918","1783904330428","2026-07-13T00:58:50","06d504d6-dac0-4c04-9329-7777206ab7a2"
"2026-07-17T22:09:55","1693573164","","","Palmas","BR","1","0","5","86","-1","-10.258278","-48.315151","1784081882190","2026-07-15T02:18:02","0584e645-bcd7-4670-a8e4-2c08a6763039"
"2026-07-17T22:09:55","1697990376","Av. Siqueira Campos","","Palmas","BR","2","0","5","979","-1","-10.298359","-48.32771","1783909046043","2026-07-13T02:17:26","128eda9c-f215-485b-9c7c-a1544bb8c545"
"2026-07-17T22:09:55","134040734","",,"Palmas","BR","1","0","5","23","-1","-10.258348","-48.316227","1784254601156","2026-07-17T02:16:41","151ee59d-9fc8-4482-9e04-b365b1e458b5"
"2026-07-17T22:09:55","1275283552","","Av. NS-10","Palmas","BR","1","0","5","70","-1","-10.258317","-48.317258","1782526649111","2026-06-27T02:17:29","3c3cc392-5d12-48d2-a44d-55f1688e96a0"
"2026-07-17T22:09:55","1693596122","",,"Palmas","BR","1","0","5","36","-1","-10.258352","-48.316498","1784081881899","2026-07-15T02:18:01","f6a9d158-cb4d-43ec-b26e-e2687cf324bf"
"2026-07-17T22:09:55","227242914","Rua 23","Rua Belo Horizonte","Taquarussu do Porto (Palmas)","BR","1","0","5","148","-1","-10.315312","-48.158983","1784300626503","2026-07-17T15:03:46","0c3944a0-e1e4-48dd-b26d-63d5822bfc7b"
"2026-07-17T22:09:55","1693618776","",,"Palmas","BR","1","0","5","63","-1","-10.258354","-48.315834","1784081881640","2026-07-15T02:18:01","dc9d4e1f-8670-4b13-9612-de4df2989f38"
"2026-07-17T22:09:55","1211995990","",,"Palmas","BR","1","0","5","21","-1","-10.258363","-48.316757","1782353685339","2026-06-25T02:14:45","a82a13e5-2525-4021-aa92-7892a48c9f70"
"2026-07-17T22:09:55","227290400","Orla 14 Av. Orla","Orla 14 Al. 8","Palmas","BR","1","0","5","204","-1","-10.190127","-48.363185","1784300626520","2026-07-17T15:03:46","3291781c-27e8-4989-a13a-d0f9020b8883"
"2026-07-17T22:09:55","227242918","Rua 23","Rua Gregório Terêncio de Souza","Taquarussu do Porto (Palmas)","BR","1","0","5","148","-1","-10.315312","-48.158983","1784300626507","2026-07-17T15:03:46","bc88063a-0183-404d-bf0b-83ebca226941"
"2026-07-17T22:09:55","1088566738","",,"Palmas","BR","1","0","5","41","-1","-10.258569","-48.317408","1783562302500","2026-07-09T01:58:22","9740383b-d7ef-4ff2-9da7-1b82984db198"
"2026-07-17T22:09:55","1877536026","",,"Palmas","BR","1","0","5","23","-1","-10.258348","-48.316227","1784194194365","2026-07-16T09:29:54","67a7d0d3-9d61-4acd-8315-250cecac9790"
"2026-07-17T22:09:55","1693600006","Av. Siqueira Campos","","Palmas","BR","2","0","5","327","-1","-10.294325","-48.33214","1784081881897","2026-07-15T02:18:01","2613c8db-9637-40d4-8e38-c2092c8c0dfc"
"2026-07-17T22:09:55","40665946","Av. NS-15","","Palmas","BR","2","33.87","2","1571","86","-10.149654","-48.337062","1784325990644","2026-07-17T22:06:30",
"2026-07-17T22:09:55","1090156748","Av. Siqueira Campos","","Palmas","BR","2","0","5","979","-1","-10.298359","-48.32771","1783563941797","2026-07-09T02:25:41","e944a470-62d5-4656-aaf0-087383708928"
"2026-07-17T22:09:55","223991394","",,"Palmas","BR","1","0","5","21","-1","-10.258363","-48.316757","1783180963404","2026-07-04T16:02:43","d984add8-2949-4ac0-81b5-2aa666f8ed15"
"2026-07-17T22:09:55","1877412378","",,"Palmas","BR","1","0","5","86","-1","-10.258277","-48.315151","1784194127349","2026-07-16T09:28:47","95d9d88f-a5e9-4a1f-a5e3-d31635a7afc6"
"2026-07-17T22:09:55","226989880","Orla 14 Av. Orla","Orla 14 Al. 10","Palmas","BR","1","0","5","202","-1","-10.190245","-48.363339","1784300625681","2026-07-17T15:03:45","f6532310-ad61-458c-8024-9a03ea4a6507"
"2026-07-17T23:04:25","1764083300","Av. Siqueira Campos","","Palmas","BR","2","0","5","155","-1","-10.292304","-48.332966","1782872109418","2026-07-01T02:15:09","78af3b54-3dea-4f10-8eb5-5fb4a34eaabb"
"2026-07-17T23:04:25","1693600118","Av. Siqueira Campos","","Palmas","BR","2","0","5","155","-1","-10.292304","-48.332966","1784081883010","2026-07-15T02:18:03","af3fc386-180b-4082-a64c-64efe9627b8d"
"2026-07-17T23:04:25","1764089184","",,"Palmas","BR","1","0","5","45","-1","-10.25844","-48.317041","1782872178272","2026-07-01T02:16:18","972e31c2-cd12-4c0a-b3ee-1530d2e74b4f"
"2026-07-17T23:04:25","49009892","Orla 14 Al. 15","","Palmas","BR","1","14.17","2","519","81","-10.196678","-48.363127","1784329110839","2026-07-17T22:58:30",
"2026-07-17T23:04:25","1693600032","",,"Palmas","BR","1","0","5","63","-1","-10.258354","-48.315834","1784081881899","2026-07-15T02:18:01","205a09b3-2e2f-4b45-86aa-4ea82a9ecd25"
"2026-07-17T23:04:25","1764118132","Av. Siqueira Campos","","Palmas","BR","2","0","5","327","-1","-10.294325","-48.33214","1782872110314","2026-07-01T02:15:10","2f08bda5-8a61-4942-836a-8f1ec7689705"
"2026-07-17T23:04:25","1851288576","",,"Palmas","BR","1","0","5","36","-1","-10.258352","-48.316498","1784019161779","2026-07-14T08:52:41","341a3583-4137-4e82-bfbb-a67b5e845593"
"2026-07-17T23:04:25","1694226848","",,"Palmas","BR","1","0","5","15","-1","-10.258365","-48.316918","1783904330428","2026-07-13T00:58:50","06d504d6-dac0-4c04-9329-7777206ab7a2"
"2026-07-17T23:04:25","1693573164","","","Palmas","BR","1","0","5","86","-1","-10.258278","-48.315151","1784081882190","2026-07-15T02:18:02","0584e645-bcd7-4670-a8e4-2c08a6763039"
"2026-07-17T23:04:25","1697990376","Av. Siqueira Campos","","Palmas","BR","2","0","5","979","-1","-10.298359","-48.32771","1783909046043","2026-07-13T02:17:26","128eda9c-f215-485b-9c7c-a1544bb8c545"
"2026-07-17T23:04:25","134040734","",,"Palmas","BR","1","0","5","23","-1","-10.258348","-48.316227","1784254601156","2026-07-17T02:16:41","151ee59d-9fc8-4482-9e04-b365b1e458b5"
"2026-07-17T23:04:25","1275283552","","Av. NS-10","Palmas","BR","1","0","5","70","-1","-10.258317","-48.317258","1782526649111","2026-06-27T02:17:29","3c3cc392-5d12-48d2-a44d-55f1688e96a0"
"2026-07-17T23:04:25","49589456","ARNO 44 Al. 26","ARNO 44 Al. 11","Palmas","BR","1","5.36","4","202","114","-10.157012","-48.345172","1784329334731","2026-07-17T23:02:14",
"2026-07-17T23:04:25","1693596122","",,"Palmas","BR","1","0","5","36","-1","-10.258352","-48.316498","1784081881899","2026-07-15T02:18:01","f6a9d158-cb4d-43ec-b26e-e2687cf324bf"
"2026-07-17T23:04:25","227242914","Rua 23","Rua Belo Horizonte","Taquarussu do Porto (Palmas)","BR","1","0","5","148","-1","-10.315312","-48.158983","1784300626503","2026-07-17T15:03:46","0c3944a0-e1e4-48dd-b26d-63d5822bfc7b"
"2026-07-17T23:04:25","1693618776","",,"Palmas","BR","1","0","5","63","-1","-10.258354","-48.315834","1784081881640","2026-07-15T02:18:01","dc9d4e1f-8670-4b13-9612-de4df2989f38"
"2026-07-17T23:04:25","1211995990","",,"Palmas","BR","1","0","5","21","-1","-10.258363","-48.316757","1782353685339","2026-06-25T02:14:45","a82a13e5-2525-4021-aa92-7892a48c9f70"
"2026-07-17T23:04:25","227290400","Orla 14 Av. Orla","Orla 14 Al. 8","Palmas","BR","1","0","5","204","-1","-10.190127","-48.363185","1784300626520","2026-07-17T15:03:46","3291781c-27e8-4989-a13a-d0f9020b8883"
"2026-07-17T23:04:25","227242918","Rua 23","Rua Gregório Terêncio de Souza","Taquarussu do Porto (Palmas)","BR","1","0","5","148","-1","-10.315312","-48.158983","1784300626507","2026-07-17T15:03:46","bc88063a-0183-404d-bf0b-83ebca226941"
"2026-07-17T23:04:25","1088566738","",,"Palmas","BR","1","0","5","41","-1","-10.258569","-48.317408","1783562302500","2026-07-09T01:58:22","9740383b-d7ef-4ff2-9da7-1b82984db198"
"2026-07-17T23:04:25","1877536026","",,"Palmas","BR","1","0","5","23","-1","-10.258348","-48.316227","1784194194365","2026-07-16T09:29:54","67a7d0d3-9d61-4acd-8315-250cecac9790"
"2026-07-17T23:04:25","1693600006","Av. Siqueira Campos","","Palmas","BR","2","0","5","327","-1","-10.294325","-48.33214","1784081881897","2026-07-15T02:18:01","2613c8db-9637-40d4-8e38-c2092c8c0dfc"
"2026-07-17T23:04:25","1090156748","Av. Siqueira Campos","","Palmas","BR","2","0","5","979","-1","-10.298359","-48.32771","1783563941797","2026-07-09T02:25:41","e944a470-62d5-4656-aaf0-087383708928"
"2026-07-17T23:04:25","49597262","TO-030","Taquarussu do Porto (Palmas)","Taquarussu do Porto (Palmas)","BR","7","8.45","4","372","133","-10.306315","-48.17024","1784329333661","2026-07-17T23:02:13",
"2026-07-17T23:04:25","223991394","",,"Palmas","BR","1","0","5","21","-1","-10.258363","-48.316757","1783180963404","2026-07-04T16:02:43","d984add8-2949-4ac0-81b5-2aa666f8ed15"
"2026-07-17T23:04:25","1877412378","",,"Palmas","BR","1","0","5","86","-1","-10.258277","-48.315151","1784194127349","2026-07-16T09:28:47","95d9d88f-a5e9-4a1f-a5e3-d31635a7afc6"
"2026-07-17T23:04:25","48458782","TO-030","Palmas","Palmas","BR","7","64.54","1","5087","108","-10.323367","-48.234968","1784328816662","2026-07-17T22:53:36",
"2026-07-17T23:04:25","226989880","Orla 14 Av. Orla","Orla 14 Al. 10","Palmas","BR","1","0","5","202","-1","-10.190245","-48.363339","1784300625681","2026-07-17T15:03:45","f6532310-ad61-458c-8024-9a03ea4a6507"
"2026-07-17T23:59:39","1764083300","Av. Siqueira Campos","","Palmas","BR","2","0","5","155","-1","-10.292304","-48.332966","1782872109418","2026-07-01T02:15:09","78af3b54-3dea-4f10-8eb5-5fb4a34eaabb"
"2026-07-17T23:59:39","1693600118","Av. Siqueira Campos","","Palmas","BR","2","0","5","155","-1","-10.292304","-48.332966","1784081883010","2026-07-15T02:18:03","af3fc386-180b-4082-a64c-64efe9627b8d"
"2026-07-17T23:59:39","1764089184","",,"Palmas","BR","1","0","5","45","-1","-10.25844","-48.317041","1782872178272","2026-07-01T02:16:18","972e31c2-cd12-4c0a-b3ee-1530d2e74b4f"
"2026-07-17T23:59:39","1693600032","",,"Palmas","BR","1","0","5","63","-1","-10.258354","-48.315834","1784081881899","2026-07-15T02:18:01","205a09b3-2e2f-4b45-86aa-4ea82a9ecd25"
"2026-07-17T23:59:39","1764118132","Av. Siqueira Campos","","Palmas","BR","2","0","5","327","-1","-10.294325","-48.33214","1782872110314","2026-07-01T02:15:10","2f08bda5-8a61-4942-836a-8f1ec7689705"
"2026-07-17T23:59:39","55789508","Orla 14 Av. Orla","Orla 14 Al. 13","Palmas","BR","1","8.1","3","467","155","-10.192405","-48.363944","1784332116513","2026-07-17T23:48:36",
"2026-07-17T23:59:39","1851288576","",,"Palmas","BR","1","0","5","36","-1","-10.258352","-48.316498","1784019161779","2026-07-14T08:52:41","341a3583-4137-4e82-bfbb-a67b5e845593"
"2026-07-17T23:59:39","1694226848","",,"Palmas","BR","1","0","5","15","-1","-10.258365","-48.316918","1783904330428","2026-07-13T00:58:50","06d504d6-dac0-4c04-9329-7777206ab7a2"
"2026-07-17T23:59:39","1693573164","","","Palmas","BR","1","0","5","86","-1","-10.258278","-48.315151","1784081882190","2026-07-15T02:18:02","0584e645-bcd7-4670-a8e4-2c08a6763039"
"2026-07-17T23:59:39","1697990376","Av. Siqueira Campos","","Palmas","BR","2","0","5","979","-1","-10.298359","-48.32771","1783909046043","2026-07-13T02:17:26","128eda9c-f215-485b-9c7c-a1544bb8c545"
"2026-07-17T23:59:39","134040734","",,"Palmas","BR","1","0","5","23","-1","-10.258348","-48.316227","1784254601156","2026-07-17T02:16:41","151ee59d-9fc8-4482-9e04-b365b1e458b5"
"2026-07-17T23:59:39","1275283552","","Av. NS-10","Palmas","BR","1","0","5","70","-1","-10.258317","-48.317258","1782526649111","2026-06-27T02:17:29","3c3cc392-5d12-48d2-a44d-55f1688e96a0"
"2026-07-17T23:59:39","1693596122","",,"Palmas","BR","1","0","5","36","-1","-10.258352","-48.316498","1784081881899","2026-07-15T02:18:01","f6a9d158-cb4d-43ec-b26e-e2687cf324bf"
"2026-07-17T23:59:39","227242914","Rua 23","Rua Belo Horizonte","Taquarussu do Porto (Palmas)","BR","1","0","5","148","-1","-10.315312","-48.158983","1784300626503","2026-07-17T15:03:46","0c3944a0-e1e4-48dd-b26d-63d5822bfc7b"
"2026-07-17T23:59:39","1693618776","",,"Palmas","BR","1","0","5","63","-1","-10.258354","-48.315834","1784081881640","2026-07-15T02:18:01","dc9d4e1f-8670-4b13-9612-de4df2989f38"
"2026-07-17T23:59:39","1211995990","",,"Palmas","BR","1","0","5","21","-1","-10.258363","-48.316757","1782353685339","2026-06-25T02:14:45","a82a13e5-2525-4021-aa92-7892a48c9f70"
"2026-07-17T23:59:39","227290400","Orla 14 Av. Orla","Orla 14 Al. 8","Palmas","BR","1","0","5","204","-1","-10.190127","-48.363185","1784300626520","2026-07-17T15:03:46","3291781c-27e8-4989-a13a-d0f9020b8883"
"2026-07-17T23:59:39","57059466","ASR-SE 75 Al. 1","ASR-SE 75 Al. 4","Palmas","BR","2","9.03","3","389","123","-10.225709","-48.314878","1784332689561","2026-07-17T23:58:09",
"2026-07-17T23:59:39","227242918","Rua 23","Rua Gregório Terêncio de Souza","Taquarussu do Porto (Palmas)","BR","1","0","5","148","-1","-10.315312","-48.158983","1784300626507","2026-07-17T15:03:46","bc88063a-0183-404d-bf0b-83ebca226941"
"2026-07-17T23:59:39","1088566738","",,"Palmas","BR","1","0","5","41","-1","-10.258569","-48.317408","1783562302500","2026-07-09T01:58:22","9740383b-d7ef-4ff2-9da7-1b82984db198"
"2026-07-17T23:59:39","1877536026","",,"Palmas","BR","1","0","5","23","-1","-10.258348","-48.316227","1784194194365","2026-07-16T09:29:54","67a7d0d3-9d61-4acd-8315-250cecac9790"
"2026-07-17T23:59:39","1693600006","Av. Siqueira Campos","","Palmas","BR","2","0","5","327","-1","-10.294325","-48.33214","1784081881897","2026-07-15T02:18:01","2613c8db-9637-40d4-8e38-c2092c8c0dfc"
"2026-07-17T23:59:39","1090156748","Av. Siqueira Campos","","Palmas","BR","2","0","5","979","-1","-10.298359","-48.32771","1783563941797","2026-07-09T02:25:41","e944a470-62d5-4656-aaf0-087383708928"
"2026-07-17T23:59:39","223991394","",,"Palmas","BR","1","0","5","21","-1","-10.258363","-48.316757","1783180963404","2026-07-04T16:02:43","d984add8-2949-4ac0-81b5-2aa666f8ed15"
"2026-07-17T23:59:39","1877412378","",,"Palmas","BR","1","0","5","86","-1","-10.258277","-48.315151","1784194127349","2026-07-16T09:28:47","95d9d88f-a5e9-4a1f-a5e3-d31635a7afc6"
"2026-07-17T23:59:39","226989880","Orla 14 Av. Orla","Orla 14 Al. 10","Palmas","BR","1","0","5","202","-1","-10.190245","-48.363339","1784300625681","2026-07-17T15:03:45","f6532310-ad61-458c-8024-9a03ea4a6507"
"2026-07-18T02:23:28","1764083300","Av. Siqueira Campos","","Palmas","BR","2","0","5","155","-1","-10.292304","-48.332966","1782872109418","2026-07-01T02:15:09","78af3b54-3dea-4f10-8eb5-5fb4a34eaabb"
"2026-07-18T02:23:28","69755946","",,"Palmas","BR","1","0","5","23","-1","-10.258348","-48.316227","1784340945820","2026-07-18T02:15:45","151ee59d-9fc8-4482-9e04-b365b1e458b5"
"2026-07-18T02:23:28","1693600118","Av. Siqueira Campos","","Palmas","BR","2","0","5","155","-1","-10.292304","-48.332966","1784081883010","2026-07-15T02:18:03","af3fc386-180b-4082-a64c-64efe9627b8d"
"2026-07-18T02:23:28","1764089184","",,"Palmas","BR","1","0","5","45","-1","-10.25844","-48.317041","1782872178272","2026-07-01T02:16:18","972e31c2-cd12-4c0a-b3ee-1530d2e74b4f"
"2026-07-18T02:23:28","1693600032","",,"Palmas","BR","1","0","5","63","-1","-10.258354","-48.315834","1784081881899","2026-07-15T02:18:01","205a09b3-2e2f-4b45-86aa-4ea82a9ecd25"
"2026-07-18T02:23:28","1764118132","Av. Siqueira Campos","","Palmas","BR","2","0","5","327","-1","-10.294325","-48.33214","1782872110314","2026-07-01T02:15:10","2f08bda5-8a61-4942-836a-8f1ec7689705"
"2026-07-18T02:23:28","69751934","Rua 23","Rua Belo Horizonte","Taquarussu do Porto (Palmas)","BR","1","0","5","148","-1","-10.315312","-48.158983","1784340945928","2026-07-18T02:15:45","0c3944a0-e1e4-48dd-b26d-63d5822bfc7b"
"2026-07-18T02:23:28","1851288576","",,"Palmas","BR","1","0","5","36","-1","-10.258352","-48.316498","1784019161779","2026-07-14T08:52:41","341a3583-4137-4e82-bfbb-a67b5e845593"
"2026-07-18T02:23:28","1694226848","",,"Palmas","BR","1","0","5","15","-1","-10.258365","-48.316918","1783904330428","2026-07-13T00:58:50","06d504d6-dac0-4c04-9329-7777206ab7a2"
"2026-07-18T02:23:28","1693573164","","","Palmas","BR","1","0","5","86","-1","-10.258278","-48.315151","1784081882190","2026-07-15T02:18:02","0584e645-bcd7-4670-a8e4-2c08a6763039"
"2026-07-18T02:23:28","1697990376","Av. Siqueira Campos","","Palmas","BR","2","0","5","979","-1","-10.298359","-48.32771","1783909046043","2026-07-13T02:17:26","128eda9c-f215-485b-9c7c-a1544bb8c545"
"2026-07-18T02:23:28","69875956","","BR-010","Palmas","BR","1","19.16","3","771","89","-10.284601","-48.2909","1784341016509","2026-07-18T02:16:56",
"2026-07-18T02:23:28","1275283552","","Av. NS-10","Palmas","BR","1","0","5","70","-1","-10.258317","-48.317258","1782526649111","2026-06-27T02:17:29","3c3cc392-5d12-48d2-a44d-55f1688e96a0"
"2026-07-18T02:23:28","69720514","Rua 23","Rua Gregório Terêncio de Souza","Taquarussu do Porto (Palmas)","BR","1","0","5","148","-1","-10.315312","-48.158983","1784340945933","2026-07-18T02:15:45","bc88063a-0183-404d-bf0b-83ebca226941"
"2026-07-18T02:23:28","1693596122","",,"Palmas","BR","1","0","5","36","-1","-10.258352","-48.316498","1784081881899","2026-07-15T02:18:01","f6a9d158-cb4d-43ec-b26e-e2687cf324bf"
"2026-07-18T02:23:28","1693618776","",,"Palmas","BR","1","0","5","63","-1","-10.258354","-48.315834","1784081881640","2026-07-15T02:18:01","dc9d4e1f-8670-4b13-9612-de4df2989f38"
"2026-07-18T02:23:28","1211995990","",,"Palmas","BR","1","0","5","21","-1","-10.258363","-48.316757","1782353685339","2026-06-25T02:14:45","a82a13e5-2525-4021-aa92-7892a48c9f70"
"2026-07-18T02:23:28","227290400","Orla 14 Av. Orla","Orla 14 Al. 8","Palmas","BR","1","0","5","204","-1","-10.190127","-48.363185","1784300626520","2026-07-17T15:03:46","3291781c-27e8-4989-a13a-d0f9020b8883"
"2026-07-18T02:23:28","1088566738","",,"Palmas","BR","1","0","5","41","-1","-10.258569","-48.317408","1783562302500","2026-07-09T01:58:22","9740383b-d7ef-4ff2-9da7-1b82984db198"
"2026-07-18T02:23:28","1877536026","",,"Palmas","BR","1","0","5","23","-1","-10.258348","-48.316227","1784194194365","2026-07-16T09:29:54","67a7d0d3-9d61-4acd-8315-250cecac9790"
"2026-07-18T02:23:28","1693600006","Av. Siqueira Campos","","Palmas","BR","2","0","5","327","-1","-10.294325","-48.33214","1784081881897","2026-07-15T02:18:01","2613c8db-9637-40d4-8e38-c2092c8c0dfc"
"2026-07-18T02:23:28","1090156748","Av. Siqueira Campos","","Palmas","BR","2","0","5","979","-1","-10.298359","-48.32771","1783563941797","2026-07-09T02:25:41","e944a470-62d5-4656-aaf0-087383708928"
"2026-07-18T02:23:28","223991394","",,"Palmas","BR","1","0","5","21","-1","-10.258363","-48.316757","1783180963404","2026-07-04T16:02:43","d984add8-2949-4ac0-81b5-2aa666f8ed15"
"2026-07-18T02:23:28","1877412378","",,"Palmas","BR","1","0","5","86","-1","-10.258277","-48.315151","1784194127349","2026-07-16T09:28:47","95d9d88f-a5e9-4a1f-a5e3-d31635a7afc6"
"2026-07-18T02:23:28","226989880","Orla 14 Av. Orla","Orla 14 Al. 10","Palmas","BR","1","0","5","202","-1","-10.190245","-48.363339","1784300625681","2026-07-17T15:03:45","f6532310-ad61-458c-8024-9a03ea4a6507"
"2026-07-18T05:06:45","1764083300","Av. Siqueira Campos","","Palmas","BR","2","0","5","155","-1","-10.292304","-48.332966","1782872109418","2026-07-01T02:15:09","78af3b54-3dea-4f10-8eb5-5fb4a34eaabb"
"2026-07-18T05:06:45","69755946","",,"Palmas","BR","1","0","5","23","-1","-10.258348","-48.316227","1784340945820","2026-07-18T02:15:45","151ee59d-9fc8-4482-9e04-b365b1e458b5"
"2026-07-18T05:06:45","1275283552","","Av. NS-10","Palmas","BR","1","0","5","70","-1","-10.258317","-48.317258","1782526649111","2026-06-27T02:17:29","3c3cc392-5d12-48d2-a44d-55f1688e96a0"
"2026-07-18T05:06:45","1693600118","Av. Siqueira Campos","","Palmas","BR","2","0","5","155","-1","-10.292304","-48.332966","1784081883010","2026-07-15T02:18:03","af3fc386-180b-4082-a64c-64efe9627b8d"
"2026-07-18T05:06:45","69720514","Rua 23","Rua Gregório Terêncio de Souza","Taquarussu do Porto (Palmas)","BR","1","0","5","148","-1","-10.315312","-48.158983","1784340945933","2026-07-18T02:15:45","bc88063a-0183-404d-bf0b-83ebca226941"
"2026-07-18T05:06:45","1764089184","",,"Palmas","BR","1","0","5","45","-1","-10.25844","-48.317041","1782872178272","2026-07-01T02:16:18","972e31c2-cd12-4c0a-b3ee-1530d2e74b4f"
"2026-07-18T05:06:45","1693596122","",,"Palmas","BR","1","0","5","36","-1","-10.258352","-48.316498","1784081881899","2026-07-15T02:18:01","f6a9d158-cb4d-43ec-b26e-e2687cf324bf"
"2026-07-18T05:06:45","1693618776","",,"Palmas","BR","1","0","5","63","-1","-10.258354","-48.315834","1784081881640","2026-07-15T02:18:01","dc9d4e1f-8670-4b13-9612-de4df2989f38"
"2026-07-18T05:06:45","1211995990","",,"Palmas","BR","1","0","5","21","-1","-10.258363","-48.316757","1782353685339","2026-06-25T02:14:45","a82a13e5-2525-4021-aa92-7892a48c9f70"
"2026-07-18T05:06:45","227290400","Orla 14 Av. Orla","Orla 14 Al. 8","Palmas","BR","1","0","5","204","-1","-10.190127","-48.363185","1784300626520","2026-07-17T15:03:46","3291781c-27e8-4989-a13a-d0f9020b8883"
"2026-07-18T05:06:45","1088566738","",,"Palmas","BR","1","0","5","41","-1","-10.258569","-48.317408","1783562302500","2026-07-09T01:58:22","9740383b-d7ef-4ff2-9da7-1b82984db198"
"2026-07-18T05:06:45","1877536026","",,"Palmas","BR","1","0","5","23","-1","-10.258348","-48.316227","1784194194365","2026-07-16T09:29:54","67a7d0d3-9d61-4acd-8315-250cecac9790"
"2026-07-18T05:06:45","1693600032","",,"Palmas","BR","1","0","5","63","-1","-10.258354","-48.315834","1784081881899","2026-07-15T02:18:01","205a09b3-2e2f-4b45-86aa-4ea82a9ecd25"
"2026-07-18T05:06:45","1764118132","Av. Siqueira Campos","","Palmas","BR","2","0","5","327","-1","-10.294325","-48.33214","1782872110314","2026-07-01T02:15:10","2f08bda5-8a61-4942-836a-8f1ec7689705"
"2026-07-18T05:06:45","1693600006","Av. Siqueira Campos","","Palmas","BR","2","0","5","327","-1","-10.294325","-48.33214","1784081881897","2026-07-15T02:18:01","2613c8db-9637-40d4-8e38-c2092c8c0dfc"
"2026-07-18T05:06:45","69751934","Rua 23","Rua Belo Horizonte","Taquarussu do Porto (Palmas)","BR","1","0","5","148","-1","-10.315312","-48.158983","1784340945928","2026-07-18T02:15:45","0c3944a0-e1e4-48dd-b26d-63d5822bfc7b"
"2026-07-18T05:06:45","1090156748","Av. Siqueira Campos","","Palmas","BR","2","0","5","979","-1","-10.298359","-48.32771","1783563941797","2026-07-09T02:25:41","e944a470-62d5-4656-aaf0-087383708928"
"2026-07-18T05:06:45","1851288576","",,"Palmas","BR","1","0","5","36","-1","-10.258352","-48.316498","1784019161779","2026-07-14T08:52:41","341a3583-4137-4e82-bfbb-a67b5e845593"
"2026-07-18T05:06:45","1694226848","",,"Palmas","BR","1","0","5","15","-1","-10.258365","-48.316918","1783904330428","2026-07-13T00:58:50","06d504d6-dac0-4c04-9329-7777206ab7a2"
"2026-07-18T05:06:45","223991394","",,"Palmas","BR","1","0","5","21","-1","-10.258363","-48.316757","1783180963404","2026-07-04T16:02:43","d984add8-2949-4ac0-81b5-2aa666f8ed15"
"2026-07-18T05:06:45","1877412378","",,"Palmas","BR","1","0","5","86","-1","-10.258277","-48.315151","1784194127349","2026-07-16T09:28:47","95d9d88f-a5e9-4a1f-a5e3-d31635a7afc6"
"2026-07-18T05:06:45","1693573164","","","Palmas","BR","1","0","5","86","-1","-10.258278","-48.315151","1784081882190","2026-07-15T02:18:02","0584e645-bcd7-4670-a8e4-2c08a6763039"
"2026-07-18T05:06:45","1697990376","Av. Siqueira Campos","","Palmas","BR","2","0","5","979","-1","-10.298359","-48.32771","1783909046043","2026-07-13T02:17:26","128eda9c-f215-485b-9c7c-a1544bb8c545"
"2026-07-18T05:06:45","226989880","Orla 14 Av. Orla","Orla 14 Al. 10","Palmas","BR","1","0","5","202","-1","-10.190245","-48.363339","1784300625681","2026-07-17T15:03:45","f6532310-ad61-458c-8024-9a03ea4a6507"
"2026-07-18T07:04:55","1764083300","Av. Siqueira Campos","","Palmas","BR","2","0","5","155","-1","-10.292304","-48.332966","1782872109418","2026-07-01T02:15:09","78af3b54-3dea-4f10-8eb5-5fb4a34eaabb"
"2026-07-18T07:04:55","69755946","",,"Palmas","BR","1","0","5","23","-1","-10.258348","-48.316227","1784340945820","2026-07-18T02:15:45","151ee59d-9fc8-4482-9e04-b365b1e458b5"
"2026-07-18T07:04:55","1693600118","Av. Siqueira Campos","","Palmas","BR","2","0","5","155","-1","-10.292304","-48.332966","1784081883010","2026-07-15T02:18:03","af3fc386-180b-4082-a64c-64efe9627b8d"
"2026-07-18T07:04:55","1764089184","",,"Palmas","BR","1","0","5","45","-1","-10.25844","-48.317041","1782872178272","2026-07-01T02:16:18","972e31c2-cd12-4c0a-b3ee-1530d2e74b4f"
"2026-07-18T07:04:55","1693600032","",,"Palmas","BR","1","0","5","63","-1","-10.258354","-48.315834","1784081881899","2026-07-15T02:18:01","205a09b3-2e2f-4b45-86aa-4ea82a9ecd25"
"2026-07-18T07:04:55","1764118132","Av. Siqueira Campos","","Palmas","BR","2","0","5","327","-1","-10.294325","-48.33214","1782872110314","2026-07-01T02:15:10","2f08bda5-8a61-4942-836a-8f1ec7689705"
"2026-07-18T07:04:55","69751934","Rua 23","Rua Belo Horizonte","Taquarussu do Porto (Palmas)","BR","1","0","5","148","-1","-10.315312","-48.158983","1784340945928","2026-07-18T02:15:45","0c3944a0-e1e4-48dd-b26d-63d5822bfc7b"
"2026-07-18T07:04:55","1851288576","",,"Palmas","BR","1","0","5","36","-1","-10.258352","-48.316498","1784019161779","2026-07-14T08:52:41","341a3583-4137-4e82-bfbb-a67b5e845593"
"2026-07-18T07:04:55","1694226848","",,"Palmas","BR","1","0","5","15","-1","-10.258365","-48.316918","1783904330428","2026-07-13T00:58:50","06d504d6-dac0-4c04-9329-7777206ab7a2"
"2026-07-18T07:04:55","1693573164","","","Palmas","BR","1","0","5","86","-1","-10.258278","-48.315151","1784081882190","2026-07-15T02:18:02","0584e645-bcd7-4670-a8e4-2c08a6763039"
"2026-07-18T07:04:55","1697990376","Av. Siqueira Campos","","Palmas","BR","2","0","5","979","-1","-10.298359","-48.32771","1783909046043","2026-07-13T02:17:26","128eda9c-f215-485b-9c7c-a1544bb8c545"
"2026-07-18T07:04:55","1275283552","","Av. NS-10","Palmas","BR","1","0","5","70","-1","-10.258317","-48.317258","1782526649111","2026-06-27T02:17:29","3c3cc392-5d12-48d2-a44d-55f1688e96a0"
"2026-07-18T07:04:55","69720514","Rua 23","Rua Gregório Terêncio de Souza","Taquarussu do Porto (Palmas)","BR","1","0","5","148","-1","-10.315312","-48.158983","1784340945933","2026-07-18T02:15:45","bc88063a-0183-404d-bf0b-83ebca226941"
"2026-07-18T07:04:55","1693596122","",,"Palmas","BR","1","0","5","36","-1","-10.258352","-48.316498","1784081881899","2026-07-15T02:18:01","f6a9d158-cb4d-43ec-b26e-e2687cf324bf"
"2026-07-18T07:04:55","1693618776","",,"Palmas","BR","1","0","5","63","-1","-10.258354","-48.315834","1784081881640","2026-07-15T02:18:01","dc9d4e1f-8670-4b13-9612-de4df2989f38"
"2026-07-18T07:04:55","1211995990","",,"Palmas","BR","1","0","5","21","-1","-10.258363","-48.316757","1782353685339","2026-06-25T02:14:45","a82a13e5-2525-4021-aa92-7892a48c9f70"
"2026-07-18T07:04:55","227290400","Orla 14 Av. Orla","Orla 14 Al. 8","Palmas","BR","1","0","5","204","-1","-10.190127","-48.363185","1784300626520","2026-07-17T15:03:46","3291781c-27e8-4989-a13a-d0f9020b8883"
"2026-07-18T07:04:55","1088566738","",,"Palmas","BR","1","0","5","41","-1","-10.258569","-48.317408","1783562302500","2026-07-09T01:58:22","9740383b-d7ef-4ff2-9da7-1b82984db198"
"2026-07-18T07:04:55","1877536026","",,"Palmas","BR","1","0","5","23","-1","-10.258348","-48.316227","1784194194365","2026-07-16T09:29:54","67a7d0d3-9d61-4acd-8315-250cecac9790"
"2026-07-18T07:04:55","1693600006","Av. Siqueira Campos","","Palmas","BR","2","0","5","327","-1","-10.294325","-48.33214","1784081881897","2026-07-15T02:18:01","2613c8db-9637-40d4-8e38-c2092c8c0dfc"
"2026-07-18T07:04:55","1090156748","Av. Siqueira Campos","","Palmas","BR","2","0","5","979","-1","-10.298359","-48.32771","1783563941797","2026-07-09T02:25:41","e944a470-62d5-4656-aaf0-087383708928"
"2026-07-18T07:04:55","223991394","",,"Palmas","BR","1","0","5","21","-1","-10.258363","-48.316757","1783180963404","2026-07-04T16:02:43","d984add8-2949-4ac0-81b5-2aa666f8ed15"
"2026-07-18T07:04:55","1877412378","",,"Palmas","BR","1","0","5","86","-1","-10.258277","-48.315151","1784194127349","2026-07-16T09:28:47","95d9d88f-a5e9-4a1f-a5e3-d31635a7afc6"
"2026-07-18T07:04:55","226989880","Orla 14 Av. Orla","Orla 14 Al. 10","Palmas","BR","1","0","5","202","-1","-10.190245","-48.363339","1784300625681","2026-07-17T15:03:45","f6532310-ad61-458c-8024-9a03ea4a6507"
"2026-07-18T08:55:02","85746460","","Av. LO-11","Palmas","BR","2","0","5","47","-1","-10.21073","-48.363836","1784360003106","2026-07-18T07:33:23","474a4e37-6632-4a6e-8e8d-083242ed79ad"
"2026-07-18T08:55:02","1764083300","Av. Siqueira Campos","","Palmas","BR","2","0","5","155","-1","-10.292304","-48.332966","1782872109418","2026-07-01T02:15:09","78af3b54-3dea-4f10-8eb5-5fb4a34eaabb"
"2026-07-18T08:55:02","69755946","",,"Palmas","BR","1","0","5","23","-1","-10.258348","-48.316227","1784340945820","2026-07-18T02:15:45","151ee59d-9fc8-4482-9e04-b365b1e458b5"
"2026-07-18T08:55:02","85855388","Av. LO-11","","Palmas","BR","2","0","5","284","-1","-10.210994","-48.36245","1784360002648","2026-07-18T07:33:22","c9d11308-345c-4553-b8a9-41e361d05e9b"
"2026-07-18T08:55:02","1693600118","Av. Siqueira Campos","","Palmas","BR","2","0","5","155","-1","-10.292304","-48.332966","1784081883010","2026-07-15T02:18:03","af3fc386-180b-4082-a64c-64efe9627b8d"
"2026-07-18T08:55:02","1764089184","",,"Palmas","BR","1","0","5","45","-1","-10.25844","-48.317041","1782872178272","2026-07-01T02:16:18","972e31c2-cd12-4c0a-b3ee-1530d2e74b4f"
"2026-07-18T08:55:02","85819800","",,"Palmas","BR","2","0","5","47","-1","-10.21005","-48.364167","1784360002783","2026-07-18T07:33:22","9d495699-020c-47e3-aa9d-b87121189139"
"2026-07-18T08:55:02","93563480","Av. Siqueira Campos","Av. LO-27","Palmas","BR","2","31.74","2","2085","111","-10.24243","-48.333453","1784364637274","2026-07-18T08:50:37",
"2026-07-18T08:55:02","85819794","","Av. NS-15","Palmas","BR","2","0","5","46","-1","-10.210282","-48.363646","1784360002659","2026-07-18T07:33:22","6e362dcf-9627-4011-9ddf-4aa26e2b0eae"
"2026-07-18T08:55:02","1693600032","",,"Palmas","BR","1","0","5","63","-1","-10.258354","-48.315834","1784081881899","2026-07-15T02:18:01","205a09b3-2e2f-4b45-86aa-4ea82a9ecd25"
"2026-07-18T08:55:02","1764118132","Av. Siqueira Campos","","Palmas","BR","2","0","5","327","-1","-10.294325","-48.33214","1782872110314","2026-07-01T02:15:10","2f08bda5-8a61-4942-836a-8f1ec7689705"
"2026-07-18T08:55:02","85851406","","Av. NS-15","Palmas","BR","2","0","5","18","-1","-10.210634","-48.364333","1784360003089","2026-07-18T07:33:23","a421354b-b7ad-411f-812a-1971af9cf2fd"
"2026-07-18T08:55:02","85827534","Av. NS-15","","Palmas","BR","2","0","5","809","-1","-10.213597","-48.364879","1784360002782","2026-07-18T07:33:22","a5788aec-08b0-49f8-837b-7228134d81ea"
"2026-07-18T08:55:02","85819790","Av. NS-15","","Palmas","BR","2","0","5","663","-1","-10.207318","-48.362764","1784360002590","2026-07-18T07:33:22","0f4df5b5-afec-4e29-857d-b188bd6401fe"
"2026-07-18T08:55:02","69751934","Rua 23","Rua Belo Horizonte","Taquarussu do Porto (Palmas)","BR","1","0","5","148","-1","-10.315312","-48.158983","1784340945928","2026-07-18T02:15:45","0c3944a0-e1e4-48dd-b26d-63d5822bfc7b"
"2026-07-18T08:55:02","1851288576","",,"Palmas","BR","1","0","5","36","-1","-10.258352","-48.316498","1784019161779","2026-07-14T08:52:41","341a3583-4137-4e82-bfbb-a67b5e845593"
"2026-07-18T08:55:02","85788868","Av. NS-15","","Palmas","BR","2","0","5","659","-1","-10.208164","-48.362847","1784360002755","2026-07-18T07:33:22","5e29d001-6423-411f-8817-933f55f53fcf"
"2026-07-18T08:55:02","1694226848","",,"Palmas","BR","1","0","5","15","-1","-10.258365","-48.316918","1783904330428","2026-07-13T00:58:50","06d504d6-dac0-4c04-9329-7777206ab7a2"
"2026-07-18T08:55:02","1693573164","","","Palmas","BR","1","0","5","86","-1","-10.258278","-48.315151","1784081882190","2026-07-15T02:18:02","0584e645-bcd7-4670-a8e4-2c08a6763039"
"2026-07-18T08:55:02","1697990376","Av. Siqueira Campos","","Palmas","BR","2","0","5","979","-1","-10.298359","-48.32771","1783909046043","2026-07-13T02:17:26","128eda9c-f215-485b-9c7c-a1544bb8c545"
"2026-07-18T08:55:02","85761730","",,"Palmas","BR","2","0","5","23","-1","-10.210252","-48.364385","1784360002632","2026-07-18T07:33:22","74c44aed-399f-4023-b441-042ecd825a6b"
"2026-07-18T08:55:02","85804412","",,"Palmas","BR","2","0","5","23","-1","-10.210454","-48.364407","1784360002584","2026-07-18T07:33:22","bf7959a4-cf34-43ca-84e6-85f5ce185ca7"
"2026-07-18T08:55:02","1275283552","","Av. NS-10","Palmas","BR","1","0","5","70","-1","-10.258317","-48.317258","1782526649111","2026-06-27T02:17:29","3c3cc392-5d12-48d2-a44d-55f1688e96a0"
"2026-07-18T08:55:02","69720514","Rua 23","Rua Gregório Terêncio de Souza","Taquarussu do Porto (Palmas)","BR","1","0","5","148","-1","-10.315312","-48.158983","1784340945933","2026-07-18T02:15:45","bc88063a-0183-404d-bf0b-83ebca226941"
"2026-07-18T08:55:02","1693596122","",,"Palmas","BR","1","0","5","36","-1","-10.258352","-48.316498","1784081881899","2026-07-15T02:18:01","f6a9d158-cb4d-43ec-b26e-e2687cf324bf"
"2026-07-18T08:55:02","1693618776","",,"Palmas","BR","1","0","5","63","-1","-10.258354","-48.315834","1784081881640","2026-07-15T02:18:01","dc9d4e1f-8670-4b13-9612-de4df2989f38"
"2026-07-18T08:55:02","1211995990","",,"Palmas","BR","1","0","5","21","-1","-10.258363","-48.316757","1782353685339","2026-06-25T02:14:45","a82a13e5-2525-4021-aa92-7892a48c9f70"
"2026-07-18T08:55:02","227290400","Orla 14 Av. Orla","Orla 14 Al. 8","Palmas","BR","1","0","5","204","-1","-10.190127","-48.363185","1784300626520","2026-07-17T15:03:46","3291781c-27e8-4989-a13a-d0f9020b8883"
"2026-07-18T08:55:02","85823856","Av. LO-11","","Palmas","BR","2","0","5","278","-1","-10.210817","-48.362524","1784360002653","2026-07-18T07:33:22","d259f6fe-0dd9-4715-84f9-c799819b1e7d"
"2026-07-18T08:55:02","1088566738","",,"Palmas","BR","1","0","5","41","-1","-10.258569","-48.317408","1783562302500","2026-07-09T01:58:22","9740383b-d7ef-4ff2-9da7-1b82984db198"
"2026-07-18T08:55:02","1877536026","",,"Palmas","BR","1","0","5","23","-1","-10.258348","-48.316227","1784194194365","2026-07-16T09:29:54","67a7d0d3-9d61-4acd-8315-250cecac9790"
"2026-07-18T08:55:02","1693600006","Av. Siqueira Campos","","Palmas","BR","2","0","5","327","-1","-10.294325","-48.33214","1784081881897","2026-07-15T02:18:01","2613c8db-9637-40d4-8e38-c2092c8c0dfc"
"2026-07-18T08:55:02","1090156748","Av. Siqueira Campos","","Palmas","BR","2","0","5","979","-1","-10.298359","-48.32771","1783563941797","2026-07-09T02:25:41","e944a470-62d5-4656-aaf0-087383708928"
"2026-07-18T08:55:02","223991394","",,"Palmas","BR","1","0","5","21","-1","-10.258363","-48.316757","1783180963404","2026-07-04T16:02:43","d984add8-2949-4ac0-81b5-2aa666f8ed15"
"2026-07-18T08:55:02","1877412378","",,"Palmas","BR","1","0","5","86","-1","-10.258277","-48.315151","1784194127349","2026-07-16T09:28:47","95d9d88f-a5e9-4a1f-a5e3-d31635a7afc6"
"2026-07-18T08:55:02","226989880","Orla 14 Av. Orla","Orla 14 Al. 10","Palmas","BR","1","0","5","202","-1","-10.190245","-48.363339","1784300625681","2026-07-17T15:03:45","f6532310-ad61-458c-8024-9a03ea4a6507"
"2026-07-18T08:55:02","85847330","Av. NS-15","","Palmas","BR","2","0","5","788","-1","-10.213941","-48.364657","1784360003136","2026-07-18T07:33:23","26fbf54a-22d1-45e1-a2b4-7bc1a0402a08"
"2026-07-18T10:05:30","1764083300","Av. Siqueira Campos","","Palmas","BR","2","0","5","155","-1","-10.292304","-48.332966","1782872109418","2026-07-01T02:15:09","78af3b54-3dea-4f10-8eb5-5fb4a34eaabb"
"2026-07-18T10:05:30","69755946","",,"Palmas","BR","1","0","5","23","-1","-10.258348","-48.316227","1784340945820","2026-07-18T02:15:45","151ee59d-9fc8-4482-9e04-b365b1e458b5"
"2026-07-18T10:05:30","1275283552","","Av. NS-10","Palmas","BR","1","0","5","70","-1","-10.258317","-48.317258","1782526649111","2026-06-27T02:17:29","3c3cc392-5d12-48d2-a44d-55f1688e96a0"
"2026-07-18T10:05:30","1693600118","Av. Siqueira Campos","","Palmas","BR","2","0","5","155","-1","-10.292304","-48.332966","1784081883010","2026-07-15T02:18:03","af3fc386-180b-4082-a64c-64efe9627b8d"
"2026-07-18T10:05:30","69720514","Rua 23","Rua Gregório Terêncio de Souza","Taquarussu do Porto (Palmas)","BR","1","0","5","148","-1","-10.315312","-48.158983","1784340945933","2026-07-18T02:15:45","bc88063a-0183-404d-bf0b-83ebca226941"
"2026-07-18T10:05:30","1764089184","",,"Palmas","BR","1","0","5","45","-1","-10.25844","-48.317041","1782872178272","2026-07-01T02:16:18","972e31c2-cd12-4c0a-b3ee-1530d2e74b4f"
"2026-07-18T10:05:30","1693596122","",,"Palmas","BR","1","0","5","36","-1","-10.258352","-48.316498","1784081881899","2026-07-15T02:18:01","f6a9d158-cb4d-43ec-b26e-e2687cf324bf"
"2026-07-18T10:05:30","1693618776","",,"Palmas","BR","1","0","5","63","-1","-10.258354","-48.315834","1784081881640","2026-07-15T02:18:01","dc9d4e1f-8670-4b13-9612-de4df2989f38"
"2026-07-18T10:05:30","1211995990","",,"Palmas","BR","1","0","5","21","-1","-10.258363","-48.316757","1782353685339","2026-06-25T02:14:45","a82a13e5-2525-4021-aa92-7892a48c9f70"
"2026-07-18T10:05:30","227290400","Orla 14 Av. Orla","Orla 14 Al. 8","Palmas","BR","1","0","5","204","-1","-10.190127","-48.363185","1784300626520","2026-07-17T15:03:46","3291781c-27e8-4989-a13a-d0f9020b8883"
"2026-07-18T10:05:30","1088566738","",,"Palmas","BR","1","0","5","41","-1","-10.258569","-48.317408","1783562302500","2026-07-09T01:58:22","9740383b-d7ef-4ff2-9da7-1b82984db198"
"2026-07-18T10:05:30","1877536026","",,"Palmas","BR","1","0","5","23","-1","-10.258348","-48.316227","1784194194365","2026-07-16T09:29:54","67a7d0d3-9d61-4acd-8315-250cecac9790"
"2026-07-18T10:05:30","1693600032","",,"Palmas","BR","1","0","5","63","-1","-10.258354","-48.315834","1784081881899","2026-07-15T02:18:01","205a09b3-2e2f-4b45-86aa-4ea82a9ecd25"
"2026-07-18T10:05:30","1764118132","Av. Siqueira Campos","","Palmas","BR","2","0","5","327","-1","-10.294325","-48.33214","1782872110314","2026-07-01T02:15:10","2f08bda5-8a61-4942-836a-8f1ec7689705"
"2026-07-18T10:05:30","1693600006","Av. Siqueira Campos","","Palmas","BR","2","0","5","327","-1","-10.294325","-48.33214","1784081881897","2026-07-15T02:18:01","2613c8db-9637-40d4-8e38-c2092c8c0dfc"
"2026-07-18T10:05:30","69751934","Rua 23","Rua Belo Horizonte","Taquarussu do Porto (Palmas)","BR","1","0","5","148","-1","-10.315312","-48.158983","1784340945928","2026-07-18T02:15:45","0c3944a0-e1e4-48dd-b26d-63d5822bfc7b"
"2026-07-18T10:05:30","1090156748","Av. Siqueira Campos","","Palmas","BR","2","0","5","979","-1","-10.298359","-48.32771","1783563941797","2026-07-09T02:25:41","e944a470-62d5-4656-aaf0-087383708928"
"2026-07-18T10:05:30","1851288576","",,"Palmas","BR","1","0","5","36","-1","-10.258352","-48.316498","1784019161779","2026-07-14T08:52:41","341a3583-4137-4e82-bfbb-a67b5e845593"
"2026-07-18T10:05:30","1694226848","",,"Palmas","BR","1","0","5","15","-1","-10.258365","-48.316918","1783904330428","2026-07-13T00:58:50","06d504d6-dac0-4c04-9329-7777206ab7a2"
"2026-07-18T10:05:30","223991394","",,"Palmas","BR","1","0","5","21","-1","-10.258363","-48.316757","1783180963404","2026-07-04T16:02:43","d984add8-2949-4ac0-81b5-2aa666f8ed15"
"2026-07-18T10:05:30","1877412378","",,"Palmas","BR","1","0","5","86","-1","-10.258277","-48.315151","1784194127349","2026-07-16T09:28:47","95d9d88f-a5e9-4a1f-a5e3-d31635a7afc6"
"2026-07-18T10:05:30","1693573164","","","Palmas","BR","1","0","5","86","-1","-10.258278","-48.315151","1784081882190","2026-07-15T02:18:02","0584e645-bcd7-4670-a8e4-2c08a6763039"
"2026-07-18T10:05:30","1697990376","Av. Siqueira Campos","","Palmas","BR","2","0","5","979","-1","-10.298359","-48.32771","1783909046043","2026-07-13T02:17:26","128eda9c-f215-485b-9c7c-a1544bb8c545"
"2026-07-18T10:05:30","226989880","Orla 14 Av. Orla","Orla 14 Al. 10","Palmas","BR","1","0","5","202","-1","-10.190245","-48.363339","1784300625681","2026-07-17T15:03:45","f6532310-ad61-458c-8024-9a03ea4a6507"
"2026-07-18T11:13:44","1764083300","Av. Siqueira Campos","","Palmas","BR","2","0","5","155","-1","-10.292304","-48.332966","1782872109418","2026-07-01T02:15:09","78af3b54-3dea-4f10-8eb5-5fb4a34eaabb"
"2026-07-18T11:13:44","69755946","",,"Palmas","BR","1","0","5","23","-1","-10.258348","-48.316227","1784340945820","2026-07-18T02:15:45","151ee59d-9fc8-4482-9e04-b365b1e458b5"
"2026-07-18T11:13:44","1693600118","Av. Siqueira Campos","","Palmas","BR","2","0","5","155","-1","-10.292304","-48.332966","1784081883010","2026-07-15T02:18:03","af3fc386-180b-4082-a64c-64efe9627b8d"
"2026-07-18T11:13:44","1764089184","",,"Palmas","BR","1","0","5","45","-1","-10.25844","-48.317041","1782872178272","2026-07-01T02:16:18","972e31c2-cd12-4c0a-b3ee-1530d2e74b4f"
"2026-07-18T11:13:44","1693600032","",,"Palmas","BR","1","0","5","63","-1","-10.258354","-48.315834","1784081881899","2026-07-15T02:18:01","205a09b3-2e2f-4b45-86aa-4ea82a9ecd25"
"2026-07-18T11:13:44","1764118132","Av. Siqueira Campos","","Palmas","BR","2","0","5","327","-1","-10.294325","-48.33214","1782872110314","2026-07-01T02:15:10","2f08bda5-8a61-4942-836a-8f1ec7689705"
"2026-07-18T11:13:44","69751934","Rua 23","Rua Belo Horizonte","Taquarussu do Porto (Palmas)","BR","1","0","5","148","-1","-10.315312","-48.158983","1784340945928","2026-07-18T02:15:45","0c3944a0-e1e4-48dd-b26d-63d5822bfc7b"
"2026-07-18T11:13:44","1851288576","",,"Palmas","BR","1","0","5","36","-1","-10.258352","-48.316498","1784019161779","2026-07-14T08:52:41","341a3583-4137-4e82-bfbb-a67b5e845593"
"2026-07-18T11:13:44","1694226848","",,"Palmas","BR","1","0","5","15","-1","-10.258365","-48.316918","1783904330428","2026-07-13T00:58:50","06d504d6-dac0-4c04-9329-7777206ab7a2"
"2026-07-18T11:13:44","1693573164","","","Palmas","BR","1","0","5","86","-1","-10.258278","-48.315151","1784081882190","2026-07-15T02:18:02","0584e645-bcd7-4670-a8e4-2c08a6763039"
"2026-07-18T11:13:44","1697990376","Av. Siqueira Campos","","Palmas","BR","2","0","5","979","-1","-10.298359","-48.32771","1783909046043","2026-07-13T02:17:26","128eda9c-f215-485b-9c7c-a1544bb8c545"
"2026-07-18T11:13:44","1275283552","","Av. NS-10","Palmas","BR","1","0","5","70","-1","-10.258317","-48.317258","1782526649111","2026-06-27T02:17:29","3c3cc392-5d12-48d2-a44d-55f1688e96a0"
"2026-07-18T11:13:44","69720514","Rua 23","Rua Gregório Terêncio de Souza","Taquarussu do Porto (Palmas)","BR","1","0","5","148","-1","-10.315312","-48.158983","1784340945933","2026-07-18T02:15:45","bc88063a-0183-404d-bf0b-83ebca226941"
"2026-07-18T11:13:44","1693596122","",,"Palmas","BR","1","0","5","36","-1","-10.258352","-48.316498","1784081881899","2026-07-15T02:18:01","f6a9d158-cb4d-43ec-b26e-e2687cf324bf"
"2026-07-18T11:13:44","1693618776","",,"Palmas","BR","1","0","5","63","-1","-10.258354","-48.315834","1784081881640","2026-07-15T02:18:01","dc9d4e1f-8670-4b13-9612-de4df2989f38"
"2026-07-18T11:13:44","1211995990","",,"Palmas","BR","1","0","5","21","-1","-10.258363","-48.316757","1782353685339","2026-06-25T02:14:45","a82a13e5-2525-4021-aa92-7892a48c9f70"
"2026-07-18T11:13:44","227290400","Orla 14 Av. Orla","Orla 14 Al. 8","Palmas","BR","1","0","5","204","-1","-10.190127","-48.363185","1784300626520","2026-07-17T15:03:46","3291781c-27e8-4989-a13a-d0f9020b8883"
"2026-07-18T11:13:44","118798884","Av. NS-4","","Palmas","BR","2","8.59","3","300","102","-10.250557","-48.324128","1784373007438","2026-07-18T11:10:07",
"2026-07-18T11:13:44","1088566738","",,"Palmas","BR","1","0","5","41","-1","-10.258569","-48.317408","1783562302500","2026-07-09T01:58:22","9740383b-d7ef-4ff2-9da7-1b82984db198"
"2026-07-18T11:13:44","1877536026","",,"Palmas","BR","1","0","5","23","-1","-10.258348","-48.316227","1784194194365","2026-07-16T09:29:54","67a7d0d3-9d61-4acd-8315-250cecac9790"
"2026-07-18T11:13:44","1693600006","Av. Siqueira Campos","","Palmas","BR","2","0","5","327","-1","-10.294325","-48.33214","1784081881897","2026-07-15T02:18:01","2613c8db-9637-40d4-8e38-c2092c8c0dfc"
"2026-07-18T11:13:44","1090156748","Av. Siqueira Campos","","Palmas","BR","2","0","5","979","-1","-10.298359","-48.32771","1783563941797","2026-07-09T02:25:41","e944a470-62d5-4656-aaf0-087383708928"
"2026-07-18T11:13:44","223991394","",,"Palmas","BR","1","0","5","21","-1","-10.258363","-48.316757","1783180963404","2026-07-04T16:02:43","d984add8-2949-4ac0-81b5-2aa666f8ed15"
"2026-07-18T11:13:44","1877412378","",,"Palmas","BR","1","0","5","86","-1","-10.258277","-48.315151","1784194127349","2026-07-16T09:28:47","95d9d88f-a5e9-4a1f-a5e3-d31635a7afc6"
"2026-07-18T11:13:44","226989880","Orla 14 Av. Orla","Orla 14 Al. 10","Palmas","BR","1","0","5","202","-1","-10.190245","-48.363339","1784300625681","2026-07-17T15:03:45","f6532310-ad61-458c-8024-9a03ea4a6507"
"2026-07-18T12:03:36","1764083300","Av. Siqueira Campos","","Palmas","BR","2","0","5","155","-1","-10.292304","-48.332966","1782872109418","2026-07-01T02:15:09","78af3b54-3dea-4f10-8eb5-5fb4a34eaabb"
"2026-07-18T12:03:36","69755946","",,"Palmas","BR","1","0","5","23","-1","-10.258348","-48.316227","1784340945820","2026-07-18T02:15:45","151ee59d-9fc8-4482-9e04-b365b1e458b5"
"2026-07-18T12:03:36","1693600118","Av. Siqueira Campos","","Palmas","BR","2","0","5","155","-1","-10.292304","-48.332966","1784081883010","2026-07-15T02:18:03","af3fc386-180b-4082-a64c-64efe9627b8d"
"2026-07-18T12:03:36","1764089184","",,"Palmas","BR","1","0","5","45","-1","-10.25844","-48.317041","1782872178272","2026-07-01T02:16:18","972e31c2-cd12-4c0a-b3ee-1530d2e74b4f"
"2026-07-18T12:03:36","1693600032","",,"Palmas","BR","1","0","5","63","-1","-10.258354","-48.315834","1784081881899","2026-07-15T02:18:01","205a09b3-2e2f-4b45-86aa-4ea82a9ecd25"
"2026-07-18T12:03:36","1764118132","Av. Siqueira Campos","","Palmas","BR","2","0","5","327","-1","-10.294325","-48.33214","1782872110314","2026-07-01T02:15:10","2f08bda5-8a61-4942-836a-8f1ec7689705"
"2026-07-18T12:03:36","69751934","Rua 23","Rua Belo Horizonte","Taquarussu do Porto (Palmas)","BR","1","0","5","148","-1","-10.315312","-48.158983","1784340945928","2026-07-18T02:15:45","0c3944a0-e1e4-48dd-b26d-63d5822bfc7b"
"2026-07-18T12:03:36","1851288576","",,"Palmas","BR","1","0","5","36","-1","-10.258352","-48.316498","1784019161779","2026-07-14T08:52:41","341a3583-4137-4e82-bfbb-a67b5e845593"
"2026-07-18T12:03:36","1694226848","",,"Palmas","BR","1","0","5","15","-1","-10.258365","-48.316918","1783904330428","2026-07-13T00:58:50","06d504d6-dac0-4c04-9329-7777206ab7a2"
"2026-07-18T12:03:36","1693573164","","","Palmas","BR","1","0","5","86","-1","-10.258278","-48.315151","1784081882190","2026-07-15T02:18:02","0584e645-bcd7-4670-a8e4-2c08a6763039"
"2026-07-18T12:03:36","1697990376","Av. Siqueira Campos","","Palmas","BR","2","0","5","979","-1","-10.298359","-48.32771","1783909046043","2026-07-13T02:17:26","128eda9c-f215-485b-9c7c-a1544bb8c545"
"2026-07-18T12:03:36","1275283552","","Av. NS-10","Palmas","BR","1","0","5","70","-1","-10.258317","-48.317258","1782526649111","2026-06-27T02:17:29","3c3cc392-5d12-48d2-a44d-55f1688e96a0"
"2026-07-18T12:03:36","69720514","Rua 23","Rua Gregório Terêncio de Souza","Taquarussu do Porto (Palmas)","BR","1","0","5","148","-1","-10.315312","-48.158983","1784340945933","2026-07-18T02:15:45","bc88063a-0183-404d-bf0b-83ebca226941"
"2026-07-18T12:03:36","1693596122","",,"Palmas","BR","1","0","5","36","-1","-10.258352","-48.316498","1784081881899","2026-07-15T02:18:01","f6a9d158-cb4d-43ec-b26e-e2687cf324bf"
"2026-07-18T12:03:36","1693618776","",,"Palmas","BR","1","0","5","63","-1","-10.258354","-48.315834","1784081881640","2026-07-15T02:18:01","dc9d4e1f-8670-4b13-9612-de4df2989f38"
"2026-07-18T12:03:36","1211995990","",,"Palmas","BR","1","0","5","21","-1","-10.258363","-48.316757","1782353685339","2026-06-25T02:14:45","a82a13e5-2525-4021-aa92-7892a48c9f70"
"2026-07-18T12:03:36","227290400","Orla 14 Av. Orla","Orla 14 Al. 8","Palmas","BR","1","0","5","204","-1","-10.190127","-48.363185","1784300626520","2026-07-17T15:03:46","3291781c-27e8-4989-a13a-d0f9020b8883"
"2026-07-18T12:03:36","1088566738","",,"Palmas","BR","1","0","5","41","-1","-10.258569","-48.317408","1783562302500","2026-07-09T01:58:22","9740383b-d7ef-4ff2-9da7-1b82984db198"
"2026-07-18T12:03:36","1877536026","",,"Palmas","BR","1","0","5","23","-1","-10.258348","-48.316227","1784194194365","2026-07-16T09:29:54","67a7d0d3-9d61-4acd-8315-250cecac9790"
"2026-07-18T12:03:36","126793082","BR-010","","Palmas","BR","6","23.6","2","896","67","-10.343432","-48.299824","1784375948393","2026-07-18T11:59:08",
"2026-07-18T12:03:36","1693600006","Av. Siqueira Campos","","Palmas","BR","2","0","5","327","-1","-10.294325","-48.33214","1784081881897","2026-07-15T02:18:01","2613c8db-9637-40d4-8e38-c2092c8c0dfc"
"2026-07-18T12:03:36","1090156748","Av. Siqueira Campos","","Palmas","BR","2","0","5","979","-1","-10.298359","-48.32771","1783563941797","2026-07-09T02:25:41","e944a470-62d5-4656-aaf0-087383708928"
"2026-07-18T12:03:36","223991394","",,"Palmas","BR","1","0","5","21","-1","-10.258363","-48.316757","1783180963404","2026-07-04T16:02:43","d984add8-2949-4ac0-81b5-2aa666f8ed15"
"2026-07-18T12:03:36","1877412378","",,"Palmas","BR","1","0","5","86","-1","-10.258277","-48.315151","1784194127349","2026-07-16T09:28:47","95d9d88f-a5e9-4a1f-a5e3-d31635a7afc6"
"2026-07-18T12:03:36","226989880","Orla 14 Av. Orla","Orla 14 Al. 10","Palmas","BR","1","0","5","202","-1","-10.190245","-48.363339","1784300625681","2026-07-17T15:03:45","f6532310-ad61-458c-8024-9a03ea4a6507"
"2026-07-18T13:40:14","1764083300","Av. Siqueira Campos","","Palmas","BR","2","0","5","155","-1","-10.292304","-48.332966","1782872109418","2026-07-01T02:15:09","78af3b54-3dea-4f10-8eb5-5fb4a34eaabb"
"2026-07-18T13:40:14","69755946","",,"Palmas","BR","1","0","5","23","-1","-10.258348","-48.316227","1784340945820","2026-07-18T02:15:45","151ee59d-9fc8-4482-9e04-b365b1e458b5"
"2026-07-18T13:40:14","1693600118","Av. Siqueira Campos","","Palmas","BR","2","0","5","155","-1","-10.292304","-48.332966","1784081883010","2026-07-15T02:18:03","af3fc386-180b-4082-a64c-64efe9627b8d"
"2026-07-18T13:40:14","1764089184","",,"Palmas","BR","1","0","5","45","-1","-10.25844","-48.317041","1782872178272","2026-07-01T02:16:18","972e31c2-cd12-4c0a-b3ee-1530d2e74b4f"
"2026-07-18T13:40:14","1764118132","Av. Siqueira Campos","","Palmas","BR","2","0","5","327","-1","-10.294325","-48.33214","1782872110314","2026-07-01T02:15:10","2f08bda5-8a61-4942-836a-8f1ec7689705"
"2026-07-18T13:40:14","1693600032","",,"Palmas","BR","1","0","5","63","-1","-10.258354","-48.315834","1784081881899","2026-07-15T02:18:01","205a09b3-2e2f-4b45-86aa-4ea82a9ecd25"
"2026-07-18T13:40:14","69751934","Rua 23","Rua Belo Horizonte","Taquarussu do Porto (Palmas)","BR","1","0","5","148","-1","-10.315312","-48.158983","1784340945928","2026-07-18T02:15:45","0c3944a0-e1e4-48dd-b26d-63d5822bfc7b"
"2026-07-18T13:40:14","1851288576","",,"Palmas","BR","1","0","5","36","-1","-10.258352","-48.316498","1784019161779","2026-07-14T08:52:41","341a3583-4137-4e82-bfbb-a67b5e845593"
"2026-07-18T13:40:14","1694226848","",,"Palmas","BR","1","0","5","15","-1","-10.258365","-48.316918","1783904330428","2026-07-13T00:58:50","06d504d6-dac0-4c04-9329-7777206ab7a2"
"2026-07-18T13:40:14","1697990376","Av. Siqueira Campos","","Palmas","BR","2","0","5","979","-1","-10.298359","-48.32771","1783909046043","2026-07-13T02:17:26","128eda9c-f215-485b-9c7c-a1544bb8c545"
"2026-07-18T13:40:14","1693573164","","","Palmas","BR","1","0","5","86","-1","-10.258278","-48.315151","1784081882190","2026-07-15T02:18:02","0584e645-bcd7-4670-a8e4-2c08a6763039"
"2026-07-18T13:40:14","142361628","Av. Tocantins","","Palmas","BR","7","14.96","2","774","104","-10.331791","-48.296805","1784381679972","2026-07-18T13:34:39",
"2026-07-18T13:40:14","1275283552","","Av. NS-10","Palmas","BR","1","0","5","70","-1","-10.258317","-48.317258","1782526649111","2026-06-27T02:17:29","3c3cc392-5d12-48d2-a44d-55f1688e96a0"
"2026-07-18T13:40:14","69720514","Rua 23","Rua Gregório Terêncio de Souza","Taquarussu do Porto (Palmas)","BR","1","0","5","148","-1","-10.315312","-48.158983","1784340945933","2026-07-18T02:15:45","bc88063a-0183-404d-bf0b-83ebca226941"
"2026-07-18T13:40:14","1693596122","",,"Palmas","BR","1","0","5","36","-1","-10.258352","-48.316498","1784081881899","2026-07-15T02:18:01","f6a9d158-cb4d-43ec-b26e-e2687cf324bf"
"2026-07-18T13:40:14","141641240","ACSU-SO 20 Rua NS-A","Av. LO-3","Palmas","BR","1","6.45","3","250","97","-10.19331","-48.334923","1784381387321","2026-07-18T13:29:47",
"2026-07-18T13:40:14","143184610","Marg. da TO-050",,"Palmas","BR","2","10.24","3","426","118","-10.22805","-48.311858","1784381975896","2026-07-18T13:39:35",
"2026-07-18T13:40:14","1693618776","",,"Palmas","BR","1","0","5","63","-1","-10.258354","-48.315834","1784081881640","2026-07-15T02:18:01","dc9d4e1f-8670-4b13-9612-de4df2989f38"
"2026-07-18T13:40:14","1211995990","",,"Palmas","BR","1","0","5","21","-1","-10.258363","-48.316757","1782353685339","2026-06-25T02:14:45","a82a13e5-2525-4021-aa92-7892a48c9f70"
"2026-07-18T13:40:14","227290400","Orla 14 Av. Orla","Orla 14 Al. 8","Palmas","BR","1","0","5","204","-1","-10.190127","-48.363185","1784300626520","2026-07-17T15:03:46","3291781c-27e8-4989-a13a-d0f9020b8883"
"2026-07-18T13:40:14","1088566738","",,"Palmas","BR","1","0","5","41","-1","-10.258569","-48.317408","1783562302500","2026-07-09T01:58:22","9740383b-d7ef-4ff2-9da7-1b82984db198"
"2026-07-18T13:40:14","1877536026","",,"Palmas","BR","1","0","5","23","-1","-10.258348","-48.316227","1784194194365","2026-07-16T09:29:54","67a7d0d3-9d61-4acd-8315-250cecac9790"
"2026-07-18T13:40:14","1693600006","Av. Siqueira Campos","","Palmas","BR","2","0","5","327","-1","-10.294325","-48.33214","1784081881897","2026-07-15T02:18:01","2613c8db-9637-40d4-8e38-c2092c8c0dfc"
"2026-07-18T13:40:14","1090156748","Av. Siqueira Campos","","Palmas","BR","2","0","5","979","-1","-10.298359","-48.32771","1783563941797","2026-07-09T02:25:41","e944a470-62d5-4656-aaf0-087383708928"
"2026-07-18T13:40:14","142137984","ACSE 1 Rua SE-1","Av. NS-2","Palmas","BR","1","16.3","2","553","65","-10.185583","-48.327002","1784381605249","2026-07-18T13:33:25",
"2026-07-18T13:40:14","223991394","",,"Palmas","BR","1","0","5","21","-1","-10.258363","-48.316757","1783180963404","2026-07-04T16:02:43","d984add8-2949-4ac0-81b5-2aa666f8ed15"
"2026-07-18T13:40:14","1877412378","",,"Palmas","BR","1","0","5","86","-1","-10.258277","-48.315151","1784194127349","2026-07-16T09:28:47","95d9d88f-a5e9-4a1f-a5e3-d31635a7afc6"
"2026-07-18T13:40:14","226989880","Orla 14 Av. Orla","Orla 14 Al. 10","Palmas","BR","1","0","5","202","-1","-10.190245","-48.363339","1784300625681","2026-07-17T15:03:45","f6532310-ad61-458c-8024-9a03ea4a6507"
"2026-07-18T14:37:47","1764083300","Av. Siqueira Campos","","Palmas","BR","2","0","5","155","-1","-10.292304","-48.332966","1782872109418","2026-07-01T02:15:09","78af3b54-3dea-4f10-8eb5-5fb4a34eaabb"
"2026-07-18T14:37:47","69755946","",,"Palmas","BR","1","0","5","23","-1","-10.258348","-48.316227","1784340945820","2026-07-18T02:15:45","151ee59d-9fc8-4482-9e04-b365b1e458b5"
"2026-07-18T14:37:47","1693600118","Av. Siqueira Campos","","Palmas","BR","2","0","5","155","-1","-10.292304","-48.332966","1784081883010","2026-07-15T02:18:03","af3fc386-180b-4082-a64c-64efe9627b8d"
"2026-07-18T14:37:47","1764089184","",,"Palmas","BR","1","0","5","45","-1","-10.25844","-48.317041","1782872178272","2026-07-01T02:16:18","972e31c2-cd12-4c0a-b3ee-1530d2e74b4f"
"2026-07-18T14:37:47","151546010","ARSE 21 Al. 8 Perdizes","ARSE 21 Al. 1 Jandaiá","Palmas","BR","1","10.06","2","340","73","-10.195507","-48.327616","1784385149549","2026-07-18T14:32:29",
"2026-07-18T14:37:47","1764118132","Av. Siqueira Campos","","Palmas","BR","2","0","5","327","-1","-10.294325","-48.33214","1782872110314","2026-07-01T02:15:10","2f08bda5-8a61-4942-836a-8f1ec7689705"
"2026-07-18T14:37:47","1693600032","",,"Palmas","BR","1","0","5","63","-1","-10.258354","-48.315834","1784081881899","2026-07-15T02:18:01","205a09b3-2e2f-4b45-86aa-4ea82a9ecd25"
"2026-07-18T14:37:47","69751934","Rua 23","Rua Belo Horizonte","Taquarussu do Porto (Palmas)","BR","1","0","5","148","-1","-10.315312","-48.158983","1784340945928","2026-07-18T02:15:45","0c3944a0-e1e4-48dd-b26d-63d5822bfc7b"
"2026-07-18T14:37:47","1851288576","",,"Palmas","BR","1","0","5","36","-1","-10.258352","-48.316498","1784019161779","2026-07-14T08:52:41","341a3583-4137-4e82-bfbb-a67b5e845593"
"2026-07-18T14:37:47","1694226848","",,"Palmas","BR","1","0","5","15","-1","-10.258365","-48.316918","1783904330428","2026-07-13T00:58:50","06d504d6-dac0-4c04-9329-7777206ab7a2"
"2026-07-18T14:37:47","1697990376","Av. Siqueira Campos","","Palmas","BR","2","0","5","979","-1","-10.298359","-48.32771","1783909046043","2026-07-13T02:17:26","128eda9c-f215-485b-9c7c-a1544bb8c545"
"2026-07-18T14:37:47","1693573164","","","Palmas","BR","1","0","5","86","-1","-10.258278","-48.315151","1784081882190","2026-07-15T02:18:02","0584e645-bcd7-4670-a8e4-2c08a6763039"
"2026-07-18T14:37:47","1275283552","","Av. NS-10","Palmas","BR","1","0","5","70","-1","-10.258317","-48.317258","1782526649111","2026-06-27T02:17:29","3c3cc392-5d12-48d2-a44d-55f1688e96a0"
"2026-07-18T14:37:47","69720514","Rua 23","Rua Gregório Terêncio de Souza","Taquarussu do Porto (Palmas)","BR","1","0","5","148","-1","-10.315312","-48.158983","1784340945933","2026-07-18T02:15:45","bc88063a-0183-404d-bf0b-83ebca226941"
"2026-07-18T14:37:47","1693596122","",,"Palmas","BR","1","0","5","36","-1","-10.258352","-48.316498","1784081881899","2026-07-15T02:18:01","f6a9d158-cb4d-43ec-b26e-e2687cf324bf"
"2026-07-18T14:37:47","1693618776","",,"Palmas","BR","1","0","5","63","-1","-10.258354","-48.315834","1784081881640","2026-07-15T02:18:01","dc9d4e1f-8670-4b13-9612-de4df2989f38"
"2026-07-18T14:37:47","1211995990","",,"Palmas","BR","1","0","5","21","-1","-10.258363","-48.316757","1782353685339","2026-06-25T02:14:45","a82a13e5-2525-4021-aa92-7892a48c9f70"
"2026-07-18T14:37:47","227290400","Orla 14 Av. Orla","Orla 14 Al. 8","Palmas","BR","1","0","5","204","-1","-10.190127","-48.363185","1784300626520","2026-07-17T15:03:46","3291781c-27e8-4989-a13a-d0f9020b8883"
"2026-07-18T14:37:47","1088566738","",,"Palmas","BR","1","0","5","41","-1","-10.258569","-48.317408","1783562302500","2026-07-09T01:58:22","9740383b-d7ef-4ff2-9da7-1b82984db198"
"2026-07-18T14:37:47","1877536026","",,"Palmas","BR","1","0","5","23","-1","-10.258348","-48.316227","1784194194365","2026-07-16T09:29:54","67a7d0d3-9d61-4acd-8315-250cecac9790"
"2026-07-18T14:37:47","1693600006","Av. Siqueira Campos","","Palmas","BR","2","0","5","327","-1","-10.294325","-48.33214","1784081881897","2026-07-15T02:18:01","2613c8db-9637-40d4-8e38-c2092c8c0dfc"
"2026-07-18T14:37:47","1090156748","Av. Siqueira Campos","","Palmas","BR","2","0","5","979","-1","-10.298359","-48.32771","1783563941797","2026-07-09T02:25:41","e944a470-62d5-4656-aaf0-087383708928"
"2026-07-18T14:37:47","151640818","Av. Goiás","","Palmas","BR","2","5.07","4","234","137","-10.338278","-48.300559","1784385149231","2026-07-18T14:32:29",
"2026-07-18T14:37:47","223991394","",,"Palmas","BR","1","0","5","21","-1","-10.258363","-48.316757","1783180963404","2026-07-04T16:02:43","d984add8-2949-4ac0-81b5-2aa666f8ed15"
"2026-07-18T14:37:47","1877412378","",,"Palmas","BR","1","0","5","86","-1","-10.258277","-48.315151","1784194127349","2026-07-16T09:28:47","95d9d88f-a5e9-4a1f-a5e3-d31635a7afc6"
"2026-07-18T14:37:47","226989880","Orla 14 Av. Orla","Orla 14 Al. 10","Palmas","BR","1","0","5","202","-1","-10.190245","-48.363339","1784300625681","2026-07-17T15:03:45","f6532310-ad61-458c-8024-9a03ea4a6507"
"2026-07-18T15:32:53","1764083300","Av. Siqueira Campos","","Palmas","BR","2","0","5","155","-1","-10.292304","-48.332966","1782872109418","2026-07-01T02:15:09","78af3b54-3dea-4f10-8eb5-5fb4a34eaabb"
"2026-07-18T15:32:53","69755946","",,"Palmas","BR","1","0","5","23","-1","-10.258348","-48.316227","1784340945820","2026-07-18T02:15:45","151ee59d-9fc8-4482-9e04-b365b1e458b5"
"2026-07-18T15:32:53","1693600118","Av. Siqueira Campos","","Palmas","BR","2","0","5","155","-1","-10.292304","-48.332966","1784081883010","2026-07-15T02:18:03","af3fc386-180b-4082-a64c-64efe9627b8d"
"2026-07-18T15:32:53","1764089184","",,"Palmas","BR","1","0","5","45","-1","-10.25844","-48.317041","1782872178272","2026-07-01T02:16:18","972e31c2-cd12-4c0a-b3ee-1530d2e74b4f"
"2026-07-18T15:32:53","1693600032","",,"Palmas","BR","1","0","5","63","-1","-10.258354","-48.315834","1784081881899","2026-07-15T02:18:01","205a09b3-2e2f-4b45-86aa-4ea82a9ecd25"
"2026-07-18T15:32:53","1764118132","Av. Siqueira Campos","","Palmas","BR","2","0","5","327","-1","-10.294325","-48.33214","1782872110314","2026-07-01T02:15:10","2f08bda5-8a61-4942-836a-8f1ec7689705"
"2026-07-18T15:32:53","69751934","Rua 23","Rua Belo Horizonte","Taquarussu do Porto (Palmas)","BR","1","0","5","148","-1","-10.315312","-48.158983","1784340945928","2026-07-18T02:15:45","0c3944a0-e1e4-48dd-b26d-63d5822bfc7b"
"2026-07-18T15:32:53","159216682","R. T-13","R. 13","Palmas","BR","1","0.75","4","197","839","-10.329766","-48.296296","1784388101545","2026-07-18T15:21:41",
"2026-07-18T15:32:53","1851288576","",,"Palmas","BR","1","0","5","36","-1","-10.258352","-48.316498","1784019161779","2026-07-14T08:52:41","341a3583-4137-4e82-bfbb-a67b5e845593"
"2026-07-18T15:32:53","160583498","",,"Palmas","BR","1","6.82","3","586","236","-10.311863","-48.274076","1784388628018","2026-07-18T15:30:28",
"2026-07-18T15:32:53","1694226848","",,"Palmas","BR","1","0","5","15","-1","-10.258365","-48.316918","1783904330428","2026-07-13T00:58:50","06d504d6-dac0-4c04-9329-7777206ab7a2"
"2026-07-18T15:32:53","160571342","TO-010","Av. NS 15","Palmas","BR","7","47.06","2","1868","67","-10.146425","-48.302015","1784388625785","2026-07-18T15:30:25",
"2026-07-18T15:32:53","1693573164","","","Palmas","BR","1","0","5","86","-1","-10.258278","-48.315151","1784081882190","2026-07-15T02:18:02","0584e645-bcd7-4670-a8e4-2c08a6763039"
"2026-07-18T15:32:53","1697990376","Av. Siqueira Campos","","Palmas","BR","2","0","5","979","-1","-10.298359","-48.32771","1783909046043","2026-07-13T02:17:26","128eda9c-f215-485b-9c7c-a1544bb8c545"
"2026-07-18T15:32:53","160359980","ARSE 14 Al. 8","ARSE 14 Al. 5","Palmas","BR","1","6.24","3","301","125","-10.188212","-48.309337","1784388552354","2026-07-18T15:29:12",
"2026-07-18T15:32:53","1275283552","","Av. NS-10","Palmas","BR","1","0","5","70","-1","-10.258317","-48.317258","1782526649111","2026-06-27T02:17:29","3c3cc392-5d12-48d2-a44d-55f1688e96a0"
"2026-07-18T15:32:53","69720514","Rua 23","Rua Gregório Terêncio de Souza","Taquarussu do Porto (Palmas)","BR","1","0","5","148","-1","-10.315312","-48.158983","1784340945933","2026-07-18T02:15:45","bc88063a-0183-404d-bf0b-83ebca226941"
"2026-07-18T15:32:53","1693596122","",,"Palmas","BR","1","0","5","36","-1","-10.258352","-48.316498","1784081881899","2026-07-15T02:18:01","f6a9d158-cb4d-43ec-b26e-e2687cf324bf"
"2026-07-18T15:32:53","1693618776","",,"Palmas","BR","1","0","5","63","-1","-10.258354","-48.315834","1784081881640","2026-07-15T02:18:01","dc9d4e1f-8670-4b13-9612-de4df2989f38"
"2026-07-18T15:32:53","1211995990","",,"Palmas","BR","1","0","5","21","-1","-10.258363","-48.316757","1782353685339","2026-06-25T02:14:45","a82a13e5-2525-4021-aa92-7892a48c9f70"
"2026-07-18T15:32:53","227290400","Orla 14 Av. Orla","Orla 14 Al. 8","Palmas","BR","1","0","5","204","-1","-10.190127","-48.363185","1784300626520","2026-07-17T15:03:46","3291781c-27e8-4989-a13a-d0f9020b8883"
"2026-07-18T15:32:53","160426912","","Taquarussu do Porto (Palmas)","Taquarussu do Porto (Palmas)","BR","1","20.94","2","1885","189","-10.280516","-48.163041","1784388551248","2026-07-18T15:29:11",
"2026-07-18T15:32:53","1088566738","",,"Palmas","BR","1","0","5","41","-1","-10.258569","-48.317408","1783562302500","2026-07-09T01:58:22","9740383b-d7ef-4ff2-9da7-1b82984db198"
"2026-07-18T15:32:53","1877536026","",,"Palmas","BR","1","0","5","23","-1","-10.258348","-48.316227","1784194194365","2026-07-16T09:29:54","67a7d0d3-9d61-4acd-8315-250cecac9790"
"2026-07-18T15:32:53","1693600006","Av. Siqueira Campos","","Palmas","BR","2","0","5","327","-1","-10.294325","-48.33214","1784081881897","2026-07-15T02:18:01","2613c8db-9637-40d4-8e38-c2092c8c0dfc"
"2026-07-18T15:32:53","1090156748","Av. Siqueira Campos","","Palmas","BR","2","0","5","979","-1","-10.298359","-48.32771","1783563941797","2026-07-09T02:25:41","e944a470-62d5-4656-aaf0-087383708928"
"2026-07-18T15:32:53","223991394","",,"Palmas","BR","1","0","5","21","-1","-10.258363","-48.316757","1783180963404","2026-07-04T16:02:43","d984add8-2949-4ac0-81b5-2aa666f8ed15"
"2026-07-18T15:32:53","1877412378","",,"Palmas","BR","1","0","5","86","-1","-10.258277","-48.315151","1784194127349","2026-07-16T09:28:47","95d9d88f-a5e9-4a1f-a5e3-d31635a7afc6"
"2026-07-18T15:32:53","226989880","Orla 14 Av. Orla","Orla 14 Al. 10","Palmas","BR","1","0","5","202","-1","-10.190245","-48.363339","1784300625681","2026-07-17T15:03:45","f6532310-ad61-458c-8024-9a03ea4a6507"
"2026-07-18T16:29:25","1764083300","Av. Siqueira Campos","","Palmas","BR","2","0","5","155","-1","-10.292304","-48.332966","1782872109418","2026-07-01T02:15:09","78af3b54-3dea-4f10-8eb5-5fb4a34eaabb"
"2026-07-18T16:29:25","69755946","",,"Palmas","BR","1","0","5","23","-1","-10.258348","-48.316227","1784340945820","2026-07-18T02:15:45","151ee59d-9fc8-4482-9e04-b365b1e458b5"
"2026-07-18T16:29:25","1693600118","Av. Siqueira Campos","","Palmas","BR","2","0","5","155","-1","-10.292304","-48.332966","1784081883010","2026-07-15T02:18:03","af3fc386-180b-4082-a64c-64efe9627b8d"
"2026-07-18T16:29:25","1764089184","",,"Palmas","BR","1","0","5","45","-1","-10.25844","-48.317041","1782872178272","2026-07-01T02:16:18","972e31c2-cd12-4c0a-b3ee-1530d2e74b4f"
"2026-07-18T16:29:25","1693600032","",,"Palmas","BR","1","0","5","63","-1","-10.258354","-48.315834","1784081881899","2026-07-15T02:18:01","205a09b3-2e2f-4b45-86aa-4ea82a9ecd25"
"2026-07-18T16:29:25","1764118132","Av. Siqueira Campos","","Palmas","BR","2","0","5","327","-1","-10.294325","-48.33214","1782872110314","2026-07-01T02:15:10","2f08bda5-8a61-4942-836a-8f1ec7689705"
"2026-07-18T16:29:25","69751934","Rua 23","Rua Belo Horizonte","Taquarussu do Porto (Palmas)","BR","1","0","5","148","-1","-10.315312","-48.158983","1784340945928","2026-07-18T02:15:45","0c3944a0-e1e4-48dd-b26d-63d5822bfc7b"
"2026-07-18T16:29:25","1851288576","",,"Palmas","BR","1","0","5","36","-1","-10.258352","-48.316498","1784019161779","2026-07-14T08:52:41","341a3583-4137-4e82-bfbb-a67b5e845593"
"2026-07-18T16:29:25","168567446","TO-030","Taquarussu do Porto (Palmas)","Taquarussu do Porto (Palmas)","BR","7","23.54","2","2517","170","-10.304128","-48.143205","1784391957784","2026-07-18T16:25:57",
"2026-07-18T16:29:25","1694226848","",,"Palmas","BR","1","0","5","15","-1","-10.258365","-48.316918","1783904330428","2026-07-13T00:58:50","06d504d6-dac0-4c04-9329-7777206ab7a2"
"2026-07-18T16:29:25","1693573164","","","Palmas","BR","1","0","5","86","-1","-10.258278","-48.315151","1784081882190","2026-07-15T02:18:02","0584e645-bcd7-4670-a8e4-2c08a6763039"
"2026-07-18T16:29:25","1697990376","Av. Siqueira Campos","","Palmas","BR","2","0","5","979","-1","-10.298359","-48.32771","1783909046043","2026-07-13T02:17:26","128eda9c-f215-485b-9c7c-a1544bb8c545"
"2026-07-18T16:29:25","1275283552","","Av. NS-10","Palmas","BR","1","0","5","70","-1","-10.258317","-48.317258","1782526649111","2026-06-27T02:17:29","3c3cc392-5d12-48d2-a44d-55f1688e96a0"
"2026-07-18T16:29:25","69720514","Rua 23","Rua Gregório Terêncio de Souza","Taquarussu do Porto (Palmas)","BR","1","0","5","148","-1","-10.315312","-48.158983","1784340945933","2026-07-18T02:15:45","bc88063a-0183-404d-bf0b-83ebca226941"
"2026-07-18T16:29:25","1693596122","",,"Palmas","BR","1","0","5","36","-1","-10.258352","-48.316498","1784081881899","2026-07-15T02:18:01","f6a9d158-cb4d-43ec-b26e-e2687cf324bf"
"2026-07-18T16:29:25","1693618776","",,"Palmas","BR","1","0","5","63","-1","-10.258354","-48.315834","1784081881640","2026-07-15T02:18:01","dc9d4e1f-8670-4b13-9612-de4df2989f38"
"2026-07-18T16:29:25","1211995990","",,"Palmas","BR","1","0","5","21","-1","-10.258363","-48.316757","1782353685339","2026-06-25T02:14:45","a82a13e5-2525-4021-aa92-7892a48c9f70"
"2026-07-18T16:29:25","227290400","Orla 14 Av. Orla","Orla 14 Al. 8","Palmas","BR","1","0","5","204","-1","-10.190127","-48.363185","1784300626520","2026-07-17T15:03:46","3291781c-27e8-4989-a13a-d0f9020b8883"
"2026-07-18T16:29:25","1088566738","",,"Palmas","BR","1","0","5","41","-1","-10.258569","-48.317408","1783562302500","2026-07-09T01:58:22","9740383b-d7ef-4ff2-9da7-1b82984db198"
"2026-07-18T16:29:25","1877536026","",,"Palmas","BR","1","0","5","23","-1","-10.258348","-48.316227","1784194194365","2026-07-16T09:29:54","67a7d0d3-9d61-4acd-8315-250cecac9790"
"2026-07-18T16:29:25","1693600006","Av. Siqueira Campos","","Palmas","BR","2","0","5","327","-1","-10.294325","-48.33214","1784081881897","2026-07-15T02:18:01","2613c8db-9637-40d4-8e38-c2092c8c0dfc"
"2026-07-18T16:29:25","1090156748","Av. Siqueira Campos","","Palmas","BR","2","0","5","979","-1","-10.298359","-48.32771","1783563941797","2026-07-09T02:25:41","e944a470-62d5-4656-aaf0-087383708928"
"2026-07-18T16:29:25","168038588","R. 17","","Palmas","BR","1","3.44","4","154","138","-10.335638","-48.2963","1784391806822","2026-07-18T16:23:26",
"2026-07-18T16:29:25","223991394","",,"Palmas","BR","1","0","5","21","-1","-10.258363","-48.316757","1783180963404","2026-07-04T16:02:43","d984add8-2949-4ac0-81b5-2aa666f8ed15"
"2026-07-18T16:29:25","1877412378","",,"Palmas","BR","1","0","5","86","-1","-10.258277","-48.315151","1784194127349","2026-07-16T09:28:47","95d9d88f-a5e9-4a1f-a5e3-d31635a7afc6"
"2026-07-18T16:29:25","226989880","Orla 14 Av. Orla","Orla 14 Al. 10","Palmas","BR","1","0","5","202","-1","-10.190245","-48.363339","1784300625681","2026-07-17T15:03:45","f6532310-ad61-458c-8024-9a03ea4a6507"
"2026-07-18T17:29:24","176351554","TO-030","Taquarussu do Porto (Palmas)","Taquarussu do Porto (Palmas)","BR","7","32.96","1","2064","90","-10.300309","-48.141458","1784395505706","2026-07-18T17:25:05",
"2026-07-18T17:29:24","1764083300","Av. Siqueira Campos","","Palmas","BR","2","0","5","155","-1","-10.292304","-48.332966","1782872109418","2026-07-01T02:15:09","78af3b54-3dea-4f10-8eb5-5fb4a34eaabb"
"2026-07-18T17:29:24","69755946","",,"Palmas","BR","1","0","5","23","-1","-10.258348","-48.316227","1784340945820","2026-07-18T02:15:45","151ee59d-9fc8-4482-9e04-b365b1e458b5"
"2026-07-18T17:29:24","1693600118","Av. Siqueira Campos","","Palmas","BR","2","0","5","155","-1","-10.292304","-48.332966","1784081883010","2026-07-15T02:18:03","af3fc386-180b-4082-a64c-64efe9627b8d"
"2026-07-18T17:29:24","1764089184","",,"Palmas","BR","1","0","5","45","-1","-10.25844","-48.317041","1782872178272","2026-07-01T02:16:18","972e31c2-cd12-4c0a-b3ee-1530d2e74b4f"
"2026-07-18T17:29:24","1693600032","",,"Palmas","BR","1","0","5","63","-1","-10.258354","-48.315834","1784081881899","2026-07-15T02:18:01","205a09b3-2e2f-4b45-86aa-4ea82a9ecd25"
"2026-07-18T17:29:24","1764118132","Av. Siqueira Campos","","Palmas","BR","2","0","5","327","-1","-10.294325","-48.33214","1782872110314","2026-07-01T02:15:10","2f08bda5-8a61-4942-836a-8f1ec7689705"
"2026-07-18T17:29:24","69751934","Rua 23","Rua Belo Horizonte","Taquarussu do Porto (Palmas)","BR","1","0","5","148","-1","-10.315312","-48.158983","1784340945928","2026-07-18T02:15:45","0c3944a0-e1e4-48dd-b26d-63d5822bfc7b"
"2026-07-18T17:29:24","1851288576","",,"Palmas","BR","1","0","5","36","-1","-10.258352","-48.316498","1784019161779","2026-07-14T08:52:41","341a3583-4137-4e82-bfbb-a67b5e845593"
"2026-07-18T17:29:24","1694226848","",,"Palmas","BR","1","0","5","15","-1","-10.258365","-48.316918","1783904330428","2026-07-13T00:58:50","06d504d6-dac0-4c04-9329-7777206ab7a2"
"2026-07-18T17:29:24","1697990376","Av. Siqueira Campos","","Palmas","BR","2","0","5","979","-1","-10.298359","-48.32771","1783909046043","2026-07-13T02:17:26","128eda9c-f215-485b-9c7c-a1544bb8c545"
"2026-07-18T17:29:24","1693573164","","","Palmas","BR","1","0","5","86","-1","-10.258278","-48.315151","1784081882190","2026-07-15T02:18:02","0584e645-bcd7-4670-a8e4-2c08a6763039"
"2026-07-18T17:29:24","175062542","",,"Palmas","BR","1","11.18","1","558","173","-10.377276","-48.353112","1784394969664","2026-07-18T17:16:09",
"2026-07-18T17:29:24","1275283552","","Av. NS-10","Palmas","BR","1","0","5","70","-1","-10.258317","-48.317258","1782526649111","2026-06-27T02:17:29","3c3cc392-5d12-48d2-a44d-55f1688e96a0"
"2026-07-18T17:29:24","69720514","Rua 23","Rua Gregório Terêncio de Souza","Taquarussu do Porto (Palmas)","BR","1","0","5","148","-1","-10.315312","-48.158983","1784340945933","2026-07-18T02:15:45","bc88063a-0183-404d-bf0b-83ebca226941"
"2026-07-18T17:29:24","1693596122","",,"Palmas","BR","1","0","5","36","-1","-10.258352","-48.316498","1784081881899","2026-07-15T02:18:01","f6a9d158-cb4d-43ec-b26e-e2687cf324bf"
"2026-07-18T17:29:24","1693618776","",,"Palmas","BR","1","0","5","63","-1","-10.258354","-48.315834","1784081881640","2026-07-15T02:18:01","dc9d4e1f-8670-4b13-9612-de4df2989f38"
"2026-07-18T17:29:24","1211995990","",,"Palmas","BR","1","0","5","21","-1","-10.258363","-48.316757","1782353685339","2026-06-25T02:14:45","a82a13e5-2525-4021-aa92-7892a48c9f70"
"2026-07-18T17:29:24","227290400","Orla 14 Av. Orla","Orla 14 Al. 8","Palmas","BR","1","0","5","204","-1","-10.190127","-48.363185","1784300626520","2026-07-17T15:03:46","3291781c-27e8-4989-a13a-d0f9020b8883"
"2026-07-18T17:29:24","1088566738","",,"Palmas","BR","1","0","5","41","-1","-10.258569","-48.317408","1783562302500","2026-07-09T01:58:22","9740383b-d7ef-4ff2-9da7-1b82984db198"
"2026-07-18T17:29:24","1877536026","",,"Palmas","BR","1","0","5","23","-1","-10.258348","-48.316227","1784194194365","2026-07-16T09:29:54","67a7d0d3-9d61-4acd-8315-250cecac9790"
"2026-07-18T17:29:24","1693600006","Av. Siqueira Campos","","Palmas","BR","2","0","5","327","-1","-10.294325","-48.33214","1784081881897","2026-07-15T02:18:01","2613c8db-9637-40d4-8e38-c2092c8c0dfc"
"2026-07-18T17:29:24","1090156748","Av. Siqueira Campos","","Palmas","BR","2","0","5","979","-1","-10.298359","-48.32771","1783563941797","2026-07-09T02:25:41","e944a470-62d5-4656-aaf0-087383708928"
"2026-07-18T17:29:24","223991394","",,"Palmas","BR","1","0","5","21","-1","-10.258363","-48.316757","1783180963404","2026-07-04T16:02:43","d984add8-2949-4ac0-81b5-2aa666f8ed15"
"2026-07-18T17:29:24","1877412378","",,"Palmas","BR","1","0","5","86","-1","-10.258277","-48.315151","1784194127349","2026-07-16T09:28:47","95d9d88f-a5e9-4a1f-a5e3-d31635a7afc6"
"2026-07-18T17:29:24","226989880","Orla 14 Av. Orla","Orla 14 Al. 10","Palmas","BR","1","0","5","202","-1","-10.190245","-48.363339","1784300625681","2026-07-17T15:03:45","f6532310-ad61-458c-8024-9a03ea4a6507"
"2026-07-18T18:26:30","1764083300","Av. Siqueira Campos","","Palmas","BR","2","0","5","155","-1","-10.292304","-48.332966","1782872109418","2026-07-01T02:15:09","78af3b54-3dea-4f10-8eb5-5fb4a34eaabb"
"2026-07-18T18:26:30","69755946","",,"Palmas","BR","1","0","5","23","-1","-10.258348","-48.316227","1784340945820","2026-07-18T02:15:45","151ee59d-9fc8-4482-9e04-b365b1e458b5"
"2026-07-18T18:26:30","1693600118","Av. Siqueira Campos","","Palmas","BR","2","0","5","155","-1","-10.292304","-48.332966","1784081883010","2026-07-15T02:18:03","af3fc386-180b-4082-a64c-64efe9627b8d"
"2026-07-18T18:26:30","1764089184","",,"Palmas","BR","1","0","5","45","-1","-10.25844","-48.317041","1782872178272","2026-07-01T02:16:18","972e31c2-cd12-4c0a-b3ee-1530d2e74b4f"
"2026-07-18T18:26:30","1693600032","",,"Palmas","BR","1","0","5","63","-1","-10.258354","-48.315834","1784081881899","2026-07-15T02:18:01","205a09b3-2e2f-4b45-86aa-4ea82a9ecd25"
"2026-07-18T18:26:30","1764118132","Av. Siqueira Campos","","Palmas","BR","2","0","5","327","-1","-10.294325","-48.33214","1782872110314","2026-07-01T02:15:10","2f08bda5-8a61-4942-836a-8f1ec7689705"
"2026-07-18T18:26:30","69751934","Rua 23","Rua Belo Horizonte","Taquarussu do Porto (Palmas)","BR","1","0","5","148","-1","-10.315312","-48.158983","1784340945928","2026-07-18T02:15:45","0c3944a0-e1e4-48dd-b26d-63d5822bfc7b"
"2026-07-18T18:26:30","1851288576","",,"Palmas","BR","1","0","5","36","-1","-10.258352","-48.316498","1784019161779","2026-07-14T08:52:41","341a3583-4137-4e82-bfbb-a67b5e845593"
"2026-07-18T18:26:30","183522602","ARSO 53 Al. 4","ARSO 53 Al. 16","Palmas","BR","1","6.08","3","242","98","-10.212627","-48.353137","1784399100264","2026-07-18T18:25:00",
"2026-07-18T18:26:30","1694226848","",,"Palmas","BR","1","0","5","15","-1","-10.258365","-48.316918","1783904330428","2026-07-13T00:58:50","06d504d6-dac0-4c04-9329-7777206ab7a2"
"2026-07-18T18:26:30","1697990376","Av. Siqueira Campos","","Palmas","BR","2","0","5","979","-1","-10.298359","-48.32771","1783909046043","2026-07-13T02:17:26","128eda9c-f215-485b-9c7c-a1544bb8c545"
"2026-07-18T18:26:30","1693573164","","","Palmas","BR","1","0","5","86","-1","-10.258278","-48.315151","1784081882190","2026-07-15T02:18:02","0584e645-bcd7-4670-a8e4-2c08a6763039"
"2026-07-18T18:26:30","1275283552","","Av. NS-10","Palmas","BR","1","0","5","70","-1","-10.258317","-48.317258","1782526649111","2026-06-27T02:17:29","3c3cc392-5d12-48d2-a44d-55f1688e96a0"
"2026-07-18T18:26:30","69720514","Rua 23","Rua Gregório Terêncio de Souza","Taquarussu do Porto (Palmas)","BR","1","0","5","148","-1","-10.315312","-48.158983","1784340945933","2026-07-18T02:15:45","bc88063a-0183-404d-bf0b-83ebca226941"
"2026-07-18T18:26:30","1693596122","",,"Palmas","BR","1","0","5","36","-1","-10.258352","-48.316498","1784081881899","2026-07-15T02:18:01","f6a9d158-cb4d-43ec-b26e-e2687cf324bf"
"2026-07-18T18:26:30","1693618776","",,"Palmas","BR","1","0","5","63","-1","-10.258354","-48.315834","1784081881640","2026-07-15T02:18:01","dc9d4e1f-8670-4b13-9612-de4df2989f38"
"2026-07-18T18:26:30","1211995990","",,"Palmas","BR","1","0","5","21","-1","-10.258363","-48.316757","1782353685339","2026-06-25T02:14:45","a82a13e5-2525-4021-aa92-7892a48c9f70"
"2026-07-18T18:26:30","227290400","Orla 14 Av. Orla","Orla 14 Al. 8","Palmas","BR","1","0","5","204","-1","-10.190127","-48.363185","1784300626520","2026-07-17T15:03:46","3291781c-27e8-4989-a13a-d0f9020b8883"
"2026-07-18T18:26:30","1088566738","",,"Palmas","BR","1","0","5","41","-1","-10.258569","-48.317408","1783562302500","2026-07-09T01:58:22","9740383b-d7ef-4ff2-9da7-1b82984db198"
"2026-07-18T18:26:30","1877536026","",,"Palmas","BR","1","0","5","23","-1","-10.258348","-48.316227","1784194194365","2026-07-16T09:29:54","67a7d0d3-9d61-4acd-8315-250cecac9790"
"2026-07-18T18:26:30","1693600006","Av. Siqueira Campos","","Palmas","BR","2","0","5","327","-1","-10.294325","-48.33214","1784081881897","2026-07-15T02:18:01","2613c8db-9637-40d4-8e38-c2092c8c0dfc"
"2026-07-18T18:26:30","1090156748","Av. Siqueira Campos","","Palmas","BR","2","0","5","979","-1","-10.298359","-48.32771","1783563941797","2026-07-09T02:25:41","e944a470-62d5-4656-aaf0-087383708928"
"2026-07-18T18:26:30","183336340","ARSO 53 Al. 3","ARSO 53 Al. 13","Palmas","BR","1","6.82","3","252","76","-10.212664","-48.353815","1784398949506","2026-07-18T18:22:29",
"2026-07-18T18:26:30","223991394","",,"Palmas","BR","1","0","5","21","-1","-10.258363","-48.316757","1783180963404","2026-07-04T16:02:43","d984add8-2949-4ac0-81b5-2aa666f8ed15"
"2026-07-18T18:26:30","1877412378","",,"Palmas","BR","1","0","5","86","-1","-10.258277","-48.315151","1784194127349","2026-07-16T09:28:47","95d9d88f-a5e9-4a1f-a5e3-d31635a7afc6"
"2026-07-18T18:26:30","226989880","Orla 14 Av. Orla","Orla 14 Al. 10","Palmas","BR","1","0","5","202","-1","-10.190245","-48.363339","1784300625681","2026-07-17T15:03:45","f6532310-ad61-458c-8024-9a03ea4a6507"
"2026-07-18T19:39:00","190899616","TO-020","Palmas","Palmas","BR","6","39.82","2","1753","64","-10.239597","-48.282424","1784403036190","2026-07-18T19:30:36",
"2026-07-18T19:39:00","1764083300","Av. Siqueira Campos","","Palmas","BR","2","0","5","155","-1","-10.292304","-48.332966","1782872109418","2026-07-01T02:15:09","78af3b54-3dea-4f10-8eb5-5fb4a34eaabb"
"2026-07-18T19:39:00","69755946","",,"Palmas","BR","1","0","5","23","-1","-10.258348","-48.316227","1784340945820","2026-07-18T02:15:45","151ee59d-9fc8-4482-9e04-b365b1e458b5"
"2026-07-18T19:39:00","1693600118","Av. Siqueira Campos","","Palmas","BR","2","0","5","155","-1","-10.292304","-48.332966","1784081883010","2026-07-15T02:18:03","af3fc386-180b-4082-a64c-64efe9627b8d"
"2026-07-18T19:39:00","1764089184","",,"Palmas","BR","1","0","5","45","-1","-10.25844","-48.317041","1782872178272","2026-07-01T02:16:18","972e31c2-cd12-4c0a-b3ee-1530d2e74b4f"
"2026-07-18T19:39:00","1693600032","",,"Palmas","BR","1","0","5","63","-1","-10.258354","-48.315834","1784081881899","2026-07-15T02:18:01","205a09b3-2e2f-4b45-86aa-4ea82a9ecd25"
"2026-07-18T19:39:00","1764118132","Av. Siqueira Campos","","Palmas","BR","2","0","5","327","-1","-10.294325","-48.33214","1782872110314","2026-07-01T02:15:10","2f08bda5-8a61-4942-836a-8f1ec7689705"
"2026-07-18T19:39:00","69751934","Rua 23","Rua Belo Horizonte","Taquarussu do Porto (Palmas)","BR","1","0","5","148","-1","-10.315312","-48.158983","1784340945928","2026-07-18T02:15:45","0c3944a0-e1e4-48dd-b26d-63d5822bfc7b"
"2026-07-18T19:39:00","1851288576","",,"Palmas","BR","1","0","5","36","-1","-10.258352","-48.316498","1784019161779","2026-07-14T08:52:41","341a3583-4137-4e82-bfbb-a67b5e845593"
"2026-07-18T19:39:00","1694226848","",,"Palmas","BR","1","0","5","15","-1","-10.258365","-48.316918","1783904330428","2026-07-13T00:58:50","06d504d6-dac0-4c04-9329-7777206ab7a2"
"2026-07-18T19:39:00","1693573164","","","Palmas","BR","1","0","5","86","-1","-10.258278","-48.315151","1784081882190","2026-07-15T02:18:02","0584e645-bcd7-4670-a8e4-2c08a6763039"
"2026-07-18T19:39:00","1697990376","Av. Siqueira Campos","","Palmas","BR","2","0","5","979","-1","-10.298359","-48.32771","1783909046043","2026-07-13T02:17:26","128eda9c-f215-485b-9c7c-a1544bb8c545"
"2026-07-18T19:39:00","1275283552","","Av. NS-10","Palmas","BR","1","0","5","70","-1","-10.258317","-48.317258","1782526649111","2026-06-27T02:17:29","3c3cc392-5d12-48d2-a44d-55f1688e96a0"
"2026-07-18T19:39:00","69720514","Rua 23","Rua Gregório Terêncio de Souza","Taquarussu do Porto (Palmas)","BR","1","0","5","148","-1","-10.315312","-48.158983","1784340945933","2026-07-18T02:15:45","bc88063a-0183-404d-bf0b-83ebca226941"
"2026-07-18T19:39:00","189926772","TO-020","Palmas","Palmas","BR","6","26.39","3","4542","727","-10.218745","-48.163316","1784402450912","2026-07-18T19:20:50",
"2026-07-18T19:39:00","1693596122","",,"Palmas","BR","1","0","5","36","-1","-10.258352","-48.316498","1784081881899","2026-07-15T02:18:01","f6a9d158-cb4d-43ec-b26e-e2687cf324bf"
"2026-07-18T19:39:00","1693618776","",,"Palmas","BR","1","0","5","63","-1","-10.258354","-48.315834","1784081881640","2026-07-15T02:18:01","dc9d4e1f-8670-4b13-9612-de4df2989f38"
"2026-07-18T19:39:00","1211995990","",,"Palmas","BR","1","0","5","21","-1","-10.258363","-48.316757","1782353685339","2026-06-25T02:14:45","a82a13e5-2525-4021-aa92-7892a48c9f70"
"2026-07-18T19:39:00","227290400","Orla 14 Av. Orla","Orla 14 Al. 8","Palmas","BR","1","0","5","204","-1","-10.190127","-48.363185","1784300626520","2026-07-17T15:03:46","3291781c-27e8-4989-a13a-d0f9020b8883"
"2026-07-18T19:39:00","1088566738","",,"Palmas","BR","1","0","5","41","-1","-10.258569","-48.317408","1783562302500","2026-07-09T01:58:22","9740383b-d7ef-4ff2-9da7-1b82984db198"
"2026-07-18T19:39:00","1877536026","",,"Palmas","BR","1","0","5","23","-1","-10.258348","-48.316227","1784194194365","2026-07-16T09:29:54","67a7d0d3-9d61-4acd-8315-250cecac9790"
"2026-07-18T19:39:00","1693600006","Av. Siqueira Campos","","Palmas","BR","2","0","5","327","-1","-10.294325","-48.33214","1784081881897","2026-07-15T02:18:01","2613c8db-9637-40d4-8e38-c2092c8c0dfc"
"2026-07-18T19:39:00","1090156748","Av. Siqueira Campos","","Palmas","BR","2","0","5","979","-1","-10.298359","-48.32771","1783563941797","2026-07-09T02:25:41","e944a470-62d5-4656-aaf0-087383708928"
"2026-07-18T19:39:00","223991394","",,"Palmas","BR","1","0","5","21","-1","-10.258363","-48.316757","1783180963404","2026-07-04T16:02:43","d984add8-2949-4ac0-81b5-2aa666f8ed15"
"2026-07-18T19:39:00","1877412378","",,"Palmas","BR","1","0","5","86","-1","-10.258277","-48.315151","1784194127349","2026-07-16T09:28:47","95d9d88f-a5e9-4a1f-a5e3-d31635a7afc6"
"2026-07-18T19:39:00","226989880","Orla 14 Av. Orla","Orla 14 Al. 10","Palmas","BR","1","0","5","202","-1","-10.190245","-48.363339","1784300625681","2026-07-17T15:03:45","f6532310-ad61-458c-8024-9a03ea4a6507"
"2026-07-18T20:24:37","1764083300","Av. Siqueira Campos","","Palmas","BR","2","0","5","155","-1","-10.292304","-48.332966","1782872109418","2026-07-01T02:15:09","78af3b54-3dea-4f10-8eb5-5fb4a34eaabb"
"2026-07-18T20:24:37","69755946","",,"Palmas","BR","1","0","5","23","-1","-10.258348","-48.316227","1784340945820","2026-07-18T02:15:45","151ee59d-9fc8-4482-9e04-b365b1e458b5"
"2026-07-18T20:24:37","195702574","ARNO 72 Al. 7","ARNO 72 Al. 5","Palmas","BR","1","11.05","2","627","89","-10.150422","-48.334083","1784406092866","2026-07-18T20:21:32",
"2026-07-18T20:24:37","1693600118","Av. Siqueira Campos","","Palmas","BR","2","0","5","155","-1","-10.292304","-48.332966","1784081883010","2026-07-15T02:18:03","af3fc386-180b-4082-a64c-64efe9627b8d"
"2026-07-18T20:24:37","1764089184","",,"Palmas","BR","1","0","5","45","-1","-10.25844","-48.317041","1782872178272","2026-07-01T02:16:18","972e31c2-cd12-4c0a-b3ee-1530d2e74b4f"
"2026-07-18T20:24:37","194647636","TO-050","","Palmas","BR","7","44.87","1","1782","60","-10.368703","-48.303392","1784405345703","2026-07-18T20:09:05",
"2026-07-18T20:24:37","1693600032","",,"Palmas","BR","1","0","5","63","-1","-10.258354","-48.315834","1784081881899","2026-07-15T02:18:01","205a09b3-2e2f-4b45-86aa-4ea82a9ecd25"
"2026-07-18T20:24:37","1764118132","Av. Siqueira Campos","","Palmas","BR","2","0","5","327","-1","-10.294325","-48.33214","1782872110314","2026-07-01T02:15:10","2f08bda5-8a61-4942-836a-8f1ec7689705"
"2026-07-18T20:24:37","69751934","Rua 23","Rua Belo Horizonte","Taquarussu do Porto (Palmas)","BR","1","0","5","148","-1","-10.315312","-48.158983","1784340945928","2026-07-18T02:15:45","0c3944a0-e1e4-48dd-b26d-63d5822bfc7b"
"2026-07-18T20:24:37","195425202","BR-010","","Palmas","BR","6","32.62","2","2492","120","-10.347791","-48.300407","1784405866848","2026-07-18T20:17:46",
"2026-07-18T20:24:37","1851288576","",,"Palmas","BR","1","0","5","36","-1","-10.258352","-48.316498","1784019161779","2026-07-14T08:52:41","341a3583-4137-4e82-bfbb-a67b5e845593"
"2026-07-18T20:24:37","1694226848","",,"Palmas","BR","1","0","5","15","-1","-10.258365","-48.316918","1783904330428","2026-07-13T00:58:50","06d504d6-dac0-4c04-9329-7777206ab7a2"
"2026-07-18T20:24:37","1693573164","","","Palmas","BR","1","0","5","86","-1","-10.258278","-48.315151","1784081882190","2026-07-15T02:18:02","0584e645-bcd7-4670-a8e4-2c08a6763039"
"2026-07-18T20:24:37","1697990376","Av. Siqueira Campos","","Palmas","BR","2","0","5","979","-1","-10.298359","-48.32771","1783909046043","2026-07-13T02:17:26","128eda9c-f215-485b-9c7c-a1544bb8c545"
"2026-07-18T20:24:37","1275283552","","Av. NS-10","Palmas","BR","1","0","5","70","-1","-10.258317","-48.317258","1782526649111","2026-06-27T02:17:29","3c3cc392-5d12-48d2-a44d-55f1688e96a0"
"2026-07-18T20:24:37","195830280","R. Perimetral 4","","Palmas","BR","2","9.83","3","380","97","-10.324553","-48.29779","1784406166849","2026-07-18T20:22:46",
"2026-07-18T20:24:37","69720514","Rua 23","Rua Gregório Terêncio de Souza","Taquarussu do Porto (Palmas)","BR","1","0","5","148","-1","-10.315312","-48.158983","1784340945933","2026-07-18T02:15:45","bc88063a-0183-404d-bf0b-83ebca226941"
"2026-07-18T20:24:37","1693596122","",,"Palmas","BR","1","0","5","36","-1","-10.258352","-48.316498","1784081881899","2026-07-15T02:18:01","f6a9d158-cb4d-43ec-b26e-e2687cf324bf"
"2026-07-18T20:24:37","1693618776","",,"Palmas","BR","1","0","5","63","-1","-10.258354","-48.315834","1784081881640","2026-07-15T02:18:01","dc9d4e1f-8670-4b13-9612-de4df2989f38"
"2026-07-18T20:24:37","1211995990","",,"Palmas","BR","1","0","5","21","-1","-10.258363","-48.316757","1782353685339","2026-06-25T02:14:45","a82a13e5-2525-4021-aa92-7892a48c9f70"
"2026-07-18T20:24:37","227290400","Orla 14 Av. Orla","Orla 14 Al. 8","Palmas","BR","1","0","5","204","-1","-10.190127","-48.363185","1784300626520","2026-07-17T15:03:46","3291781c-27e8-4989-a13a-d0f9020b8883"
"2026-07-18T20:24:37","1088566738","",,"Palmas","BR","1","0","5","41","-1","-10.258569","-48.317408","1783562302500","2026-07-09T01:58:22","9740383b-d7ef-4ff2-9da7-1b82984db198"
"2026-07-18T20:24:37","1877536026","",,"Palmas","BR","1","0","5","23","-1","-10.258348","-48.316227","1784194194365","2026-07-16T09:29:54","67a7d0d3-9d61-4acd-8315-250cecac9790"
"2026-07-18T20:24:37","1693600006","Av. Siqueira Campos","","Palmas","BR","2","0","5","327","-1","-10.294325","-48.33214","1784081881897","2026-07-15T02:18:01","2613c8db-9637-40d4-8e38-c2092c8c0dfc"
"2026-07-18T20:24:37","1090156748","Av. Siqueira Campos","","Palmas","BR","2","0","5","979","-1","-10.298359","-48.32771","1783563941797","2026-07-09T02:25:41","e944a470-62d5-4656-aaf0-087383708928"
"2026-07-18T20:24:37","223991394","",,"Palmas","BR","1","0","5","21","-1","-10.258363","-48.316757","1783180963404","2026-07-04T16:02:43","d984add8-2949-4ac0-81b5-2aa666f8ed15"
"2026-07-18T20:24:37","1877412378","",,"Palmas","BR","1","0","5","86","-1","-10.258277","-48.315151","1784194127349","2026-07-16T09:28:47","95d9d88f-a5e9-4a1f-a5e3-d31635a7afc6"
"2026-07-18T20:24:37","226989880","Orla 14 Av. Orla","Orla 14 Al. 10","Palmas","BR","1","0","5","202","-1","-10.190245","-48.363339","1784300625681","2026-07-17T15:03:45","f6532310-ad61-458c-8024-9a03ea4a6507"
"2026-07-18T21:09:39","1764083300","Av. Siqueira Campos","","Palmas","BR","2","0","5","155","-1","-10.292304","-48.332966","1782872109418","2026-07-01T02:15:09","78af3b54-3dea-4f10-8eb5-5fb4a34eaabb"
"2026-07-18T21:09:39","69755946","",,"Palmas","BR","1","0","5","23","-1","-10.258348","-48.316227","1784340945820","2026-07-18T02:15:45","151ee59d-9fc8-4482-9e04-b365b1e458b5"
"2026-07-18T21:09:39","1275283552","","Av. NS-10","Palmas","BR","1","0","5","70","-1","-10.258317","-48.317258","1782526649111","2026-06-27T02:17:29","3c3cc392-5d12-48d2-a44d-55f1688e96a0"
"2026-07-18T21:09:39","1693600118","Av. Siqueira Campos","","Palmas","BR","2","0","5","155","-1","-10.292304","-48.332966","1784081883010","2026-07-15T02:18:03","af3fc386-180b-4082-a64c-64efe9627b8d"
"2026-07-18T21:09:39","69720514","Rua 23","Rua Gregório Terêncio de Souza","Taquarussu do Porto (Palmas)","BR","1","0","5","148","-1","-10.315312","-48.158983","1784340945933","2026-07-18T02:15:45","bc88063a-0183-404d-bf0b-83ebca226941"
"2026-07-18T21:09:39","1764089184","",,"Palmas","BR","1","0","5","45","-1","-10.25844","-48.317041","1782872178272","2026-07-01T02:16:18","972e31c2-cd12-4c0a-b3ee-1530d2e74b4f"
"2026-07-18T21:09:39","1693596122","",,"Palmas","BR","1","0","5","36","-1","-10.258352","-48.316498","1784081881899","2026-07-15T02:18:01","f6a9d158-cb4d-43ec-b26e-e2687cf324bf"
"2026-07-18T21:09:39","1693618776","",,"Palmas","BR","1","0","5","63","-1","-10.258354","-48.315834","1784081881640","2026-07-15T02:18:01","dc9d4e1f-8670-4b13-9612-de4df2989f38"
"2026-07-18T21:09:39","1211995990","",,"Palmas","BR","1","0","5","21","-1","-10.258363","-48.316757","1782353685339","2026-06-25T02:14:45","a82a13e5-2525-4021-aa92-7892a48c9f70"
"2026-07-18T21:09:39","227290400","Orla 14 Av. Orla","Orla 14 Al. 8","Palmas","BR","1","0","5","204","-1","-10.190127","-48.363185","1784300626520","2026-07-17T15:03:46","3291781c-27e8-4989-a13a-d0f9020b8883"
"2026-07-18T21:09:39","1088566738","",,"Palmas","BR","1","0","5","41","-1","-10.258569","-48.317408","1783562302500","2026-07-09T01:58:22","9740383b-d7ef-4ff2-9da7-1b82984db198"
"2026-07-18T21:09:39","1877536026","",,"Palmas","BR","1","0","5","23","-1","-10.258348","-48.316227","1784194194365","2026-07-16T09:29:54","67a7d0d3-9d61-4acd-8315-250cecac9790"
"2026-07-18T21:09:39","1693600032","",,"Palmas","BR","1","0","5","63","-1","-10.258354","-48.315834","1784081881899","2026-07-15T02:18:01","205a09b3-2e2f-4b45-86aa-4ea82a9ecd25"
"2026-07-18T21:09:39","1764118132","Av. Siqueira Campos","","Palmas","BR","2","0","5","327","-1","-10.294325","-48.33214","1782872110314","2026-07-01T02:15:10","2f08bda5-8a61-4942-836a-8f1ec7689705"
"2026-07-18T21:09:39","1693600006","Av. Siqueira Campos","","Palmas","BR","2","0","5","327","-1","-10.294325","-48.33214","1784081881897","2026-07-15T02:18:01","2613c8db-9637-40d4-8e38-c2092c8c0dfc"
"2026-07-18T21:09:39","69751934","Rua 23","Rua Belo Horizonte","Taquarussu do Porto (Palmas)","BR","1","0","5","148","-1","-10.315312","-48.158983","1784340945928","2026-07-18T02:15:45","0c3944a0-e1e4-48dd-b26d-63d5822bfc7b"
"2026-07-18T21:09:39","1090156748","Av. Siqueira Campos","","Palmas","BR","2","0","5","979","-1","-10.298359","-48.32771","1783563941797","2026-07-09T02:25:41","e944a470-62d5-4656-aaf0-087383708928"
"2026-07-18T21:09:39","1851288576","",,"Palmas","BR","1","0","5","36","-1","-10.258352","-48.316498","1784019161779","2026-07-14T08:52:41","341a3583-4137-4e82-bfbb-a67b5e845593"
"2026-07-18T21:09:39","1694226848","",,"Palmas","BR","1","0","5","15","-1","-10.258365","-48.316918","1783904330428","2026-07-13T00:58:50","06d504d6-dac0-4c04-9329-7777206ab7a2"
"2026-07-18T21:09:39","223991394","",,"Palmas","BR","1","0","5","21","-1","-10.258363","-48.316757","1783180963404","2026-07-04T16:02:43","d984add8-2949-4ac0-81b5-2aa666f8ed15"
"2026-07-18T21:09:39","1877412378","",,"Palmas","BR","1","0","5","86","-1","-10.258277","-48.315151","1784194127349","2026-07-16T09:28:47","95d9d88f-a5e9-4a1f-a5e3-d31635a7afc6"
"2026-07-18T21:09:39","1693573164","","","Palmas","BR","1","0","5","86","-1","-10.258278","-48.315151","1784081882190","2026-07-15T02:18:02","0584e645-bcd7-4670-a8e4-2c08a6763039"
"2026-07-18T21:09:39","1697990376","Av. Siqueira Campos","","Palmas","BR","2","0","5","979","-1","-10.298359","-48.32771","1783909046043","2026-07-13T02:17:26","128eda9c-f215-485b-9c7c-a1544bb8c545"
"2026-07-18T21:09:39","226989880","Orla 14 Av. Orla","Orla 14 Al. 10","Palmas","BR","1","0","5","202","-1","-10.190245","-48.363339","1784300625681","2026-07-17T15:03:45","f6532310-ad61-458c-8024-9a03ea4a6507"
"2026-07-18T22:03:16","1764083300","Av. Siqueira Campos","","Palmas","BR","2","0","5","155","-1","-10.292304","-48.332966","1782872109418","2026-07-01T02:15:09","78af3b54-3dea-4f10-8eb5-5fb4a34eaabb"
"2026-07-18T22:03:16","69755946","",,"Palmas","BR","1","0","5","23","-1","-10.258348","-48.316227","1784340945820","2026-07-18T02:15:45","151ee59d-9fc8-4482-9e04-b365b1e458b5"
"2026-07-18T22:03:16","1693600118","Av. Siqueira Campos","","Palmas","BR","2","0","5","155","-1","-10.292304","-48.332966","1784081883010","2026-07-15T02:18:03","af3fc386-180b-4082-a64c-64efe9627b8d"
"2026-07-18T22:03:16","1764089184","",,"Palmas","BR","1","0","5","45","-1","-10.25844","-48.317041","1782872178272","2026-07-01T02:16:18","972e31c2-cd12-4c0a-b3ee-1530d2e74b4f"
"2026-07-18T22:03:16","204761210","BR-010","","Palmas","BR","6","34.15","2","2492","108","-10.347791","-48.300407","1784411995154","2026-07-18T21:59:55",
"2026-07-18T22:03:16","202148510","Orla 14 Av. Orla","Orla 14 Al. 8","Palmas","BR","1","0","5","204","-1","-10.190127","-48.363185","1784410140272","2026-07-18T21:29:00","3291781c-27e8-4989-a13a-d0f9020b8883"
"2026-07-18T22:03:16","1693600032","",,"Palmas","BR","1","0","5","63","-1","-10.258354","-48.315834","1784081881899","2026-07-15T02:18:01","205a09b3-2e2f-4b45-86aa-4ea82a9ecd25"
"2026-07-18T22:03:16","1764118132","Av. Siqueira Campos","","Palmas","BR","2","0","5","327","-1","-10.294325","-48.33214","1782872110314","2026-07-01T02:15:10","2f08bda5-8a61-4942-836a-8f1ec7689705"
"2026-07-18T22:03:16","204914338","Av. NS-15",,"Palmas","BR","1","25.45","1","1488","78","-10.237974","-48.367247","1784412141361","2026-07-18T22:02:21",
"2026-07-18T22:03:16","69751934","Rua 23","Rua Belo Horizonte","Taquarussu do Porto (Palmas)","BR","1","0","5","148","-1","-10.315312","-48.158983","1784340945928","2026-07-18T02:15:45","0c3944a0-e1e4-48dd-b26d-63d5822bfc7b"
"2026-07-18T22:03:16","1851288576","",,"Palmas","BR","1","0","5","36","-1","-10.258352","-48.316498","1784019161779","2026-07-14T08:52:41","341a3583-4137-4e82-bfbb-a67b5e845593"
"2026-07-18T22:03:16","1694226848","",,"Palmas","BR","1","0","5","15","-1","-10.258365","-48.316918","1783904330428","2026-07-13T00:58:50","06d504d6-dac0-4c04-9329-7777206ab7a2"
"2026-07-18T22:03:16","1693573164","","","Palmas","BR","1","0","5","86","-1","-10.258278","-48.315151","1784081882190","2026-07-15T02:18:02","0584e645-bcd7-4670-a8e4-2c08a6763039"
"2026-07-18T22:03:16","1697990376","Av. Siqueira Campos","","Palmas","BR","2","0","5","979","-1","-10.298359","-48.32771","1783909046043","2026-07-13T02:17:26","128eda9c-f215-485b-9c7c-a1544bb8c545"
"2026-07-18T22:03:16","1275283552","","Av. NS-10","Palmas","BR","1","0","5","70","-1","-10.258317","-48.317258","1782526649111","2026-06-27T02:17:29","3c3cc392-5d12-48d2-a44d-55f1688e96a0"
"2026-07-18T22:03:16","69720514","Rua 23","Rua Gregório Terêncio de Souza","Taquarussu do Porto (Palmas)","BR","1","0","5","148","-1","-10.315312","-48.158983","1784340945933","2026-07-18T02:15:45","bc88063a-0183-404d-bf0b-83ebca226941"
"2026-07-18T22:03:16","1693596122","",,"Palmas","BR","1","0","5","36","-1","-10.258352","-48.316498","1784081881899","2026-07-15T02:18:01","f6a9d158-cb4d-43ec-b26e-e2687cf324bf"
"2026-07-18T22:03:16","1693618776","",,"Palmas","BR","1","0","5","63","-1","-10.258354","-48.315834","1784081881640","2026-07-15T02:18:01","dc9d4e1f-8670-4b13-9612-de4df2989f38"
"2026-07-18T22:03:16","1211995990","",,"Palmas","BR","1","0","5","21","-1","-10.258363","-48.316757","1782353685339","2026-06-25T02:14:45","a82a13e5-2525-4021-aa92-7892a48c9f70"
"2026-07-18T22:03:16","1088566738","",,"Palmas","BR","1","0","5","41","-1","-10.258569","-48.317408","1783562302500","2026-07-09T01:58:22","9740383b-d7ef-4ff2-9da7-1b82984db198"
"2026-07-18T22:03:16","1877536026","",,"Palmas","BR","1","0","5","23","-1","-10.258348","-48.316227","1784194194365","2026-07-16T09:29:54","67a7d0d3-9d61-4acd-8315-250cecac9790"
"2026-07-18T22:03:16","1693600006","Av. Siqueira Campos","","Palmas","BR","2","0","5","327","-1","-10.294325","-48.33214","1784081881897","2026-07-15T02:18:01","2613c8db-9637-40d4-8e38-c2092c8c0dfc"
"2026-07-18T22:03:16","1090156748","Av. Siqueira Campos","","Palmas","BR","2","0","5","979","-1","-10.298359","-48.32771","1783563941797","2026-07-09T02:25:41","e944a470-62d5-4656-aaf0-087383708928"
"2026-07-18T22:03:16","202213622","Orla 14 Av. Orla","Orla 14 Al. 10","Palmas","BR","1","0","5","202","-1","-10.190245","-48.363339","1784410214172","2026-07-18T21:30:14","f6532310-ad61-458c-8024-9a03ea4a6507"
"2026-07-18T22:03:16","223991394","",,"Palmas","BR","1","0","5","21","-1","-10.258363","-48.316757","1783180963404","2026-07-04T16:02:43","d984add8-2949-4ac0-81b5-2aa666f8ed15"
"2026-07-18T22:03:16","1877412378","",,"Palmas","BR","1","0","5","86","-1","-10.258277","-48.315151","1784194127349","2026-07-16T09:28:47","95d9d88f-a5e9-4a1f-a5e3-d31635a7afc6"
"2026-07-18T22:57:43","1764083300","Av. Siqueira Campos","","Palmas","BR","2","0","5","155","-1","-10.292304","-48.332966","1782872109418","2026-07-01T02:15:09","78af3b54-3dea-4f10-8eb5-5fb4a34eaabb"
"2026-07-18T22:57:43","69755946","",,"Palmas","BR","1","0","5","23","-1","-10.258348","-48.316227","1784340945820","2026-07-18T02:15:45","151ee59d-9fc8-4482-9e04-b365b1e458b5"
"2026-07-18T22:57:43","1693600118","Av. Siqueira Campos","","Palmas","BR","2","0","5","155","-1","-10.292304","-48.332966","1784081883010","2026-07-15T02:18:03","af3fc386-180b-4082-a64c-64efe9627b8d"
"2026-07-18T22:57:43","1764089184","",,"Palmas","BR","1","0","5","45","-1","-10.25844","-48.317041","1782872178272","2026-07-01T02:16:18","972e31c2-cd12-4c0a-b3ee-1530d2e74b4f"
"2026-07-18T22:57:43","202148510","Orla 14 Av. Orla","Orla 14 Al. 8","Palmas","BR","1","0","5","204","-1","-10.190127","-48.363185","1784410140272","2026-07-18T21:29:00","3291781c-27e8-4989-a13a-d0f9020b8883"
"2026-07-18T22:57:43","1693600032","",,"Palmas","BR","1","0","5","63","-1","-10.258354","-48.315834","1784081881899","2026-07-15T02:18:01","205a09b3-2e2f-4b45-86aa-4ea82a9ecd25"
"2026-07-18T22:57:43","1764118132","Av. Siqueira Campos","","Palmas","BR","2","0","5","327","-1","-10.294325","-48.33214","1782872110314","2026-07-01T02:15:10","2f08bda5-8a61-4942-836a-8f1ec7689705"
"2026-07-18T22:57:43","69751934","Rua 23","Rua Belo Horizonte","Taquarussu do Porto (Palmas)","BR","1","0","5","148","-1","-10.315312","-48.158983","1784340945928","2026-07-18T02:15:45","0c3944a0-e1e4-48dd-b26d-63d5822bfc7b"
"2026-07-18T22:57:43","1851288576","",,"Palmas","BR","1","0","5","36","-1","-10.258352","-48.316498","1784019161779","2026-07-14T08:52:41","341a3583-4137-4e82-bfbb-a67b5e845593"
"2026-07-18T22:57:43","208928040","ASR-SE 25 Rua SR 13",,"Palmas","BR","1","4.92","3","232","140","-10.196636","-48.304393","1784415282426","2026-07-18T22:54:42",
"2026-07-18T22:57:43","1694226848","",,"Palmas","BR","1","0","5","15","-1","-10.258365","-48.316918","1783904330428","2026-07-13T00:58:50","06d504d6-dac0-4c04-9329-7777206ab7a2"
"2026-07-18T22:57:43","1693573164","","","Palmas","BR","1","0","5","86","-1","-10.258278","-48.315151","1784081882190","2026-07-15T02:18:02","0584e645-bcd7-4670-a8e4-2c08a6763039"
"2026-07-18T22:57:43","1697990376","Av. Siqueira Campos","","Palmas","BR","2","0","5","979","-1","-10.298359","-48.32771","1783909046043","2026-07-13T02:17:26","128eda9c-f215-485b-9c7c-a1544bb8c545"
"2026-07-18T22:57:43","1275283552","","Av. NS-10","Palmas","BR","1","0","5","70","-1","-10.258317","-48.317258","1782526649111","2026-06-27T02:17:29","3c3cc392-5d12-48d2-a44d-55f1688e96a0"
"2026-07-18T22:57:43","69720514","Rua 23","Rua Gregório Terêncio de Souza","Taquarussu do Porto (Palmas)","BR","1","0","5","148","-1","-10.315312","-48.158983","1784340945933","2026-07-18T02:15:45","bc88063a-0183-404d-bf0b-83ebca226941"
"2026-07-18T22:57:43","1693596122","",,"Palmas","BR","1","0","5","36","-1","-10.258352","-48.316498","1784081881899","2026-07-15T02:18:01","f6a9d158-cb4d-43ec-b26e-e2687cf324bf"
"2026-07-18T22:57:43","1693618776","",,"Palmas","BR","1","0","5","63","-1","-10.258354","-48.315834","1784081881640","2026-07-15T02:18:01","dc9d4e1f-8670-4b13-9612-de4df2989f38"
"2026-07-18T22:57:43","1211995990","",,"Palmas","BR","1","0","5","21","-1","-10.258363","-48.316757","1782353685339","2026-06-25T02:14:45","a82a13e5-2525-4021-aa92-7892a48c9f70"
"2026-07-18T22:57:43","1088566738","",,"Palmas","BR","1","0","5","41","-1","-10.258569","-48.317408","1783562302500","2026-07-09T01:58:22","9740383b-d7ef-4ff2-9da7-1b82984db198"
"2026-07-18T22:57:43","1877536026","",,"Palmas","BR","1","0","5","23","-1","-10.258348","-48.316227","1784194194365","2026-07-16T09:29:54","67a7d0d3-9d61-4acd-8315-250cecac9790"
"2026-07-18T22:57:43","1693600006","Av. Siqueira Campos","","Palmas","BR","2","0","5","327","-1","-10.294325","-48.33214","1784081881897","2026-07-15T02:18:01","2613c8db-9637-40d4-8e38-c2092c8c0dfc"
"2026-07-18T22:57:43","1090156748","Av. Siqueira Campos","","Palmas","BR","2","0","5","979","-1","-10.298359","-48.32771","1783563941797","2026-07-09T02:25:41","e944a470-62d5-4656-aaf0-087383708928"
"2026-07-18T22:57:43","202213622","Orla 14 Av. Orla","Orla 14 Al. 10","Palmas","BR","1","0","5","202","-1","-10.190245","-48.363339","1784410214172","2026-07-18T21:30:14","f6532310-ad61-458c-8024-9a03ea4a6507"
"2026-07-18T22:57:43","223991394","",,"Palmas","BR","1","0","5","21","-1","-10.258363","-48.316757","1783180963404","2026-07-04T16:02:43","d984add8-2949-4ac0-81b5-2aa666f8ed15"
"2026-07-18T22:57:43","1877412378","",,"Palmas","BR","1","0","5","86","-1","-10.258277","-48.315151","1784194127349","2026-07-16T09:28:47","95d9d88f-a5e9-4a1f-a5e3-d31635a7afc6"
"2026-07-18T23:46:38","1764083300","Av. Siqueira Campos","","Palmas","BR","2","0","5","155","-1","-10.292304","-48.332966","1782872109418","2026-07-01T02:15:09","78af3b54-3dea-4f10-8eb5-5fb4a34eaabb"
"2026-07-18T23:46:38","69755946","",,"Palmas","BR","1","0","5","23","-1","-10.258348","-48.316227","1784340945820","2026-07-18T02:15:45","151ee59d-9fc8-4482-9e04-b365b1e458b5"
"2026-07-18T23:46:38","1693600118","Av. Siqueira Campos","","Palmas","BR","2","0","5","155","-1","-10.292304","-48.332966","1784081883010","2026-07-15T02:18:03","af3fc386-180b-4082-a64c-64efe9627b8d"
"2026-07-18T23:46:38","1764089184","",,"Palmas","BR","1","0","5","45","-1","-10.25844","-48.317041","1782872178272","2026-07-01T02:16:18","972e31c2-cd12-4c0a-b3ee-1530d2e74b4f"
"2026-07-18T23:46:38","211580886","R. 13","R. Perimetral","Palmas","BR","1","18.84","2","629","66","-10.301679","-48.297894","1784418049013","2026-07-18T23:40:49",
"2026-07-18T23:46:38","202148510","Orla 14 Av. Orla","Orla 14 Al. 8","Palmas","BR","1","0","5","204","-1","-10.190127","-48.363185","1784410140272","2026-07-18T21:29:00","3291781c-27e8-4989-a13a-d0f9020b8883"
"2026-07-18T23:46:38","1693600032","",,"Palmas","BR","1","0","5","63","-1","-10.258354","-48.315834","1784081881899","2026-07-15T02:18:01","205a09b3-2e2f-4b45-86aa-4ea82a9ecd25"
"2026-07-18T23:46:38","1764118132","Av. Siqueira Campos","","Palmas","BR","2","0","5","327","-1","-10.294325","-48.33214","1782872110314","2026-07-01T02:15:10","2f08bda5-8a61-4942-836a-8f1ec7689705"
"2026-07-18T23:46:38","69751934","Rua 23","Rua Belo Horizonte","Taquarussu do Porto (Palmas)","BR","1","0","5","148","-1","-10.315312","-48.158983","1784340945928","2026-07-18T02:15:45","0c3944a0-e1e4-48dd-b26d-63d5822bfc7b"
"2026-07-18T23:46:38","1851288576","",,"Palmas","BR","1","0","5","36","-1","-10.258352","-48.316498","1784019161779","2026-07-14T08:52:41","341a3583-4137-4e82-bfbb-a67b5e845593"
"2026-07-18T23:46:38","1694226848","",,"Palmas","BR","1","0","5","15","-1","-10.258365","-48.316918","1783904330428","2026-07-13T00:58:50","06d504d6-dac0-4c04-9329-7777206ab7a2"
"2026-07-18T23:46:38","1693573164","","","Palmas","BR","1","0","5","86","-1","-10.258278","-48.315151","1784081882190","2026-07-15T02:18:02","0584e645-bcd7-4670-a8e4-2c08a6763039"
"2026-07-18T23:46:38","1697990376","Av. Siqueira Campos","","Palmas","BR","2","0","5","979","-1","-10.298359","-48.32771","1783909046043","2026-07-13T02:17:26","128eda9c-f215-485b-9c7c-a1544bb8c545"
"2026-07-18T23:46:38","1275283552","","Av. NS-10","Palmas","BR","1","0","5","70","-1","-10.258317","-48.317258","1782526649111","2026-06-27T02:17:29","3c3cc392-5d12-48d2-a44d-55f1688e96a0"
"2026-07-18T23:46:38","69720514","Rua 23","Rua Gregório Terêncio de Souza","Taquarussu do Porto (Palmas)","BR","1","0","5","148","-1","-10.315312","-48.158983","1784340945933","2026-07-18T02:15:45","bc88063a-0183-404d-bf0b-83ebca226941"
"2026-07-18T23:46:38","1693596122","",,"Palmas","BR","1","0","5","36","-1","-10.258352","-48.316498","1784081881899","2026-07-15T02:18:01","f6a9d158-cb4d-43ec-b26e-e2687cf324bf"
"2026-07-18T23:46:38","1693618776","",,"Palmas","BR","1","0","5","63","-1","-10.258354","-48.315834","1784081881640","2026-07-15T02:18:01","dc9d4e1f-8670-4b13-9612-de4df2989f38"
"2026-07-18T23:46:38","1211995990","",,"Palmas","BR","1","0","5","21","-1","-10.258363","-48.316757","1782353685339","2026-06-25T02:14:45","a82a13e5-2525-4021-aa92-7892a48c9f70"
"2026-07-18T23:46:38","1088566738","",,"Palmas","BR","1","0","5","41","-1","-10.258569","-48.317408","1783562302500","2026-07-09T01:58:22","9740383b-d7ef-4ff2-9da7-1b82984db198"
"2026-07-18T23:46:38","1877536026","",,"Palmas","BR","1","0","5","23","-1","-10.258348","-48.316227","1784194194365","2026-07-16T09:29:54","67a7d0d3-9d61-4acd-8315-250cecac9790"
"2026-07-18T23:46:38","1693600006","Av. Siqueira Campos","","Palmas","BR","2","0","5","327","-1","-10.294325","-48.33214","1784081881897","2026-07-15T02:18:01","2613c8db-9637-40d4-8e38-c2092c8c0dfc"
"2026-07-18T23:46:38","1090156748","Av. Siqueira Campos","","Palmas","BR","2","0","5","979","-1","-10.298359","-48.32771","1783563941797","2026-07-09T02:25:41","e944a470-62d5-4656-aaf0-087383708928"
"2026-07-18T23:46:38","202213622","Orla 14 Av. Orla","Orla 14 Al. 10","Palmas","BR","1","0","5","202","-1","-10.190245","-48.363339","1784410214172","2026-07-18T21:30:14","f6532310-ad61-458c-8024-9a03ea4a6507"
"2026-07-18T23:46:38","223991394","",,"Palmas","BR","1","0","5","21","-1","-10.258363","-48.316757","1783180963404","2026-07-04T16:02:43","d984add8-2949-4ac0-81b5-2aa666f8ed15"
"2026-07-18T23:46:38","1877412378","",,"Palmas","BR","1","0","5","86","-1","-10.258277","-48.315151","1784194127349","2026-07-16T09:28:47","95d9d88f-a5e9-4a1f-a5e3-d31635a7afc6"
"2026-07-19T01:11:01","1764083300","Av. Siqueira Campos","","Palmas","BR","2","0","5","155","-1","-10.292304","-48.332966","1782872109418","2026-07-01T02:15:09","78af3b54-3dea-4f10-8eb5-5fb4a34eaabb"
"2026-07-19T01:11:01","69755946","",,"Palmas","BR","1","0","5","23","-1","-10.258348","-48.316227","1784340945820","2026-07-18T02:15:45","151ee59d-9fc8-4482-9e04-b365b1e458b5"
"2026-07-19T01:11:01","1275283552","","Av. NS-10","Palmas","BR","1","0","5","70","-1","-10.258317","-48.317258","1782526649111","2026-06-27T02:17:29","3c3cc392-5d12-48d2-a44d-55f1688e96a0"
"2026-07-19T01:11:01","1693600118","Av. Siqueira Campos","","Palmas","BR","2","0","5","155","-1","-10.292304","-48.332966","1784081883010","2026-07-15T02:18:03","af3fc386-180b-4082-a64c-64efe9627b8d"
"2026-07-19T01:11:01","69720514","Rua 23","Rua Gregório Terêncio de Souza","Taquarussu do Porto (Palmas)","BR","1","0","5","148","-1","-10.315312","-48.158983","1784340945933","2026-07-18T02:15:45","bc88063a-0183-404d-bf0b-83ebca226941"
"2026-07-19T01:11:01","1764089184","",,"Palmas","BR","1","0","5","45","-1","-10.25844","-48.317041","1782872178272","2026-07-01T02:16:18","972e31c2-cd12-4c0a-b3ee-1530d2e74b4f"
"2026-07-19T01:11:01","1693596122","",,"Palmas","BR","1","0","5","36","-1","-10.258352","-48.316498","1784081881899","2026-07-15T02:18:01","f6a9d158-cb4d-43ec-b26e-e2687cf324bf"
"2026-07-19T01:11:01","1693618776","",,"Palmas","BR","1","0","5","63","-1","-10.258354","-48.315834","1784081881640","2026-07-15T02:18:01","dc9d4e1f-8670-4b13-9612-de4df2989f38"
"2026-07-19T01:11:01","1211995990","",,"Palmas","BR","1","0","5","21","-1","-10.258363","-48.316757","1782353685339","2026-06-25T02:14:45","a82a13e5-2525-4021-aa92-7892a48c9f70"
"2026-07-19T01:11:01","1088566738","",,"Palmas","BR","1","0","5","41","-1","-10.258569","-48.317408","1783562302500","2026-07-09T01:58:22","9740383b-d7ef-4ff2-9da7-1b82984db198"
"2026-07-19T01:11:01","202148510","Orla 14 Av. Orla","Orla 14 Al. 8","Palmas","BR","1","0","5","204","-1","-10.190127","-48.363185","1784410140272","2026-07-18T21:29:00","3291781c-27e8-4989-a13a-d0f9020b8883"
"2026-07-19T01:11:01","1877536026","",,"Palmas","BR","1","0","5","23","-1","-10.258348","-48.316227","1784194194365","2026-07-16T09:29:54","67a7d0d3-9d61-4acd-8315-250cecac9790"
"2026-07-19T01:11:01","1693600032","",,"Palmas","BR","1","0","5","63","-1","-10.258354","-48.315834","1784081881899","2026-07-15T02:18:01","205a09b3-2e2f-4b45-86aa-4ea82a9ecd25"
"2026-07-19T01:11:01","1764118132","Av. Siqueira Campos","","Palmas","BR","2","0","5","327","-1","-10.294325","-48.33214","1782872110314","2026-07-01T02:15:10","2f08bda5-8a61-4942-836a-8f1ec7689705"
"2026-07-19T01:11:01","1693600006","Av. Siqueira Campos","","Palmas","BR","2","0","5","327","-1","-10.294325","-48.33214","1784081881897","2026-07-15T02:18:01","2613c8db-9637-40d4-8e38-c2092c8c0dfc"
"2026-07-19T01:11:01","69751934","Rua 23","Rua Belo Horizonte","Taquarussu do Porto (Palmas)","BR","1","0","5","148","-1","-10.315312","-48.158983","1784340945928","2026-07-18T02:15:45","0c3944a0-e1e4-48dd-b26d-63d5822bfc7b"
"2026-07-19T01:11:01","1090156748","Av. Siqueira Campos","","Palmas","BR","2","0","5","979","-1","-10.298359","-48.32771","1783563941797","2026-07-09T02:25:41","e944a470-62d5-4656-aaf0-087383708928"
"2026-07-19T01:11:01","1851288576","",,"Palmas","BR","1","0","5","36","-1","-10.258352","-48.316498","1784019161779","2026-07-14T08:52:41","341a3583-4137-4e82-bfbb-a67b5e845593"
"2026-07-19T01:11:01","202213622","Orla 14 Av. Orla","Orla 14 Al. 10","Palmas","BR","1","0","5","202","-1","-10.190245","-48.363339","1784410214172","2026-07-18T21:30:14","f6532310-ad61-458c-8024-9a03ea4a6507"
"2026-07-19T01:11:01","1694226848","",,"Palmas","BR","1","0","5","15","-1","-10.258365","-48.316918","1783904330428","2026-07-13T00:58:50","06d504d6-dac0-4c04-9329-7777206ab7a2"
"2026-07-19T01:11:01","223991394","",,"Palmas","BR","1","0","5","21","-1","-10.258363","-48.316757","1783180963404","2026-07-04T16:02:43","d984add8-2949-4ac0-81b5-2aa666f8ed15"
"2026-07-19T01:11:01","1877412378","",,"Palmas","BR","1","0","5","86","-1","-10.258277","-48.315151","1784194127349","2026-07-16T09:28:47","95d9d88f-a5e9-4a1f-a5e3-d31635a7afc6"
"2026-07-19T01:11:01","1693573164","","","Palmas","BR","1","0","5","86","-1","-10.258278","-48.315151","1784081882190","2026-07-15T02:18:02","0584e645-bcd7-4670-a8e4-2c08a6763039"
"2026-07-19T01:11:01","1697990376","Av. Siqueira Campos","","Palmas","BR","2","0","5","979","-1","-10.298359","-48.32771","1783909046043","2026-07-13T02:17:26","128eda9c-f215-485b-9c7c-a1544bb8c545"
"2026-07-19T04:32:13","1764083300","Av. Siqueira Campos","","Palmas","BR","2","0","5","155","-1","-10.292304","-48.332966","1782872109418","2026-07-01T02:15:09","78af3b54-3dea-4f10-8eb5-5fb4a34eaabb"
"2026-07-19T04:32:13","69755946","",,"Palmas","BR","1","0","5","23","-1","-10.258348","-48.316227","1784340945820","2026-07-18T02:15:45","151ee59d-9fc8-4482-9e04-b365b1e458b5"
"2026-07-19T04:32:13","1275283552","","Av. NS-10","Palmas","BR","1","0","5","70","-1","-10.258317","-48.317258","1782526649111","2026-06-27T02:17:29","3c3cc392-5d12-48d2-a44d-55f1688e96a0"
"2026-07-19T04:32:13","1693600118","Av. Siqueira Campos","","Palmas","BR","2","0","5","155","-1","-10.292304","-48.332966","1784081883010","2026-07-15T02:18:03","af3fc386-180b-4082-a64c-64efe9627b8d"
"2026-07-19T04:32:13","69720514","Rua 23","Rua Gregório Terêncio de Souza","Taquarussu do Porto (Palmas)","BR","1","0","5","148","-1","-10.315312","-48.158983","1784340945933","2026-07-18T02:15:45","bc88063a-0183-404d-bf0b-83ebca226941"
"2026-07-19T04:32:13","1764089184","",,"Palmas","BR","1","0","5","45","-1","-10.25844","-48.317041","1782872178272","2026-07-01T02:16:18","972e31c2-cd12-4c0a-b3ee-1530d2e74b4f"
"2026-07-19T04:32:13","1693596122","",,"Palmas","BR","1","0","5","36","-1","-10.258352","-48.316498","1784081881899","2026-07-15T02:18:01","f6a9d158-cb4d-43ec-b26e-e2687cf324bf"
"2026-07-19T04:32:13","1693618776","",,"Palmas","BR","1","0","5","63","-1","-10.258354","-48.315834","1784081881640","2026-07-15T02:18:01","dc9d4e1f-8670-4b13-9612-de4df2989f38"
"2026-07-19T04:32:13","1211995990","",,"Palmas","BR","1","0","5","21","-1","-10.258363","-48.316757","1782353685339","2026-06-25T02:14:45","a82a13e5-2525-4021-aa92-7892a48c9f70"
"2026-07-19T04:32:13","1088566738","",,"Palmas","BR","1","0","5","41","-1","-10.258569","-48.317408","1783562302500","2026-07-09T01:58:22","9740383b-d7ef-4ff2-9da7-1b82984db198"
"2026-07-19T04:32:13","202148510","Orla 14 Av. Orla","Orla 14 Al. 8","Palmas","BR","1","0","5","204","-1","-10.190127","-48.363185","1784410140272","2026-07-18T21:29:00","3291781c-27e8-4989-a13a-d0f9020b8883"
"2026-07-19T04:32:13","1877536026","",,"Palmas","BR","1","0","5","23","-1","-10.258348","-48.316227","1784194194365","2026-07-16T09:29:54","67a7d0d3-9d61-4acd-8315-250cecac9790"
"2026-07-19T04:32:13","1693600032","",,"Palmas","BR","1","0","5","63","-1","-10.258354","-48.315834","1784081881899","2026-07-15T02:18:01","205a09b3-2e2f-4b45-86aa-4ea82a9ecd25"
"2026-07-19T04:32:13","1764118132","Av. Siqueira Campos","","Palmas","BR","2","0","5","327","-1","-10.294325","-48.33214","1782872110314","2026-07-01T02:15:10","2f08bda5-8a61-4942-836a-8f1ec7689705"
"2026-07-19T04:32:13","1693600006","Av. Siqueira Campos","","Palmas","BR","2","0","5","327","-1","-10.294325","-48.33214","1784081881897","2026-07-15T02:18:01","2613c8db-9637-40d4-8e38-c2092c8c0dfc"
"2026-07-19T04:32:13","69751934","Rua 23","Rua Belo Horizonte","Taquarussu do Porto (Palmas)","BR","1","0","5","148","-1","-10.315312","-48.158983","1784340945928","2026-07-18T02:15:45","0c3944a0-e1e4-48dd-b26d-63d5822bfc7b"
"2026-07-19T04:32:13","1090156748","Av. Siqueira Campos","","Palmas","BR","2","0","5","979","-1","-10.298359","-48.32771","1783563941797","2026-07-09T02:25:41","e944a470-62d5-4656-aaf0-087383708928"
"2026-07-19T04:32:13","1851288576","",,"Palmas","BR","1","0","5","36","-1","-10.258352","-48.316498","1784019161779","2026-07-14T08:52:41","341a3583-4137-4e82-bfbb-a67b5e845593"
"2026-07-19T04:32:13","202213622","Orla 14 Av. Orla","Orla 14 Al. 10","Palmas","BR","1","0","5","202","-1","-10.190245","-48.363339","1784410214172","2026-07-18T21:30:14","f6532310-ad61-458c-8024-9a03ea4a6507"
"2026-07-19T04:32:13","1694226848","",,"Palmas","BR","1","0","5","15","-1","-10.258365","-48.316918","1783904330428","2026-07-13T00:58:50","06d504d6-dac0-4c04-9329-7777206ab7a2"
"2026-07-19T04:32:13","223991394","",,"Palmas","BR","1","0","5","21","-1","-10.258363","-48.316757","1783180963404","2026-07-04T16:02:43","d984add8-2949-4ac0-81b5-2aa666f8ed15"
"2026-07-19T04:32:13","1877412378","",,"Palmas","BR","1","0","5","86","-1","-10.258277","-48.315151","1784194127349","2026-07-16T09:28:47","95d9d88f-a5e9-4a1f-a5e3-d31635a7afc6"
"2026-07-19T04:32:13","1693573164","","","Palmas","BR","1","0","5","86","-1","-10.258278","-48.315151","1784081882190","2026-07-15T02:18:02","0584e645-bcd7-4670-a8e4-2c08a6763039"
"2026-07-19T04:32:13","1697990376","Av. Siqueira Campos","","Palmas","BR","2","0","5","979","-1","-10.298359","-48.32771","1783909046043","2026-07-13T02:17:26","128eda9c-f215-485b-9c7c-a1544bb8c545"
"2026-07-19T07:06:42","1764083300","Av. Siqueira Campos","","Palmas","BR","2","0","5","155","-1","-10.292304","-48.332966","1782872109418","2026-07-01T02:15:09","78af3b54-3dea-4f10-8eb5-5fb4a34eaabb"
"2026-07-19T07:06:42","69755946","",,"Palmas","BR","1","0","5","23","-1","-10.258348","-48.316227","1784340945820","2026-07-18T02:15:45","151ee59d-9fc8-4482-9e04-b365b1e458b5"
"2026-07-19T07:06:42","1275283552","","Av. NS-10","Palmas","BR","1","0","5","70","-1","-10.258317","-48.317258","1782526649111","2026-06-27T02:17:29","3c3cc392-5d12-48d2-a44d-55f1688e96a0"
"2026-07-19T07:06:42","1693600118","Av. Siqueira Campos","","Palmas","BR","2","0","5","155","-1","-10.292304","-48.332966","1784081883010","2026-07-15T02:18:03","af3fc386-180b-4082-a64c-64efe9627b8d"
"2026-07-19T07:06:42","69720514","Rua 23","Rua Gregório Terêncio de Souza","Taquarussu do Porto (Palmas)","BR","1","0","5","148","-1","-10.315312","-48.158983","1784340945933","2026-07-18T02:15:45","bc88063a-0183-404d-bf0b-83ebca226941"
"2026-07-19T07:06:42","1764089184","",,"Palmas","BR","1","0","5","45","-1","-10.25844","-48.317041","1782872178272","2026-07-01T02:16:18","972e31c2-cd12-4c0a-b3ee-1530d2e74b4f"
"2026-07-19T07:06:42","1693596122","",,"Palmas","BR","1","0","5","36","-1","-10.258352","-48.316498","1784081881899","2026-07-15T02:18:01","f6a9d158-cb4d-43ec-b26e-e2687cf324bf"
"2026-07-19T07:06:42","1693618776","",,"Palmas","BR","1","0","5","63","-1","-10.258354","-48.315834","1784081881640","2026-07-15T02:18:01","dc9d4e1f-8670-4b13-9612-de4df2989f38"
"2026-07-19T07:06:42","1211995990","",,"Palmas","BR","1","0","5","21","-1","-10.258363","-48.316757","1782353685339","2026-06-25T02:14:45","a82a13e5-2525-4021-aa92-7892a48c9f70"
"2026-07-19T07:06:42","1088566738","",,"Palmas","BR","1","0","5","41","-1","-10.258569","-48.317408","1783562302500","2026-07-09T01:58:22","9740383b-d7ef-4ff2-9da7-1b82984db198"
"2026-07-19T07:06:42","202148510","Orla 14 Av. Orla","Orla 14 Al. 8","Palmas","BR","1","0","5","204","-1","-10.190127","-48.363185","1784410140272","2026-07-18T21:29:00","3291781c-27e8-4989-a13a-d0f9020b8883"
"2026-07-19T07:06:42","1877536026","",,"Palmas","BR","1","0","5","23","-1","-10.258348","-48.316227","1784194194365","2026-07-16T09:29:54","67a7d0d3-9d61-4acd-8315-250cecac9790"
"2026-07-19T07:06:42","1693600032","",,"Palmas","BR","1","0","5","63","-1","-10.258354","-48.315834","1784081881899","2026-07-15T02:18:01","205a09b3-2e2f-4b45-86aa-4ea82a9ecd25"
"2026-07-19T07:06:42","1764118132","Av. Siqueira Campos","","Palmas","BR","2","0","5","327","-1","-10.294325","-48.33214","1782872110314","2026-07-01T02:15:10","2f08bda5-8a61-4942-836a-8f1ec7689705"
"2026-07-19T07:06:42","1693600006","Av. Siqueira Campos","","Palmas","BR","2","0","5","327","-1","-10.294325","-48.33214","1784081881897","2026-07-15T02:18:01","2613c8db-9637-40d4-8e38-c2092c8c0dfc"
"2026-07-19T07:06:42","69751934","Rua 23","Rua Belo Horizonte","Taquarussu do Porto (Palmas)","BR","1","0","5","148","-1","-10.315312","-48.158983","1784340945928","2026-07-18T02:15:45","0c3944a0-e1e4-48dd-b26d-63d5822bfc7b"
"2026-07-19T07:06:42","1090156748","Av. Siqueira Campos","","Palmas","BR","2","0","5","979","-1","-10.298359","-48.32771","1783563941797","2026-07-09T02:25:41","e944a470-62d5-4656-aaf0-087383708928"
"2026-07-19T07:06:42","1851288576","",,"Palmas","BR","1","0","5","36","-1","-10.258352","-48.316498","1784019161779","2026-07-14T08:52:41","341a3583-4137-4e82-bfbb-a67b5e845593"
"2026-07-19T07:06:42","202213622","Orla 14 Av. Orla","Orla 14 Al. 10","Palmas","BR","1","0","5","202","-1","-10.190245","-48.363339","1784410214172","2026-07-18T21:30:14","f6532310-ad61-458c-8024-9a03ea4a6507"
"2026-07-19T07:06:42","1694226848","",,"Palmas","BR","1","0","5","15","-1","-10.258365","-48.316918","1783904330428","2026-07-13T00:58:50","06d504d6-dac0-4c04-9329-7777206ab7a2"
"2026-07-19T07:06:42","223991394","",,"Palmas","BR","1","0","5","21","-1","-10.258363","-48.316757","1783180963404","2026-07-04T16:02:43","d984add8-2949-4ac0-81b5-2aa666f8ed15"
"2026-07-19T07:06:42","1877412378","",,"Palmas","BR","1","0","5","86","-1","-10.258277","-48.315151","1784194127349","2026-07-16T09:28:47","95d9d88f-a5e9-4a1f-a5e3-d31635a7afc6"
"2026-07-19T07:06:42","1693573164","","","Palmas","BR","1","0","5","86","-1","-10.258278","-48.315151","1784081882190","2026-07-15T02:18:02","0584e645-bcd7-4670-a8e4-2c08a6763039"
"2026-07-19T07:06:42","1697990376","Av. Siqueira Campos","","Palmas","BR","2","0","5","979","-1","-10.298359","-48.32771","1783909046043","2026-07-13T02:17:26","128eda9c-f215-485b-9c7c-a1544bb8c545"
"2026-07-19T09:11:50","232096020","Av. NS-1","","Palmas","BR","2","5.73","4","201","109","-10.174784","-48.337214","1784451891076","2026-07-19T09:04:51",
"2026-07-19T09:11:50","1764083300","Av. Siqueira Campos","","Palmas","BR","2","0","5","155","-1","-10.292304","-48.332966","1782872109418","2026-07-01T02:15:09","78af3b54-3dea-4f10-8eb5-5fb4a34eaabb"
"2026-07-19T09:11:50","69755946","",,"Palmas","BR","1","0","5","23","-1","-10.258348","-48.316227","1784340945820","2026-07-18T02:15:45","151ee59d-9fc8-4482-9e04-b365b1e458b5"
"2026-07-19T09:11:50","1693600118","Av. Siqueira Campos","","Palmas","BR","2","0","5","155","-1","-10.292304","-48.332966","1784081883010","2026-07-15T02:18:03","af3fc386-180b-4082-a64c-64efe9627b8d"
"2026-07-19T09:11:50","1764089184","",,"Palmas","BR","1","0","5","45","-1","-10.25844","-48.317041","1782872178272","2026-07-01T02:16:18","972e31c2-cd12-4c0a-b3ee-1530d2e74b4f"
"2026-07-19T09:11:50","202148510","Orla 14 Av. Orla","Orla 14 Al. 8","Palmas","BR","1","0","5","204","-1","-10.190127","-48.363185","1784410140272","2026-07-18T21:29:00","3291781c-27e8-4989-a13a-d0f9020b8883"
"2026-07-19T09:11:50","1693600032","",,"Palmas","BR","1","0","5","63","-1","-10.258354","-48.315834","1784081881899","2026-07-15T02:18:01","205a09b3-2e2f-4b45-86aa-4ea82a9ecd25"
"2026-07-19T09:11:50","1764118132","Av. Siqueira Campos","","Palmas","BR","2","0","5","327","-1","-10.294325","-48.33214","1782872110314","2026-07-01T02:15:10","2f08bda5-8a61-4942-836a-8f1ec7689705"
"2026-07-19T09:11:50","69751934","Rua 23","Rua Belo Horizonte","Taquarussu do Porto (Palmas)","BR","1","0","5","148","-1","-10.315312","-48.158983","1784340945928","2026-07-18T02:15:45","0c3944a0-e1e4-48dd-b26d-63d5822bfc7b"
"2026-07-19T09:11:50","1851288576","",,"Palmas","BR","1","0","5","36","-1","-10.258352","-48.316498","1784019161779","2026-07-14T08:52:41","341a3583-4137-4e82-bfbb-a67b5e845593"
"2026-07-19T09:11:50","1694226848","",,"Palmas","BR","1","0","5","15","-1","-10.258365","-48.316918","1783904330428","2026-07-13T00:58:50","06d504d6-dac0-4c04-9329-7777206ab7a2"
"2026-07-19T09:11:50","1693573164","","","Palmas","BR","1","0","5","86","-1","-10.258278","-48.315151","1784081882190","2026-07-15T02:18:02","0584e645-bcd7-4670-a8e4-2c08a6763039"
"2026-07-19T09:11:50","1697990376","Av. Siqueira Campos","","Palmas","BR","2","0","5","979","-1","-10.298359","-48.32771","1783909046043","2026-07-13T02:17:26","128eda9c-f215-485b-9c7c-a1544bb8c545"
"2026-07-19T09:11:50","1275283552","","Av. NS-10","Palmas","BR","1","0","5","70","-1","-10.258317","-48.317258","1782526649111","2026-06-27T02:17:29","3c3cc392-5d12-48d2-a44d-55f1688e96a0"
"2026-07-19T09:11:50","69720514","Rua 23","Rua Gregório Terêncio de Souza","Taquarussu do Porto (Palmas)","BR","1","0","5","148","-1","-10.315312","-48.158983","1784340945933","2026-07-18T02:15:45","bc88063a-0183-404d-bf0b-83ebca226941"
"2026-07-19T09:11:50","232169968","TO-030","Taquarussu do Porto (Palmas)","Taquarussu do Porto (Palmas)","BR","7","38.29","1","3242","101","-10.301011","-48.142034","1784452020698","2026-07-19T09:07:00",
"2026-07-19T09:11:50","1693596122","",,"Palmas","BR","1","0","5","36","-1","-10.258352","-48.316498","1784081881899","2026-07-15T02:18:01","f6a9d158-cb4d-43ec-b26e-e2687cf324bf"
"2026-07-19T09:11:50","1693618776","",,"Palmas","BR","1","0","5","63","-1","-10.258354","-48.315834","1784081881640","2026-07-15T02:18:01","dc9d4e1f-8670-4b13-9612-de4df2989f38"
"2026-07-19T09:11:50","1211995990","",,"Palmas","BR","1","0","5","21","-1","-10.258363","-48.316757","1782353685339","2026-06-25T02:14:45","a82a13e5-2525-4021-aa92-7892a48c9f70"
"2026-07-19T09:11:50","1088566738","",,"Palmas","BR","1","0","5","41","-1","-10.258569","-48.317408","1783562302500","2026-07-09T01:58:22","9740383b-d7ef-4ff2-9da7-1b82984db198"
"2026-07-19T09:11:50","1877536026","",,"Palmas","BR","1","0","5","23","-1","-10.258348","-48.316227","1784194194365","2026-07-16T09:29:54","67a7d0d3-9d61-4acd-8315-250cecac9790"
"2026-07-19T09:11:50","1693600006","Av. Siqueira Campos","","Palmas","BR","2","0","5","327","-1","-10.294325","-48.33214","1784081881897","2026-07-15T02:18:01","2613c8db-9637-40d4-8e38-c2092c8c0dfc"
"2026-07-19T09:11:50","1090156748","Av. Siqueira Campos","","Palmas","BR","2","0","5","979","-1","-10.298359","-48.32771","1783563941797","2026-07-09T02:25:41","e944a470-62d5-4656-aaf0-087383708928"
"2026-07-19T09:11:50","202213622","Orla 14 Av. Orla","Orla 14 Al. 10","Palmas","BR","1","0","5","202","-1","-10.190245","-48.363339","1784410214172","2026-07-18T21:30:14","f6532310-ad61-458c-8024-9a03ea4a6507"
"2026-07-19T09:11:50","223991394","",,"Palmas","BR","1","0","5","21","-1","-10.258363","-48.316757","1783180963404","2026-07-04T16:02:43","d984add8-2949-4ac0-81b5-2aa666f8ed15"
"2026-07-19T09:11:50","1877412378","",,"Palmas","BR","1","0","5","86","-1","-10.258277","-48.315151","1784194127349","2026-07-16T09:28:47","95d9d88f-a5e9-4a1f-a5e3-d31635a7afc6"
"2026-07-19T10:42:22","1764083300","Av. Siqueira Campos","","Palmas","BR","2","0","5","155","-1","-10.292304","-48.332966","1782872109418","2026-07-01T02:15:09","78af3b54-3dea-4f10-8eb5-5fb4a34eaabb"
"2026-07-19T10:42:22","69755946","",,"Palmas","BR","1","0","5","23","-1","-10.258348","-48.316227","1784340945820","2026-07-18T02:15:45","151ee59d-9fc8-4482-9e04-b365b1e458b5"
"2026-07-19T10:42:22","233918066","Orla 14 Al. 6","Av. NS-15","Palmas","BR","1","0","5","203","-1","-10.187292","-48.36136","1784453581364","2026-07-19T09:33:01","8f604f20-8149-4c91-affd-056ba313ad53"
"2026-07-19T10:42:22","1693600118","Av. Siqueira Campos","","Palmas","BR","2","0","5","155","-1","-10.292304","-48.332966","1784081883010","2026-07-15T02:18:03","af3fc386-180b-4082-a64c-64efe9627b8d"
"2026-07-19T10:42:22","1764089184","",,"Palmas","BR","1","0","5","45","-1","-10.25844","-48.317041","1782872178272","2026-07-01T02:16:18","972e31c2-cd12-4c0a-b3ee-1530d2e74b4f"
"2026-07-19T10:42:22","233945400","","Orla 14 Al. 6","Palmas","BR","1","0","5","5","-1","-10.187332","-48.363166","1784453580965","2026-07-19T09:33:00","48f17e43-475f-4324-bf7f-c6a893f6fd6c"
"2026-07-19T10:42:22","233938042","","Av. NS-15","Palmas","BR","2","0","5","40","-1","-10.198096","-48.359794","1784453581443","2026-07-19T09:33:01","def4b6c7-29cd-4ce2-8883-19175f298a6b"
"2026-07-19T10:42:22","233925180","","Av. LO-03","Palmas","BR","2","0","5","34","-1","-10.192223","-48.359878","1784453580635","2026-07-19T09:33:00","d61234f5-e29d-4426-998c-ca211e45b9db"
"2026-07-19T10:42:22","202148510","Orla 14 Av. Orla","Orla 14 Al. 8","Palmas","BR","1","0","5","204","-1","-10.190127","-48.363185","1784410140272","2026-07-18T21:29:00","3291781c-27e8-4989-a13a-d0f9020b8883"
"2026-07-19T10:42:22","1693600032","",,"Palmas","BR","1","0","5","63","-1","-10.258354","-48.315834","1784081881899","2026-07-15T02:18:01","205a09b3-2e2f-4b45-86aa-4ea82a9ecd25"
"2026-07-19T10:42:22","1764118132","Av. Siqueira Campos","","Palmas","BR","2","0","5","327","-1","-10.294325","-48.33214","1782872110314","2026-07-01T02:15:10","2f08bda5-8a61-4942-836a-8f1ec7689705"
"2026-07-19T10:42:22","69751934","Rua 23","Rua Belo Horizonte","Taquarussu do Porto (Palmas)","BR","1","0","5","148","-1","-10.315312","-48.158983","1784340945928","2026-07-18T02:15:45","0c3944a0-e1e4-48dd-b26d-63d5822bfc7b"
"2026-07-19T10:42:22","1851288576","",,"Palmas","BR","1","0","5","36","-1","-10.258352","-48.316498","1784019161779","2026-07-14T08:52:41","341a3583-4137-4e82-bfbb-a67b5e845593"
"2026-07-19T10:42:22","1694226848","",,"Palmas","BR","1","0","5","15","-1","-10.258365","-48.316918","1783904330428","2026-07-13T00:58:50","06d504d6-dac0-4c04-9329-7777206ab7a2"
"2026-07-19T10:42:22","1693573164","","","Palmas","BR","1","0","5","86","-1","-10.258278","-48.315151","1784081882190","2026-07-15T02:18:02","0584e645-bcd7-4670-a8e4-2c08a6763039"
"2026-07-19T10:42:22","1697990376","Av. Siqueira Campos","","Palmas","BR","2","0","5","979","-1","-10.298359","-48.32771","1783909046043","2026-07-13T02:17:26","128eda9c-f215-485b-9c7c-a1544bb8c545"
"2026-07-19T10:42:22","239549528","TO-030","Taquarussu do Porto (Palmas)","Taquarussu do Porto (Palmas)","BR","7","42.11","1","2993","70","-10.301324","-48.142148","1784457481538","2026-07-19T10:38:01",
"2026-07-19T10:42:22","234003794","Av. NS-15","Orla 14 Al. 8","Palmas","BR","2","0","5","218","-1","-10.18825","-48.359688","1784453581373","2026-07-19T09:33:01","8e652b73-0444-4a5d-86e2-3dd196b1de09"
"2026-07-19T10:42:22","233972882","","Av. LO-03","Palmas","BR","2","0","5","27","-1","-10.191988","-48.35979","1784453580628","2026-07-19T09:33:00","a7176828-5058-4270-83c7-4bdfd8c78e42"
"2026-07-19T10:42:22","1275283552","","Av. NS-10","Palmas","BR","1","0","5","70","-1","-10.258317","-48.317258","1782526649111","2026-06-27T02:17:29","3c3cc392-5d12-48d2-a44d-55f1688e96a0"
"2026-07-19T10:42:22","234027030","Orla 14 Av. Orla","","Palmas","BR","1","0","5","212","-1","-10.188309","-48.363184","1784453581125","2026-07-19T09:33:01","e215112d-2566-45c4-8a14-c5ab90ac8232"
"2026-07-19T10:42:22","69720514","Rua 23","Rua Gregório Terêncio de Souza","Taquarussu do Porto (Palmas)","BR","1","0","5","148","-1","-10.315312","-48.158983","1784340945933","2026-07-18T02:15:45","bc88063a-0183-404d-bf0b-83ebca226941"
"2026-07-19T10:42:22","233972884","","Av. NS-15","Palmas","BR","2","0","5","30","-1","-10.192461","-48.359769","1784453580638","2026-07-19T09:33:00","a7fd08b6-ac3c-4b72-9c8e-63f9a5e4eeb6"
"2026-07-19T10:42:22","233918038","",,"Palmas","BR","2","0","5","39","-1","-10.19776","-48.359762","1784453580882","2026-07-19T09:33:00","412224fb-8405-4f70-876c-5d3cf9335330"
"2026-07-19T10:42:22","1693596122","",,"Palmas","BR","1","0","5","36","-1","-10.258352","-48.316498","1784081881899","2026-07-15T02:18:01","f6a9d158-cb4d-43ec-b26e-e2687cf324bf"
"2026-07-19T10:42:22","1693618776","",,"Palmas","BR","1","0","5","63","-1","-10.258354","-48.315834","1784081881640","2026-07-15T02:18:01","dc9d4e1f-8670-4b13-9612-de4df2989f38"
"2026-07-19T10:42:22","234030936","Av. NS-15","Orla 14 Al. 13","Palmas","BR","2","0","5","255","-1","-10.193688","-48.359653","1784453581347","2026-07-19T09:33:01","a29ae0b2-3980-4628-a2b8-d2ac16268ca7"
"2026-07-19T10:42:22","1211995990","",,"Palmas","BR","1","0","5","21","-1","-10.258363","-48.316757","1782353685339","2026-06-25T02:14:45","a82a13e5-2525-4021-aa92-7892a48c9f70"
"2026-07-19T10:42:22","1088566738","",,"Palmas","BR","1","0","5","41","-1","-10.258569","-48.317408","1783562302500","2026-07-09T01:58:22","9740383b-d7ef-4ff2-9da7-1b82984db198"
"2026-07-19T10:42:22","1877536026","",,"Palmas","BR","1","0","5","23","-1","-10.258348","-48.316227","1784194194365","2026-07-16T09:29:54","67a7d0d3-9d61-4acd-8315-250cecac9790"
"2026-07-19T10:42:22","234038912","Orla 14 Al. 6","Av. NS-15","Palmas","BR","1","0","5","81","-1","-10.187272","-48.360066","1784453581359","2026-07-19T09:33:01","f2c730a1-14f3-4011-bff0-070aaf16ee1e"
"2026-07-19T10:42:22","233925186","Av. NS-15","","Palmas","BR","2","0","5","295","-1","-10.190963","-48.359672","1784453580840","2026-07-19T09:33:00","085fed57-d715-4176-8149-46a25c61d0df"
"2026-07-19T10:42:22","1693600006","Av. Siqueira Campos","","Palmas","BR","2","0","5","327","-1","-10.294325","-48.33214","1784081881897","2026-07-15T02:18:01","2613c8db-9637-40d4-8e38-c2092c8c0dfc"
"2026-07-19T10:42:22","1090156748","Av. Siqueira Campos","","Palmas","BR","2","0","5","979","-1","-10.298359","-48.32771","1783563941797","2026-07-09T02:25:41","e944a470-62d5-4656-aaf0-087383708928"
"2026-07-19T10:42:22","233925190","Orla 14 Al. 6","111 Sul, Al. 2","Palmas","BR","1","0","5","29","-1","-10.187308","-48.362418","1784453580843","2026-07-19T09:33:00","1f6038be-8fbd-470d-9d9e-08860c0bd335"
"2026-07-19T10:42:22","202213622","Orla 14 Av. Orla","Orla 14 Al. 10","Palmas","BR","1","0","5","202","-1","-10.190245","-48.363339","1784410214172","2026-07-18T21:30:14","f6532310-ad61-458c-8024-9a03ea4a6507"
"2026-07-19T10:42:22","233956874","Orla 14 Al. 6","111 Sul, Al. 2","Palmas","BR","1","0","5","66","-1","-10.187313","-48.362849","1784453580811","2026-07-19T09:33:00","b6af2431-fff3-44aa-bba4-be0352996525"
"2026-07-19T10:42:22","223991394","",,"Palmas","BR","1","0","5","21","-1","-10.258363","-48.316757","1783180963404","2026-07-04T16:02:43","d984add8-2949-4ac0-81b5-2aa666f8ed15"
"2026-07-19T10:42:22","1877412378","",,"Palmas","BR","1","0","5","86","-1","-10.258277","-48.315151","1784194127349","2026-07-16T09:28:47","95d9d88f-a5e9-4a1f-a5e3-d31635a7afc6"
"2026-07-19T10:42:22","234007692","Av. NS-15","","Palmas","BR","2","0","5","310","-1","-10.196676","-48.35963","1784453580844","2026-07-19T09:33:00","b921844d-656a-447a-a32f-af9a4a66e945"
"2026-07-19T10:42:22","233987788","Av. NS-15","","Palmas","BR","2","0","5","673","-1","-10.200487","-48.360003","1784453580536","2026-07-19T09:33:00","b1e82b97-0be0-40b2-9931-caf4370cc81c"
"2026-07-19T11:41:38","1764083300","Av. Siqueira Campos","","Palmas","BR","2","0","5","155","-1","-10.292304","-48.332966","1782872109418","2026-07-01T02:15:09","78af3b54-3dea-4f10-8eb5-5fb4a34eaabb"
"2026-07-19T11:41:38","69755946","",,"Palmas","BR","1","0","5","23","-1","-10.258348","-48.316227","1784340945820","2026-07-18T02:15:45","151ee59d-9fc8-4482-9e04-b365b1e458b5"
"2026-07-19T11:41:38","233918066","Orla 14 Al. 6","Av. NS-15","Palmas","BR","1","0","5","203","-1","-10.187292","-48.36136","1784453581364","2026-07-19T09:33:01","8f604f20-8149-4c91-affd-056ba313ad53"
"2026-07-19T11:41:38","1693600118","Av. Siqueira Campos","","Palmas","BR","2","0","5","155","-1","-10.292304","-48.332966","1784081883010","2026-07-15T02:18:03","af3fc386-180b-4082-a64c-64efe9627b8d"
"2026-07-19T11:41:38","1764089184","",,"Palmas","BR","1","0","5","45","-1","-10.25844","-48.317041","1782872178272","2026-07-01T02:16:18","972e31c2-cd12-4c0a-b3ee-1530d2e74b4f"
"2026-07-19T11:41:38","233945400","","Orla 14 Al. 6","Palmas","BR","1","0","5","5","-1","-10.187332","-48.363166","1784453580965","2026-07-19T09:33:00","48f17e43-475f-4324-bf7f-c6a893f6fd6c"
"2026-07-19T11:41:38","233938042","","Av. NS-15","Palmas","BR","2","0","5","40","-1","-10.198096","-48.359794","1784453581443","2026-07-19T09:33:01","def4b6c7-29cd-4ce2-8883-19175f298a6b"
"2026-07-19T11:41:38","233925180","","Av. LO-03","Palmas","BR","2","0","5","34","-1","-10.192223","-48.359878","1784453580635","2026-07-19T09:33:00","d61234f5-e29d-4426-998c-ca211e45b9db"
"2026-07-19T11:41:38","245831528","TO-010","Av. NS 15","Palmas","BR","7","43.69","2","1868","78","-10.146425","-48.302015","1784461204993","2026-07-19T11:40:04",
"2026-07-19T11:41:38","244807704","Av. Siqueira Campos","Av. LO-13","Palmas","BR","2","16.83","3","582","91","-10.21283","-48.333688","1784460593119","2026-07-19T11:29:53",
"2026-07-19T11:41:38","202148510","Orla 14 Av. Orla","Orla 14 Al. 8","Palmas","BR","1","0","5","204","-1","-10.190127","-48.363185","1784410140272","2026-07-18T21:29:00","3291781c-27e8-4989-a13a-d0f9020b8883"
"2026-07-19T11:41:38","1693600032","",,"Palmas","BR","1","0","5","63","-1","-10.258354","-48.315834","1784081881899","2026-07-15T02:18:01","205a09b3-2e2f-4b45-86aa-4ea82a9ecd25"
"2026-07-19T11:41:38","1764118132","Av. Siqueira Campos","","Palmas","BR","2","0","5","327","-1","-10.294325","-48.33214","1782872110314","2026-07-01T02:15:10","2f08bda5-8a61-4942-836a-8f1ec7689705"
"2026-07-19T11:41:38","69751934","Rua 23","Rua Belo Horizonte","Taquarussu do Porto (Palmas)","BR","1","0","5","148","-1","-10.315312","-48.158983","1784340945928","2026-07-18T02:15:45","0c3944a0-e1e4-48dd-b26d-63d5822bfc7b"
"2026-07-19T11:41:38","1851288576","",,"Palmas","BR","1","0","5","36","-1","-10.258352","-48.316498","1784019161779","2026-07-14T08:52:41","341a3583-4137-4e82-bfbb-a67b5e845593"
"2026-07-19T11:41:38","1694226848","",,"Palmas","BR","1","0","5","15","-1","-10.258365","-48.316918","1783904330428","2026-07-13T00:58:50","06d504d6-dac0-4c04-9329-7777206ab7a2"
"2026-07-19T11:41:38","1693573164","","","Palmas","BR","1","0","5","86","-1","-10.258278","-48.315151","1784081882190","2026-07-15T02:18:02","0584e645-bcd7-4670-a8e4-2c08a6763039"
"2026-07-19T11:41:38","1697990376","Av. Siqueira Campos","","Palmas","BR","2","0","5","979","-1","-10.298359","-48.32771","1783909046043","2026-07-13T02:17:26","128eda9c-f215-485b-9c7c-a1544bb8c545"
"2026-07-19T11:41:38","245433342","Av. Siqueira Campos","Av. Parque","Palmas","BR","2","33.98","1","1296","49","-10.283475","-48.332856","1784461001469","2026-07-19T11:36:41",
"2026-07-19T11:41:38","234003794","Av. NS-15","Orla 14 Al. 8","Palmas","BR","2","0","5","218","-1","-10.18825","-48.359688","1784453581373","2026-07-19T09:33:01","8e652b73-0444-4a5d-86e2-3dd196b1de09"
"2026-07-19T11:41:38","233972882","","Av. LO-03","Palmas","BR","2","0","5","27","-1","-10.191988","-48.35979","1784453580628","2026-07-19T09:33:00","a7176828-5058-4270-83c7-4bdfd8c78e42"
"2026-07-19T11:41:38","1275283552","","Av. NS-10","Palmas","BR","1","0","5","70","-1","-10.258317","-48.317258","1782526649111","2026-06-27T02:17:29","3c3cc392-5d12-48d2-a44d-55f1688e96a0"
"2026-07-19T11:41:38","234027030","Orla 14 Av. Orla","","Palmas","BR","1","0","5","212","-1","-10.188309","-48.363184","1784453581125","2026-07-19T09:33:01","e215112d-2566-45c4-8a14-c5ab90ac8232"
"2026-07-19T11:41:38","69720514","Rua 23","Rua Gregório Terêncio de Souza","Taquarussu do Porto (Palmas)","BR","1","0","5","148","-1","-10.315312","-48.158983","1784340945933","2026-07-18T02:15:45","bc88063a-0183-404d-bf0b-83ebca226941"
"2026-07-19T11:41:38","233972884","","Av. NS-15","Palmas","BR","2","0","5","30","-1","-10.192461","-48.359769","1784453580638","2026-07-19T09:33:00","a7fd08b6-ac3c-4b72-9c8e-63f9a5e4eeb6"
"2026-07-19T11:41:38","233918038","",,"Palmas","BR","2","0","5","39","-1","-10.19776","-48.359762","1784453580882","2026-07-19T09:33:00","412224fb-8405-4f70-876c-5d3cf9335330"
"2026-07-19T11:41:38","1693596122","",,"Palmas","BR","1","0","5","36","-1","-10.258352","-48.316498","1784081881899","2026-07-15T02:18:01","f6a9d158-cb4d-43ec-b26e-e2687cf324bf"
"2026-07-19T11:41:38","1693618776","",,"Palmas","BR","1","0","5","63","-1","-10.258354","-48.315834","1784081881640","2026-07-15T02:18:01","dc9d4e1f-8670-4b13-9612-de4df2989f38"
"2026-07-19T11:41:38","234030936","Av. NS-15","Orla 14 Al. 13","Palmas","BR","2","0","5","255","-1","-10.193688","-48.359653","1784453581347","2026-07-19T09:33:01","a29ae0b2-3980-4628-a2b8-d2ac16268ca7"
"2026-07-19T11:41:38","1211995990","",,"Palmas","BR","1","0","5","21","-1","-10.258363","-48.316757","1782353685339","2026-06-25T02:14:45","a82a13e5-2525-4021-aa92-7892a48c9f70"
"2026-07-19T11:41:38","1088566738","",,"Palmas","BR","1","0","5","41","-1","-10.258569","-48.317408","1783562302500","2026-07-09T01:58:22","9740383b-d7ef-4ff2-9da7-1b82984db198"
"2026-07-19T11:41:38","1877536026","",,"Palmas","BR","1","0","5","23","-1","-10.258348","-48.316227","1784194194365","2026-07-16T09:29:54","67a7d0d3-9d61-4acd-8315-250cecac9790"
"2026-07-19T11:41:38","234038912","Orla 14 Al. 6","Av. NS-15","Palmas","BR","1","0","5","81","-1","-10.187272","-48.360066","1784453581359","2026-07-19T09:33:01","f2c730a1-14f3-4011-bff0-070aaf16ee1e"
"2026-07-19T11:41:38","233925186","Av. NS-15","","Palmas","BR","2","0","5","295","-1","-10.190963","-48.359672","1784453580840","2026-07-19T09:33:00","085fed57-d715-4176-8149-46a25c61d0df"
"2026-07-19T11:41:38","1693600006","Av. Siqueira Campos","","Palmas","BR","2","0","5","327","-1","-10.294325","-48.33214","1784081881897","2026-07-15T02:18:01","2613c8db-9637-40d4-8e38-c2092c8c0dfc"
"2026-07-19T11:41:38","1090156748","Av. Siqueira Campos","","Palmas","BR","2","0","5","979","-1","-10.298359","-48.32771","1783563941797","2026-07-09T02:25:41","e944a470-62d5-4656-aaf0-087383708928"
"2026-07-19T11:41:38","233925190","Orla 14 Al. 6","111 Sul, Al. 2","Palmas","BR","1","0","5","29","-1","-10.187308","-48.362418","1784453580843","2026-07-19T09:33:00","1f6038be-8fbd-470d-9d9e-08860c0bd335"
"2026-07-19T11:41:38","202213622","Orla 14 Av. Orla","Orla 14 Al. 10","Palmas","BR","1","0","5","202","-1","-10.190245","-48.363339","1784410214172","2026-07-18T21:30:14","f6532310-ad61-458c-8024-9a03ea4a6507"
"2026-07-19T11:41:38","233956874","Orla 14 Al. 6","111 Sul, Al. 2","Palmas","BR","1","0","5","66","-1","-10.187313","-48.362849","1784453580811","2026-07-19T09:33:00","b6af2431-fff3-44aa-bba4-be0352996525"
"2026-07-19T11:41:38","223991394","",,"Palmas","BR","1","0","5","21","-1","-10.258363","-48.316757","1783180963404","2026-07-04T16:02:43","d984add8-2949-4ac0-81b5-2aa666f8ed15"
"2026-07-19T11:41:38","1877412378","",,"Palmas","BR","1","0","5","86","-1","-10.258277","-48.315151","1784194127349","2026-07-16T09:28:47","95d9d88f-a5e9-4a1f-a5e3-d31635a7afc6"
"2026-07-19T11:41:38","234007692","Av. NS-15","","Palmas","BR","2","0","5","310","-1","-10.196676","-48.35963","1784453580844","2026-07-19T09:33:00","b921844d-656a-447a-a32f-af9a4a66e945"
"2026-07-19T11:41:38","233987788","Av. NS-15","","Palmas","BR","2","0","5","673","-1","-10.200487","-48.360003","1784453580536","2026-07-19T09:33:00","b1e82b97-0be0-40b2-9931-caf4370cc81c"
"2026-07-19T12:34:08","250569198","Av. NS-10","","Palmas","BR","2","9.2","3","324","105","-10.194013","-48.308304","1784464078698","2026-07-19T12:27:58",
"2026-07-19T12:34:08","1764083300","Av. Siqueira Campos","","Palmas","BR","2","0","5","155","-1","-10.292304","-48.332966","1782872109418","2026-07-01T02:15:09","78af3b54-3dea-4f10-8eb5-5fb4a34eaabb"
"2026-07-19T12:34:08","69755946","",,"Palmas","BR","1","0","5","23","-1","-10.258348","-48.316227","1784340945820","2026-07-18T02:15:45","151ee59d-9fc8-4482-9e04-b365b1e458b5"
"2026-07-19T12:34:08","1693600118","Av. Siqueira Campos","","Palmas","BR","2","0","5","155","-1","-10.292304","-48.332966","1784081883010","2026-07-15T02:18:03","af3fc386-180b-4082-a64c-64efe9627b8d"
"2026-07-19T12:34:08","1764089184","",,"Palmas","BR","1","0","5","45","-1","-10.25844","-48.317041","1782872178272","2026-07-01T02:16:18","972e31c2-cd12-4c0a-b3ee-1530d2e74b4f"
"2026-07-19T12:34:08","202148510","Orla 14 Av. Orla","Orla 14 Al. 8","Palmas","BR","1","0","5","204","-1","-10.190127","-48.363185","1784410140272","2026-07-18T21:29:00","3291781c-27e8-4989-a13a-d0f9020b8883"
"2026-07-19T12:34:08","1693600032","",,"Palmas","BR","1","0","5","63","-1","-10.258354","-48.315834","1784081881899","2026-07-15T02:18:01","205a09b3-2e2f-4b45-86aa-4ea82a9ecd25"
"2026-07-19T12:34:08","1764118132","Av. Siqueira Campos","","Palmas","BR","2","0","5","327","-1","-10.294325","-48.33214","1782872110314","2026-07-01T02:15:10","2f08bda5-8a61-4942-836a-8f1ec7689705"
"2026-07-19T12:34:08","69751934","Rua 23","Rua Belo Horizonte","Taquarussu do Porto (Palmas)","BR","1","0","5","148","-1","-10.315312","-48.158983","1784340945928","2026-07-18T02:15:45","0c3944a0-e1e4-48dd-b26d-63d5822bfc7b"
"2026-07-19T12:34:08","1851288576","",,"Palmas","BR","1","0","5","36","-1","-10.258352","-48.316498","1784019161779","2026-07-14T08:52:41","341a3583-4137-4e82-bfbb-a67b5e845593"
"2026-07-19T12:34:08","1694226848","",,"Palmas","BR","1","0","5","15","-1","-10.258365","-48.316918","1783904330428","2026-07-13T00:58:50","06d504d6-dac0-4c04-9329-7777206ab7a2"
"2026-07-19T12:34:08","1693573164","","","Palmas","BR","1","0","5","86","-1","-10.258278","-48.315151","1784081882190","2026-07-15T02:18:02","0584e645-bcd7-4670-a8e4-2c08a6763039"
"2026-07-19T12:34:08","1697990376","Av. Siqueira Campos","","Palmas","BR","2","0","5","979","-1","-10.298359","-48.32771","1783909046043","2026-07-13T02:17:26","128eda9c-f215-485b-9c7c-a1544bb8c545"
"2026-07-19T12:34:08","1275283552","","Av. NS-10","Palmas","BR","1","0","5","70","-1","-10.258317","-48.317258","1782526649111","2026-06-27T02:17:29","3c3cc392-5d12-48d2-a44d-55f1688e96a0"
"2026-07-19T12:34:08","69720514","Rua 23","Rua Gregório Terêncio de Souza","Taquarussu do Porto (Palmas)","BR","1","0","5","148","-1","-10.315312","-48.158983","1784340945933","2026-07-18T02:15:45","bc88063a-0183-404d-bf0b-83ebca226941"
"2026-07-19T12:34:08","1693596122","",,"Palmas","BR","1","0","5","36","-1","-10.258352","-48.316498","1784081881899","2026-07-15T02:18:01","f6a9d158-cb4d-43ec-b26e-e2687cf324bf"
"2026-07-19T12:34:08","250708568","ARSO 32 Al. 2","ARSO 32 Rua 6","Palmas","BR","1","5.6","3","199","88","-10.202509","-48.345134","1784464148884","2026-07-19T12:29:08",
"2026-07-19T12:34:08","1693618776","",,"Palmas","BR","1","0","5","63","-1","-10.258354","-48.315834","1784081881640","2026-07-15T02:18:01","dc9d4e1f-8670-4b13-9612-de4df2989f38"
"2026-07-19T12:34:08","1211995990","",,"Palmas","BR","1","0","5","21","-1","-10.258363","-48.316757","1782353685339","2026-06-25T02:14:45","a82a13e5-2525-4021-aa92-7892a48c9f70"
"2026-07-19T12:34:08","1088566738","",,"Palmas","BR","1","0","5","41","-1","-10.258569","-48.317408","1783562302500","2026-07-09T01:58:22","9740383b-d7ef-4ff2-9da7-1b82984db198"
"2026-07-19T12:34:08","1877536026","",,"Palmas","BR","1","0","5","23","-1","-10.258348","-48.316227","1784194194365","2026-07-16T09:29:54","67a7d0d3-9d61-4acd-8315-250cecac9790"
"2026-07-19T12:34:08","1693600006","Av. Siqueira Campos","","Palmas","BR","2","0","5","327","-1","-10.294325","-48.33214","1784081881897","2026-07-15T02:18:01","2613c8db-9637-40d4-8e38-c2092c8c0dfc"
"2026-07-19T12:34:08","1090156748","Av. Siqueira Campos","","Palmas","BR","2","0","5","979","-1","-10.298359","-48.32771","1783563941797","2026-07-09T02:25:41","e944a470-62d5-4656-aaf0-087383708928"
"2026-07-19T12:34:08","202213622","Orla 14 Av. Orla","Orla 14 Al. 10","Palmas","BR","1","0","5","202","-1","-10.190245","-48.363339","1784410214172","2026-07-18T21:30:14","f6532310-ad61-458c-8024-9a03ea4a6507"
"2026-07-19T12:34:08","223991394","",,"Palmas","BR","1","0","5","21","-1","-10.258363","-48.316757","1783180963404","2026-07-04T16:02:43","d984add8-2949-4ac0-81b5-2aa666f8ed15"
"2026-07-19T12:34:08","1877412378","",,"Palmas","BR","1","0","5","86","-1","-10.258277","-48.315151","1784194127349","2026-07-16T09:28:47","95d9d88f-a5e9-4a1f-a5e3-d31635a7afc6"
"2026-07-19T14:05:53","1764083300","Av. Siqueira Campos","","Palmas","BR","2","0","5","155","-1","-10.292304","-48.332966","1782872109418","2026-07-01T02:15:09","78af3b54-3dea-4f10-8eb5-5fb4a34eaabb"
"2026-07-19T14:05:53","69755946","",,"Palmas","BR","1","0","5","23","-1","-10.258348","-48.316227","1784340945820","2026-07-18T02:15:45","151ee59d-9fc8-4482-9e04-b365b1e458b5"
"2026-07-19T14:05:53","260097476","",,"Palmas","BR","1","8.65","3","359","104","-10.271786","-48.308828","1784469405834","2026-07-19T13:56:45",
"2026-07-19T14:05:53","1693600118","Av. Siqueira Campos","","Palmas","BR","2","0","5","155","-1","-10.292304","-48.332966","1784081883010","2026-07-15T02:18:03","af3fc386-180b-4082-a64c-64efe9627b8d"
"2026-07-19T14:05:53","1764089184","",,"Palmas","BR","1","0","5","45","-1","-10.25844","-48.317041","1782872178272","2026-07-01T02:16:18","972e31c2-cd12-4c0a-b3ee-1530d2e74b4f"
"2026-07-19T14:05:53","202148510","Orla 14 Av. Orla","Orla 14 Al. 8","Palmas","BR","1","0","5","204","-1","-10.190127","-48.363185","1784410140272","2026-07-18T21:29:00","3291781c-27e8-4989-a13a-d0f9020b8883"
"2026-07-19T14:05:53","1693600032","",,"Palmas","BR","1","0","5","63","-1","-10.258354","-48.315834","1784081881899","2026-07-15T02:18:01","205a09b3-2e2f-4b45-86aa-4ea82a9ecd25"
"2026-07-19T14:05:53","1764118132","Av. Siqueira Campos","","Palmas","BR","2","0","5","327","-1","-10.294325","-48.33214","1782872110314","2026-07-01T02:15:10","2f08bda5-8a61-4942-836a-8f1ec7689705"
"2026-07-19T14:05:53","69751934","Rua 23","Rua Belo Horizonte","Taquarussu do Porto (Palmas)","BR","1","0","5","148","-1","-10.315312","-48.158983","1784340945928","2026-07-18T02:15:45","0c3944a0-e1e4-48dd-b26d-63d5822bfc7b"
"2026-07-19T14:05:53","1851288576","",,"Palmas","BR","1","0","5","36","-1","-10.258352","-48.316498","1784019161779","2026-07-14T08:52:41","341a3583-4137-4e82-bfbb-a67b5e845593"
"2026-07-19T14:05:53","1694226848","",,"Palmas","BR","1","0","5","15","-1","-10.258365","-48.316918","1783904330428","2026-07-13T00:58:50","06d504d6-dac0-4c04-9329-7777206ab7a2"
"2026-07-19T14:05:53","1697990376","Av. Siqueira Campos","","Palmas","BR","2","0","5","979","-1","-10.298359","-48.32771","1783909046043","2026-07-13T02:17:26","128eda9c-f215-485b-9c7c-a1544bb8c545"
"2026-07-19T14:05:53","1693573164","","","Palmas","BR","1","0","5","86","-1","-10.258278","-48.315151","1784081882190","2026-07-15T02:18:02","0584e645-bcd7-4670-a8e4-2c08a6763039"
"2026-07-19T14:05:53","1275283552","","Av. NS-10","Palmas","BR","1","0","5","70","-1","-10.258317","-48.317258","1782526649111","2026-06-27T02:17:29","3c3cc392-5d12-48d2-a44d-55f1688e96a0"
"2026-07-19T14:05:53","69720514","Rua 23","Rua Gregório Terêncio de Souza","Taquarussu do Porto (Palmas)","BR","1","0","5","148","-1","-10.315312","-48.158983","1784340945933","2026-07-18T02:15:45","bc88063a-0183-404d-bf0b-83ebca226941"
"2026-07-19T14:05:53","1693596122","",,"Palmas","BR","1","0","5","36","-1","-10.258352","-48.316498","1784081881899","2026-07-15T02:18:01","f6a9d158-cb4d-43ec-b26e-e2687cf324bf"
"2026-07-19T14:05:53","1693618776","",,"Palmas","BR","1","0","5","63","-1","-10.258354","-48.315834","1784081881640","2026-07-15T02:18:01","dc9d4e1f-8670-4b13-9612-de4df2989f38"
"2026-07-19T14:05:53","1211995990","",,"Palmas","BR","1","0","5","21","-1","-10.258363","-48.316757","1782353685339","2026-06-25T02:14:45","a82a13e5-2525-4021-aa92-7892a48c9f70"
"2026-07-19T14:05:53","1088566738","",,"Palmas","BR","1","0","5","41","-1","-10.258569","-48.317408","1783562302500","2026-07-09T01:58:22","9740383b-d7ef-4ff2-9da7-1b82984db198"
"2026-07-19T14:05:53","1877536026","",,"Palmas","BR","1","0","5","23","-1","-10.258348","-48.316227","1784194194365","2026-07-16T09:29:54","67a7d0d3-9d61-4acd-8315-250cecac9790"
"2026-07-19T14:05:53","1693600006","Av. Siqueira Campos","","Palmas","BR","2","0","5","327","-1","-10.294325","-48.33214","1784081881897","2026-07-15T02:18:01","2613c8db-9637-40d4-8e38-c2092c8c0dfc"
"2026-07-19T14:05:53","1090156748","Av. Siqueira Campos","","Palmas","BR","2","0","5","979","-1","-10.298359","-48.32771","1783563941797","2026-07-09T02:25:41","e944a470-62d5-4656-aaf0-087383708928"
"2026-07-19T14:05:53","202213622","Orla 14 Av. Orla","Orla 14 Al. 10","Palmas","BR","1","0","5","202","-1","-10.190245","-48.363339","1784410214172","2026-07-18T21:30:14","f6532310-ad61-458c-8024-9a03ea4a6507"
"2026-07-19T14:05:53","223991394","",,"Palmas","BR","1","0","5","21","-1","-10.258363","-48.316757","1783180963404","2026-07-04T16:02:43","d984add8-2949-4ac0-81b5-2aa666f8ed15"
"2026-07-19T14:05:53","1877412378","",,"Palmas","BR","1","0","5","86","-1","-10.258277","-48.315151","1784194127349","2026-07-16T09:28:47","95d9d88f-a5e9-4a1f-a5e3-d31635a7afc6"
"2026-07-19T15:06:57","1764083300","Av. Siqueira Campos","","Palmas","BR","2","0","5","155","-1","-10.292304","-48.332966","1782872109418","2026-07-01T02:15:09","78af3b54-3dea-4f10-8eb5-5fb4a34eaabb"
"2026-07-19T15:06:57","69755946","",,"Palmas","BR","1","0","5","23","-1","-10.258348","-48.316227","1784340945820","2026-07-18T02:15:45","151ee59d-9fc8-4482-9e04-b365b1e458b5"
"2026-07-19T15:06:57","1275283552","","Av. NS-10","Palmas","BR","1","0","5","70","-1","-10.258317","-48.317258","1782526649111","2026-06-27T02:17:29","3c3cc392-5d12-48d2-a44d-55f1688e96a0"
"2026-07-19T15:06:57","1693600118","Av. Siqueira Campos","","Palmas","BR","2","0","5","155","-1","-10.292304","-48.332966","1784081883010","2026-07-15T02:18:03","af3fc386-180b-4082-a64c-64efe9627b8d"
"2026-07-19T15:06:57","69720514","Rua 23","Rua Gregório Terêncio de Souza","Taquarussu do Porto (Palmas)","BR","1","0","5","148","-1","-10.315312","-48.158983","1784340945933","2026-07-18T02:15:45","bc88063a-0183-404d-bf0b-83ebca226941"
"2026-07-19T15:06:57","1764089184","",,"Palmas","BR","1","0","5","45","-1","-10.25844","-48.317041","1782872178272","2026-07-01T02:16:18","972e31c2-cd12-4c0a-b3ee-1530d2e74b4f"
"2026-07-19T15:06:57","537048452","ARSO 31 Al. 20","ARSO 31 Al. 21","Palmas","BR","1","2.15","4","167","255","-10.202235","-48.338501","1784473597607","2026-07-19T15:06:37",
"2026-07-19T15:06:57","1693596122","",,"Palmas","BR","1","0","5","36","-1","-10.258352","-48.316498","1784081881899","2026-07-15T02:18:01","f6a9d158-cb4d-43ec-b26e-e2687cf324bf"
"2026-07-19T15:06:57","1693618776","",,"Palmas","BR","1","0","5","63","-1","-10.258354","-48.315834","1784081881640","2026-07-15T02:18:01","dc9d4e1f-8670-4b13-9612-de4df2989f38"
"2026-07-19T15:06:57","1211995990","",,"Palmas","BR","1","0","5","21","-1","-10.258363","-48.316757","1782353685339","2026-06-25T02:14:45","a82a13e5-2525-4021-aa92-7892a48c9f70"
"2026-07-19T15:06:57","1088566738","",,"Palmas","BR","1","0","5","41","-1","-10.258569","-48.317408","1783562302500","2026-07-09T01:58:22","9740383b-d7ef-4ff2-9da7-1b82984db198"
"2026-07-19T15:06:57","202148510","Orla 14 Av. Orla","Orla 14 Al. 8","Palmas","BR","1","0","5","204","-1","-10.190127","-48.363185","1784410140272","2026-07-18T21:29:00","3291781c-27e8-4989-a13a-d0f9020b8883"
"2026-07-19T15:06:57","1877536026","",,"Palmas","BR","1","0","5","23","-1","-10.258348","-48.316227","1784194194365","2026-07-16T09:29:54","67a7d0d3-9d61-4acd-8315-250cecac9790"
"2026-07-19T15:06:57","1693600032","",,"Palmas","BR","1","0","5","63","-1","-10.258354","-48.315834","1784081881899","2026-07-15T02:18:01","205a09b3-2e2f-4b45-86aa-4ea82a9ecd25"
"2026-07-19T15:06:57","1764118132","Av. Siqueira Campos","","Palmas","BR","2","0","5","327","-1","-10.294325","-48.33214","1782872110314","2026-07-01T02:15:10","2f08bda5-8a61-4942-836a-8f1ec7689705"
"2026-07-19T15:06:57","1693600006","Av. Siqueira Campos","","Palmas","BR","2","0","5","327","-1","-10.294325","-48.33214","1784081881897","2026-07-15T02:18:01","2613c8db-9637-40d4-8e38-c2092c8c0dfc"
"2026-07-19T15:06:57","69751934","Rua 23","Rua Belo Horizonte","Taquarussu do Porto (Palmas)","BR","1","0","5","148","-1","-10.315312","-48.158983","1784340945928","2026-07-18T02:15:45","0c3944a0-e1e4-48dd-b26d-63d5822bfc7b"
"2026-07-19T15:06:57","1090156748","Av. Siqueira Campos","","Palmas","BR","2","0","5","979","-1","-10.298359","-48.32771","1783563941797","2026-07-09T02:25:41","e944a470-62d5-4656-aaf0-087383708928"
"2026-07-19T15:06:57","1851288576","",,"Palmas","BR","1","0","5","36","-1","-10.258352","-48.316498","1784019161779","2026-07-14T08:52:41","341a3583-4137-4e82-bfbb-a67b5e845593"
"2026-07-19T15:06:57","202213622","Orla 14 Av. Orla","Orla 14 Al. 10","Palmas","BR","1","0","5","202","-1","-10.190245","-48.363339","1784410214172","2026-07-18T21:30:14","f6532310-ad61-458c-8024-9a03ea4a6507"
"2026-07-19T15:06:57","1694226848","",,"Palmas","BR","1","0","5","15","-1","-10.258365","-48.316918","1783904330428","2026-07-13T00:58:50","06d504d6-dac0-4c04-9329-7777206ab7a2"
"2026-07-19T15:06:57","223991394","",,"Palmas","BR","1","0","5","21","-1","-10.258363","-48.316757","1783180963404","2026-07-04T16:02:43","d984add8-2949-4ac0-81b5-2aa666f8ed15"
"2026-07-19T15:06:57","1877412378","",,"Palmas","BR","1","0","5","86","-1","-10.258277","-48.315151","1784194127349","2026-07-16T09:28:47","95d9d88f-a5e9-4a1f-a5e3-d31635a7afc6"
"2026-07-19T15:06:57","1697990376","Av. Siqueira Campos","","Palmas","BR","2","0","5","979","-1","-10.298359","-48.32771","1783909046043","2026-07-13T02:17:26","128eda9c-f215-485b-9c7c-a1544bb8c545"
"2026-07-19T15:06:57","1693573164","","","Palmas","BR","1","0","5","86","-1","-10.258278","-48.315151","1784081882190","2026-07-15T02:18:02","0584e645-bcd7-4670-a8e4-2c08a6763039"
"2026-07-19T16:05:10","1764083300","Av. Siqueira Campos","","Palmas","BR","2","0","5","155","-1","-10.292304","-48.332966","1782872109418","2026-07-01T02:15:09","78af3b54-3dea-4f10-8eb5-5fb4a34eaabb"
"2026-07-19T16:05:10","69755946","",,"Palmas","BR","1","0","5","23","-1","-10.258348","-48.316227","1784340945820","2026-07-18T02:15:45","151ee59d-9fc8-4482-9e04-b365b1e458b5"
"2026-07-19T16:05:10","1275283552","","Av. NS-10","Palmas","BR","1","0","5","70","-1","-10.258317","-48.317258","1782526649111","2026-06-27T02:17:29","3c3cc392-5d12-48d2-a44d-55f1688e96a0"
"2026-07-19T16:05:10","1693600118","Av. Siqueira Campos","","Palmas","BR","2","0","5","155","-1","-10.292304","-48.332966","1784081883010","2026-07-15T02:18:03","af3fc386-180b-4082-a64c-64efe9627b8d"
"2026-07-19T16:05:10","1764089184","",,"Palmas","BR","1","0","5","45","-1","-10.25844","-48.317041","1782872178272","2026-07-01T02:16:18","972e31c2-cd12-4c0a-b3ee-1530d2e74b4f"
"2026-07-19T16:05:10","69720514","Rua 23","Rua Gregório Terêncio de Souza","Taquarussu do Porto (Palmas)","BR","1","0","5","148","-1","-10.315312","-48.158983","1784340945933","2026-07-18T02:15:45","bc88063a-0183-404d-bf0b-83ebca226941"
"2026-07-19T16:05:10","1693596122","",,"Palmas","BR","1","0","5","36","-1","-10.258352","-48.316498","1784081881899","2026-07-15T02:18:01","f6a9d158-cb4d-43ec-b26e-e2687cf324bf"
"2026-07-19T16:05:10","1693618776","",,"Palmas","BR","1","0","5","63","-1","-10.258354","-48.315834","1784081881640","2026-07-15T02:18:01","dc9d4e1f-8670-4b13-9612-de4df2989f38"
"2026-07-19T16:05:10","1211995990","",,"Palmas","BR","1","0","5","21","-1","-10.258363","-48.316757","1782353685339","2026-06-25T02:14:45","a82a13e5-2525-4021-aa92-7892a48c9f70"
"2026-07-19T16:05:10","1088566738","",,"Palmas","BR","1","0","5","41","-1","-10.258569","-48.317408","1783562302500","2026-07-09T01:58:22","9740383b-d7ef-4ff2-9da7-1b82984db198"
"2026-07-19T16:05:10","202148510","Orla 14 Av. Orla","Orla 14 Al. 8","Palmas","BR","1","0","5","204","-1","-10.190127","-48.363185","1784410140272","2026-07-18T21:29:00","3291781c-27e8-4989-a13a-d0f9020b8883"
"2026-07-19T16:05:10","1693600032","",,"Palmas","BR","1","0","5","63","-1","-10.258354","-48.315834","1784081881899","2026-07-15T02:18:01","205a09b3-2e2f-4b45-86aa-4ea82a9ecd25"
"2026-07-19T16:05:10","1877536026","",,"Palmas","BR","1","0","5","23","-1","-10.258348","-48.316227","1784194194365","2026-07-16T09:29:54","67a7d0d3-9d61-4acd-8315-250cecac9790"
"2026-07-19T16:05:10","1764118132","Av. Siqueira Campos","","Palmas","BR","2","0","5","327","-1","-10.294325","-48.33214","1782872110314","2026-07-01T02:15:10","2f08bda5-8a61-4942-836a-8f1ec7689705"
"2026-07-19T16:05:10","1693600006","Av. Siqueira Campos","","Palmas","BR","2","0","5","327","-1","-10.294325","-48.33214","1784081881897","2026-07-15T02:18:01","2613c8db-9637-40d4-8e38-c2092c8c0dfc"
"2026-07-19T16:05:10","1090156748","Av. Siqueira Campos","","Palmas","BR","2","0","5","979","-1","-10.298359","-48.32771","1783563941797","2026-07-09T02:25:41","e944a470-62d5-4656-aaf0-087383708928"
"2026-07-19T16:05:10","69751934","Rua 23","Rua Belo Horizonte","Taquarussu do Porto (Palmas)","BR","1","0","5","148","-1","-10.315312","-48.158983","1784340945928","2026-07-18T02:15:45","0c3944a0-e1e4-48dd-b26d-63d5822bfc7b"
"2026-07-19T16:05:10","1851288576","",,"Palmas","BR","1","0","5","36","-1","-10.258352","-48.316498","1784019161779","2026-07-14T08:52:41","341a3583-4137-4e82-bfbb-a67b5e845593"
"2026-07-19T16:05:10","202213622","Orla 14 Av. Orla","Orla 14 Al. 10","Palmas","BR","1","0","5","202","-1","-10.190245","-48.363339","1784410214172","2026-07-18T21:30:14","f6532310-ad61-458c-8024-9a03ea4a6507"
"2026-07-19T16:05:10","223991394","",,"Palmas","BR","1","0","5","21","-1","-10.258363","-48.316757","1783180963404","2026-07-04T16:02:43","d984add8-2949-4ac0-81b5-2aa666f8ed15"
"2026-07-19T16:05:10","1694226848","",,"Palmas","BR","1","0","5","15","-1","-10.258365","-48.316918","1783904330428","2026-07-13T00:58:50","06d504d6-dac0-4c04-9329-7777206ab7a2"
"2026-07-19T16:05:10","1877412378","",,"Palmas","BR","1","0","5","86","-1","-10.258277","-48.315151","1784194127349","2026-07-16T09:28:47","95d9d88f-a5e9-4a1f-a5e3-d31635a7afc6"
"2026-07-19T16:05:10","1693573164","","","Palmas","BR","1","0","5","86","-1","-10.258278","-48.315151","1784081882190","2026-07-15T02:18:02","0584e645-bcd7-4670-a8e4-2c08a6763039"
"2026-07-19T16:05:10","1697990376","Av. Siqueira Campos","","Palmas","BR","2","0","5","979","-1","-10.298359","-48.32771","1783909046043","2026-07-13T02:17:26","128eda9c-f215-485b-9c7c-a1544bb8c545"
"2026-07-19T17:09:57","1764083300","Av. Siqueira Campos","","Palmas","BR","2","0","5","155","-1","-10.292304","-48.332966","1782872109418","2026-07-01T02:15:09","78af3b54-3dea-4f10-8eb5-5fb4a34eaabb"
"2026-07-19T17:09:57","69755946","",,"Palmas","BR","1","0","5","23","-1","-10.258348","-48.316227","1784340945820","2026-07-18T02:15:45","151ee59d-9fc8-4482-9e04-b365b1e458b5"
"2026-07-19T17:09:57","1693600118","Av. Siqueira Campos","","Palmas","BR","2","0","5","155","-1","-10.292304","-48.332966","1784081883010","2026-07-15T02:18:03","af3fc386-180b-4082-a64c-64efe9627b8d"
"2026-07-19T17:09:57","1764089184","",,"Palmas","BR","1","0","5","45","-1","-10.25844","-48.317041","1782872178272","2026-07-01T02:16:18","972e31c2-cd12-4c0a-b3ee-1530d2e74b4f"
"2026-07-19T17:09:57","554847640","ACSU-SO 20 Rua NS-A","Av. LO-3","Palmas","BR","1","8.43","3","384","108","-10.194433","-48.334914","1784480902890","2026-07-19T17:08:22",
"2026-07-19T17:09:57","202148510","Orla 14 Av. Orla","Orla 14 Al. 8","Palmas","BR","1","0","5","204","-1","-10.190127","-48.363185","1784410140272","2026-07-18T21:29:00","3291781c-27e8-4989-a13a-d0f9020b8883"
"2026-07-19T17:09:57","1693600032","",,"Palmas","BR","1","0","5","63","-1","-10.258354","-48.315834","1784081881899","2026-07-15T02:18:01","205a09b3-2e2f-4b45-86aa-4ea82a9ecd25"
"2026-07-19T17:09:57","1764118132","Av. Siqueira Campos","","Palmas","BR","2","0","5","327","-1","-10.294325","-48.33214","1782872110314","2026-07-01T02:15:10","2f08bda5-8a61-4942-836a-8f1ec7689705"
"2026-07-19T17:09:57","69751934","Rua 23","Rua Belo Horizonte","Taquarussu do Porto (Palmas)","BR","1","0","5","148","-1","-10.315312","-48.158983","1784340945928","2026-07-18T02:15:45","0c3944a0-e1e4-48dd-b26d-63d5822bfc7b"
"2026-07-19T17:09:57","1851288576","",,"Palmas","BR","1","0","5","36","-1","-10.258352","-48.316498","1784019161779","2026-07-14T08:52:41","341a3583-4137-4e82-bfbb-a67b5e845593"
"2026-07-19T17:09:57","1694226848","",,"Palmas","BR","1","0","5","15","-1","-10.258365","-48.316918","1783904330428","2026-07-13T00:58:50","06d504d6-dac0-4c04-9329-7777206ab7a2"
"2026-07-19T17:09:57","1693573164","","","Palmas","BR","1","0","5","86","-1","-10.258278","-48.315151","1784081882190","2026-07-15T02:18:02","0584e645-bcd7-4670-a8e4-2c08a6763039"
"2026-07-19T17:09:57","1697990376","Av. Siqueira Campos","","Palmas","BR","2","0","5","979","-1","-10.298359","-48.32771","1783909046043","2026-07-13T02:17:26","128eda9c-f215-485b-9c7c-a1544bb8c545"
"2026-07-19T17:09:57","1275283552","","Av. NS-10","Palmas","BR","1","0","5","70","-1","-10.258317","-48.317258","1782526649111","2026-06-27T02:17:29","3c3cc392-5d12-48d2-a44d-55f1688e96a0"
"2026-07-19T17:09:57","69720514","Rua 23","Rua Gregório Terêncio de Souza","Taquarussu do Porto (Palmas)","BR","1","0","5","148","-1","-10.315312","-48.158983","1784340945933","2026-07-18T02:15:45","bc88063a-0183-404d-bf0b-83ebca226941"
"2026-07-19T17:09:57","1693596122","",,"Palmas","BR","1","0","5","36","-1","-10.258352","-48.316498","1784081881899","2026-07-15T02:18:01","f6a9d158-cb4d-43ec-b26e-e2687cf324bf"
"2026-07-19T17:09:57","1693618776","",,"Palmas","BR","1","0","5","63","-1","-10.258354","-48.315834","1784081881640","2026-07-15T02:18:01","dc9d4e1f-8670-4b13-9612-de4df2989f38"
"2026-07-19T17:09:57","1211995990","",,"Palmas","BR","1","0","5","21","-1","-10.258363","-48.316757","1782353685339","2026-06-25T02:14:45","a82a13e5-2525-4021-aa92-7892a48c9f70"
"2026-07-19T17:09:57","1088566738","",,"Palmas","BR","1","0","5","41","-1","-10.258569","-48.317408","1783562302500","2026-07-09T01:58:22","9740383b-d7ef-4ff2-9da7-1b82984db198"
"2026-07-19T17:09:57","1877536026","",,"Palmas","BR","1","0","5","23","-1","-10.258348","-48.316227","1784194194365","2026-07-16T09:29:54","67a7d0d3-9d61-4acd-8315-250cecac9790"
"2026-07-19T17:09:57","1693600006","Av. Siqueira Campos","","Palmas","BR","2","0","5","327","-1","-10.294325","-48.33214","1784081881897","2026-07-15T02:18:01","2613c8db-9637-40d4-8e38-c2092c8c0dfc"
"2026-07-19T17:09:57","1090156748","Av. Siqueira Campos","","Palmas","BR","2","0","5","979","-1","-10.298359","-48.32771","1783563941797","2026-07-09T02:25:41","e944a470-62d5-4656-aaf0-087383708928"
"2026-07-19T17:09:57","202213622","Orla 14 Av. Orla","Orla 14 Al. 10","Palmas","BR","1","0","5","202","-1","-10.190245","-48.363339","1784410214172","2026-07-18T21:30:14","f6532310-ad61-458c-8024-9a03ea4a6507"
"2026-07-19T17:09:57","223991394","",,"Palmas","BR","1","0","5","21","-1","-10.258363","-48.316757","1783180963404","2026-07-04T16:02:43","d984add8-2949-4ac0-81b5-2aa666f8ed15"
"2026-07-19T17:09:57","1877412378","",,"Palmas","BR","1","0","5","86","-1","-10.258277","-48.315151","1784194127349","2026-07-16T09:28:47","95d9d88f-a5e9-4a1f-a5e3-d31635a7afc6"
"2026-07-19T18:05:25","1764083300","Av. Siqueira Campos","","Palmas","BR","2","0","5","155","-1","-10.292304","-48.332966","1782872109418","2026-07-01T02:15:09","78af3b54-3dea-4f10-8eb5-5fb4a34eaabb"
"2026-07-19T18:05:25","69755946","",,"Palmas","BR","1","0","5","23","-1","-10.258348","-48.316227","1784340945820","2026-07-18T02:15:45","151ee59d-9fc8-4482-9e04-b365b1e458b5"
"2026-07-19T18:05:25","1693600118","Av. Siqueira Campos","","Palmas","BR","2","0","5","155","-1","-10.292304","-48.332966","1784081883010","2026-07-15T02:18:03","af3fc386-180b-4082-a64c-64efe9627b8d"
"2026-07-19T18:05:25","1764089184","",,"Palmas","BR","1","0","5","45","-1","-10.25844","-48.317041","1782872178272","2026-07-01T02:16:18","972e31c2-cd12-4c0a-b3ee-1530d2e74b4f"
"2026-07-19T18:05:25","202148510","Orla 14 Av. Orla","Orla 14 Al. 8","Palmas","BR","1","0","5","204","-1","-10.190127","-48.363185","1784410140272","2026-07-18T21:29:00","3291781c-27e8-4989-a13a-d0f9020b8883"
"2026-07-19T18:05:25","1693600032","",,"Palmas","BR","1","0","5","63","-1","-10.258354","-48.315834","1784081881899","2026-07-15T02:18:01","205a09b3-2e2f-4b45-86aa-4ea82a9ecd25"
"2026-07-19T18:05:25","1764118132","Av. Siqueira Campos","","Palmas","BR","2","0","5","327","-1","-10.294325","-48.33214","1782872110314","2026-07-01T02:15:10","2f08bda5-8a61-4942-836a-8f1ec7689705"
"2026-07-19T18:05:25","69751934","Rua 23","Rua Belo Horizonte","Taquarussu do Porto (Palmas)","BR","1","0","5","148","-1","-10.315312","-48.158983","1784340945928","2026-07-18T02:15:45","0c3944a0-e1e4-48dd-b26d-63d5822bfc7b"
"2026-07-19T18:05:25","1851288576","",,"Palmas","BR","1","0","5","36","-1","-10.258352","-48.316498","1784019161779","2026-07-14T08:52:41","341a3583-4137-4e82-bfbb-a67b5e845593"
"2026-07-19T18:05:25","1694226848","",,"Palmas","BR","1","0","5","15","-1","-10.258365","-48.316918","1783904330428","2026-07-13T00:58:50","06d504d6-dac0-4c04-9329-7777206ab7a2"
"2026-07-19T18:05:25","1693573164","","","Palmas","BR","1","0","5","86","-1","-10.258278","-48.315151","1784081882190","2026-07-15T02:18:02","0584e645-bcd7-4670-a8e4-2c08a6763039"
"2026-07-19T18:05:25","1697990376","Av. Siqueira Campos","","Palmas","BR","2","0","5","979","-1","-10.298359","-48.32771","1783909046043","2026-07-13T02:17:26","128eda9c-f215-485b-9c7c-a1544bb8c545"
"2026-07-19T18:05:25","1275283552","","Av. NS-10","Palmas","BR","1","0","5","70","-1","-10.258317","-48.317258","1782526649111","2026-06-27T02:17:29","3c3cc392-5d12-48d2-a44d-55f1688e96a0"
"2026-07-19T18:05:25","69720514","Rua 23","Rua Gregório Terêncio de Souza","Taquarussu do Porto (Palmas)","BR","1","0","5","148","-1","-10.315312","-48.158983","1784340945933","2026-07-18T02:15:45","bc88063a-0183-404d-bf0b-83ebca226941"
"2026-07-19T18:05:25","1693596122","",,"Palmas","BR","1","0","5","36","-1","-10.258352","-48.316498","1784081881899","2026-07-15T02:18:01","f6a9d158-cb4d-43ec-b26e-e2687cf324bf"
"2026-07-19T18:05:25","1693618776","",,"Palmas","BR","1","0","5","63","-1","-10.258354","-48.315834","1784081881640","2026-07-15T02:18:01","dc9d4e1f-8670-4b13-9612-de4df2989f38"
"2026-07-19T18:05:25","1211995990","",,"Palmas","BR","1","0","5","21","-1","-10.258363","-48.316757","1782353685339","2026-06-25T02:14:45","a82a13e5-2525-4021-aa92-7892a48c9f70"
"2026-07-19T18:05:25","1088566738","",,"Palmas","BR","1","0","5","41","-1","-10.258569","-48.317408","1783562302500","2026-07-09T01:58:22","9740383b-d7ef-4ff2-9da7-1b82984db198"
"2026-07-19T18:05:25","1877536026","",,"Palmas","BR","1","0","5","23","-1","-10.258348","-48.316227","1784194194365","2026-07-16T09:29:54","67a7d0d3-9d61-4acd-8315-250cecac9790"
"2026-07-19T18:05:25","1693600006","Av. Siqueira Campos","","Palmas","BR","2","0","5","327","-1","-10.294325","-48.33214","1784081881897","2026-07-15T02:18:01","2613c8db-9637-40d4-8e38-c2092c8c0dfc"
"2026-07-19T18:05:25","562331762","","Taquarussu do Porto (Palmas)","Taquarussu do Porto (Palmas)","BR","1","27.55","2","1523","103","-10.285145","-48.138142","1784484014431","2026-07-19T18:00:14",
"2026-07-19T18:05:25","1090156748","Av. Siqueira Campos","","Palmas","BR","2","0","5","979","-1","-10.298359","-48.32771","1783563941797","2026-07-09T02:25:41","e944a470-62d5-4656-aaf0-087383708928"
"2026-07-19T18:05:25","562246010","TO-030","Taquarussu do Porto (Palmas)","Taquarussu do Porto (Palmas)","BR","7","35.9","1","2439","94","-10.300928","-48.141816","1784484014384","2026-07-19T18:00:14",
"2026-07-19T18:05:25","202213622","Orla 14 Av. Orla","Orla 14 Al. 10","Palmas","BR","1","0","5","202","-1","-10.190245","-48.363339","1784410214172","2026-07-18T21:30:14","f6532310-ad61-458c-8024-9a03ea4a6507"
"2026-07-19T18:05:25","223991394","",,"Palmas","BR","1","0","5","21","-1","-10.258363","-48.316757","1783180963404","2026-07-04T16:02:43","d984add8-2949-4ac0-81b5-2aa666f8ed15"
"2026-07-19T18:05:25","1877412378","",,"Palmas","BR","1","0","5","86","-1","-10.258277","-48.315151","1784194127349","2026-07-16T09:28:47","95d9d88f-a5e9-4a1f-a5e3-d31635a7afc6"
"2026-07-19T19:19:37","1764083300","Av. Siqueira Campos","","Palmas","BR","2","0","5","155","-1","-10.292304","-48.332966","1782872109418","2026-07-01T02:15:09","78af3b54-3dea-4f10-8eb5-5fb4a34eaabb"
"2026-07-19T19:19:37","69755946","",,"Palmas","BR","1","0","5","23","-1","-10.258348","-48.316227","1784340945820","2026-07-18T02:15:45","151ee59d-9fc8-4482-9e04-b365b1e458b5"
"2026-07-19T19:19:37","1275283552","","Av. NS-10","Palmas","BR","1","0","5","70","-1","-10.258317","-48.317258","1782526649111","2026-06-27T02:17:29","3c3cc392-5d12-48d2-a44d-55f1688e96a0"
"2026-07-19T19:19:37","1693600118","Av. Siqueira Campos","","Palmas","BR","2","0","5","155","-1","-10.292304","-48.332966","1784081883010","2026-07-15T02:18:03","af3fc386-180b-4082-a64c-64efe9627b8d"
"2026-07-19T19:19:37","69720514","Rua 23","Rua Gregório Terêncio de Souza","Taquarussu do Porto (Palmas)","BR","1","0","5","148","-1","-10.315312","-48.158983","1784340945933","2026-07-18T02:15:45","bc88063a-0183-404d-bf0b-83ebca226941"
"2026-07-19T19:19:37","1764089184","",,"Palmas","BR","1","0","5","45","-1","-10.25844","-48.317041","1782872178272","2026-07-01T02:16:18","972e31c2-cd12-4c0a-b3ee-1530d2e74b4f"
"2026-07-19T19:19:37","1693596122","",,"Palmas","BR","1","0","5","36","-1","-10.258352","-48.316498","1784081881899","2026-07-15T02:18:01","f6a9d158-cb4d-43ec-b26e-e2687cf324bf"
"2026-07-19T19:19:37","1693618776","",,"Palmas","BR","1","0","5","63","-1","-10.258354","-48.315834","1784081881640","2026-07-15T02:18:01","dc9d4e1f-8670-4b13-9612-de4df2989f38"
"2026-07-19T19:19:37","1211995990","",,"Palmas","BR","1","0","5","21","-1","-10.258363","-48.316757","1782353685339","2026-06-25T02:14:45","a82a13e5-2525-4021-aa92-7892a48c9f70"
"2026-07-19T19:19:37","571134820","TO-020","","Palmas","BR","6","17.26","3","578","93","-10.235957","-48.30419","1784488360744","2026-07-19T19:12:40",
"2026-07-19T19:19:37","1088566738","",,"Palmas","BR","1","0","5","41","-1","-10.258569","-48.317408","1783562302500","2026-07-09T01:58:22","9740383b-d7ef-4ff2-9da7-1b82984db198"
"2026-07-19T19:19:37","202148510","Orla 14 Av. Orla","Orla 14 Al. 8","Palmas","BR","1","0","5","204","-1","-10.190127","-48.363185","1784410140272","2026-07-18T21:29:00","3291781c-27e8-4989-a13a-d0f9020b8883"
"2026-07-19T19:19:37","1877536026","",,"Palmas","BR","1","0","5","23","-1","-10.258348","-48.316227","1784194194365","2026-07-16T09:29:54","67a7d0d3-9d61-4acd-8315-250cecac9790"
"2026-07-19T19:19:37","1693600032","",,"Palmas","BR","1","0","5","63","-1","-10.258354","-48.315834","1784081881899","2026-07-15T02:18:01","205a09b3-2e2f-4b45-86aa-4ea82a9ecd25"
"2026-07-19T19:19:37","1764118132","Av. Siqueira Campos","","Palmas","BR","2","0","5","327","-1","-10.294325","-48.33214","1782872110314","2026-07-01T02:15:10","2f08bda5-8a61-4942-836a-8f1ec7689705"
"2026-07-19T19:19:37","1693600006","Av. Siqueira Campos","","Palmas","BR","2","0","5","327","-1","-10.294325","-48.33214","1784081881897","2026-07-15T02:18:01","2613c8db-9637-40d4-8e38-c2092c8c0dfc"
"2026-07-19T19:19:37","69751934","Rua 23","Rua Belo Horizonte","Taquarussu do Porto (Palmas)","BR","1","0","5","148","-1","-10.315312","-48.158983","1784340945928","2026-07-18T02:15:45","0c3944a0-e1e4-48dd-b26d-63d5822bfc7b"
"2026-07-19T19:19:37","1851288576","",,"Palmas","BR","1","0","5","36","-1","-10.258352","-48.316498","1784019161779","2026-07-14T08:52:41","341a3583-4137-4e82-bfbb-a67b5e845593"
"2026-07-19T19:19:37","202213622","Orla 14 Av. Orla","Orla 14 Al. 10","Palmas","BR","1","0","5","202","-1","-10.190245","-48.363339","1784410214172","2026-07-18T21:30:14","f6532310-ad61-458c-8024-9a03ea4a6507"
"2026-07-19T19:19:37","1694226848","",,"Palmas","BR","1","0","5","15","-1","-10.258365","-48.316918","1783904330428","2026-07-13T00:58:50","06d504d6-dac0-4c04-9329-7777206ab7a2"
"2026-07-19T19:19:37","223991394","",,"Palmas","BR","1","0","5","21","-1","-10.258363","-48.316757","1783180963404","2026-07-04T16:02:43","d984add8-2949-4ac0-81b5-2aa666f8ed15"
"2026-07-19T19:19:37","1877412378","",,"Palmas","BR","1","0","5","86","-1","-10.258277","-48.315151","1784194127349","2026-07-16T09:28:47","95d9d88f-a5e9-4a1f-a5e3-d31635a7afc6"
"2026-07-19T19:19:37","1693573164","","","Palmas","BR","1","0","5","86","-1","-10.258278","-48.315151","1784081882190","2026-07-15T02:18:02","0584e645-bcd7-4670-a8e4-2c08a6763039"
"2026-07-19T19:19:37","571215698","Av. LO-12","","Palmas","BR","2","14.53","3","699","126","-10.172608","-48.315791","1784488431672","2026-07-19T19:13:51",
"2026-07-19T20:12:24","1764083300","Av. Siqueira Campos","","Palmas","BR","2","0","5","155","-1","-10.292304","-48.332966","1782872109418","2026-07-01T02:15:09","78af3b54-3dea-4f10-8eb5-5fb4a34eaabb"
"2026-07-19T20:12:24","69755946","",,"Palmas","BR","1","0","5","23","-1","-10.258348","-48.316227","1784340945820","2026-07-18T02:15:45","151ee59d-9fc8-4482-9e04-b365b1e458b5"
"2026-07-19T20:12:24","1275283552","","Av. NS-10","Palmas","BR","1","0","5","70","-1","-10.258317","-48.317258","1782526649111","2026-06-27T02:17:29","3c3cc392-5d12-48d2-a44d-55f1688e96a0"
"2026-07-19T20:12:24","1693600118","Av. Siqueira Campos","","Palmas","BR","2","0","5","155","-1","-10.292304","-48.332966","1784081883010","2026-07-15T02:18:03","af3fc386-180b-4082-a64c-64efe9627b8d"
"2026-07-19T20:12:24","69720514","Rua 23","Rua Gregório Terêncio de Souza","Taquarussu do Porto (Palmas)","BR","1","0","5","148","-1","-10.315312","-48.158983","1784340945933","2026-07-18T02:15:45","bc88063a-0183-404d-bf0b-83ebca226941"
"2026-07-19T20:12:24","1764089184","",,"Palmas","BR","1","0","5","45","-1","-10.25844","-48.317041","1782872178272","2026-07-01T02:16:18","972e31c2-cd12-4c0a-b3ee-1530d2e74b4f"
"2026-07-19T20:12:24","1693596122","",,"Palmas","BR","1","0","5","36","-1","-10.258352","-48.316498","1784081881899","2026-07-15T02:18:01","f6a9d158-cb4d-43ec-b26e-e2687cf324bf"
"2026-07-19T20:12:24","1693618776","",,"Palmas","BR","1","0","5","63","-1","-10.258354","-48.315834","1784081881640","2026-07-15T02:18:01","dc9d4e1f-8670-4b13-9612-de4df2989f38"
"2026-07-19T20:12:24","1211995990","",,"Palmas","BR","1","0","5","21","-1","-10.258363","-48.316757","1782353685339","2026-06-25T02:14:45","a82a13e5-2525-4021-aa92-7892a48c9f70"
"2026-07-19T20:12:24","1088566738","",,"Palmas","BR","1","0","5","41","-1","-10.258569","-48.317408","1783562302500","2026-07-09T01:58:22","9740383b-d7ef-4ff2-9da7-1b82984db198"
"2026-07-19T20:12:24","202148510","Orla 14 Av. Orla","Orla 14 Al. 8","Palmas","BR","1","0","5","204","-1","-10.190127","-48.363185","1784410140272","2026-07-18T21:29:00","3291781c-27e8-4989-a13a-d0f9020b8883"
"2026-07-19T20:12:24","1877536026","",,"Palmas","BR","1","0","5","23","-1","-10.258348","-48.316227","1784194194365","2026-07-16T09:29:54","67a7d0d3-9d61-4acd-8315-250cecac9790"
"2026-07-19T20:12:24","1693600032","",,"Palmas","BR","1","0","5","63","-1","-10.258354","-48.315834","1784081881899","2026-07-15T02:18:01","205a09b3-2e2f-4b45-86aa-4ea82a9ecd25"
"2026-07-19T20:12:24","1764118132","Av. Siqueira Campos","","Palmas","BR","2","0","5","327","-1","-10.294325","-48.33214","1782872110314","2026-07-01T02:15:10","2f08bda5-8a61-4942-836a-8f1ec7689705"
"2026-07-19T20:12:24","1693600006","Av. Siqueira Campos","","Palmas","BR","2","0","5","327","-1","-10.294325","-48.33214","1784081881897","2026-07-15T02:18:01","2613c8db-9637-40d4-8e38-c2092c8c0dfc"
"2026-07-19T20:12:24","69751934","Rua 23","Rua Belo Horizonte","Taquarussu do Porto (Palmas)","BR","1","0","5","148","-1","-10.315312","-48.158983","1784340945928","2026-07-18T02:15:45","0c3944a0-e1e4-48dd-b26d-63d5822bfc7b"
"2026-07-19T20:12:24","1851288576","",,"Palmas","BR","1","0","5","36","-1","-10.258352","-48.316498","1784019161779","2026-07-14T08:52:41","341a3583-4137-4e82-bfbb-a67b5e845593"
"2026-07-19T20:12:24","202213622","Orla 14 Av. Orla","Orla 14 Al. 10","Palmas","BR","1","0","5","202","-1","-10.190245","-48.363339","1784410214172","2026-07-18T21:30:14","f6532310-ad61-458c-8024-9a03ea4a6507"
"2026-07-19T20:12:24","1694226848","",,"Palmas","BR","1","0","5","15","-1","-10.258365","-48.316918","1783904330428","2026-07-13T00:58:50","06d504d6-dac0-4c04-9329-7777206ab7a2"
"2026-07-19T20:12:24","223991394","",,"Palmas","BR","1","0","5","21","-1","-10.258363","-48.316757","1783180963404","2026-07-04T16:02:43","d984add8-2949-4ac0-81b5-2aa666f8ed15"
"2026-07-19T20:12:24","574644028","",,"Palmas","BR","1","3.81","4","163","136","-10.334464","-48.360027","1784491784770","2026-07-19T20:09:44",
"2026-07-19T20:12:24","1877412378","",,"Palmas","BR","1","0","5","86","-1","-10.258277","-48.315151","1784194127349","2026-07-16T09:28:47","95d9d88f-a5e9-4a1f-a5e3-d31635a7afc6"
"2026-07-19T20:12:24","1693573164","","","Palmas","BR","1","0","5","86","-1","-10.258278","-48.315151","1784081882190","2026-07-15T02:18:02","0584e645-bcd7-4670-a8e4-2c08a6763039"
"2026-07-19T21:05:43","1764083300","Av. Siqueira Campos","","Palmas","BR","2","0","5","155","-1","-10.292304","-48.332966","1782872109418","2026-07-01T02:15:09","78af3b54-3dea-4f10-8eb5-5fb4a34eaabb"
"2026-07-19T21:05:43","69755946","",,"Palmas","BR","1","0","5","23","-1","-10.258348","-48.316227","1784340945820","2026-07-18T02:15:45","151ee59d-9fc8-4482-9e04-b365b1e458b5"
"2026-07-19T21:05:43","1275283552","","Av. NS-10","Palmas","BR","1","0","5","70","-1","-10.258317","-48.317258","1782526649111","2026-06-27T02:17:29","3c3cc392-5d12-48d2-a44d-55f1688e96a0"
"2026-07-19T21:05:43","1693600118","Av. Siqueira Campos","","Palmas","BR","2","0","5","155","-1","-10.292304","-48.332966","1784081883010","2026-07-15T02:18:03","af3fc386-180b-4082-a64c-64efe9627b8d"
"2026-07-19T21:05:43","69720514","Rua 23","Rua Gregório Terêncio de Souza","Taquarussu do Porto (Palmas)","BR","1","0","5","148","-1","-10.315312","-48.158983","1784340945933","2026-07-18T02:15:45","bc88063a-0183-404d-bf0b-83ebca226941"
"2026-07-19T21:05:43","1764089184","",,"Palmas","BR","1","0","5","45","-1","-10.25844","-48.317041","1782872178272","2026-07-01T02:16:18","972e31c2-cd12-4c0a-b3ee-1530d2e74b4f"
"2026-07-19T21:05:43","1693596122","",,"Palmas","BR","1","0","5","36","-1","-10.258352","-48.316498","1784081881899","2026-07-15T02:18:01","f6a9d158-cb4d-43ec-b26e-e2687cf324bf"
"2026-07-19T21:05:43","1693618776","",,"Palmas","BR","1","0","5","63","-1","-10.258354","-48.315834","1784081881640","2026-07-15T02:18:01","dc9d4e1f-8670-4b13-9612-de4df2989f38"
"2026-07-19T21:05:43","1211995990","",,"Palmas","BR","1","0","5","21","-1","-10.258363","-48.316757","1782353685339","2026-06-25T02:14:45","a82a13e5-2525-4021-aa92-7892a48c9f70"
"2026-07-19T21:05:43","1088566738","",,"Palmas","BR","1","0","5","41","-1","-10.258569","-48.317408","1783562302500","2026-07-09T01:58:22","9740383b-d7ef-4ff2-9da7-1b82984db198"
"2026-07-19T21:05:43","202148510","Orla 14 Av. Orla","Orla 14 Al. 8","Palmas","BR","1","0","5","204","-1","-10.190127","-48.363185","1784410140272","2026-07-18T21:29:00","3291781c-27e8-4989-a13a-d0f9020b8883"
"2026-07-19T21:05:43","1877536026","",,"Palmas","BR","1","0","5","23","-1","-10.258348","-48.316227","1784194194365","2026-07-16T09:29:54","67a7d0d3-9d61-4acd-8315-250cecac9790"
"2026-07-19T21:05:43","1693600032","",,"Palmas","BR","1","0","5","63","-1","-10.258354","-48.315834","1784081881899","2026-07-15T02:18:01","205a09b3-2e2f-4b45-86aa-4ea82a9ecd25"
"2026-07-19T21:05:43","1764118132","Av. Siqueira Campos","","Palmas","BR","2","0","5","327","-1","-10.294325","-48.33214","1782872110314","2026-07-01T02:15:10","2f08bda5-8a61-4942-836a-8f1ec7689705"
"2026-07-19T21:05:43","1693600006","Av. Siqueira Campos","","Palmas","BR","2","0","5","327","-1","-10.294325","-48.33214","1784081881897","2026-07-15T02:18:01","2613c8db-9637-40d4-8e38-c2092c8c0dfc"
"2026-07-19T21:05:43","69751934","Rua 23","Rua Belo Horizonte","Taquarussu do Porto (Palmas)","BR","1","0","5","148","-1","-10.315312","-48.158983","1784340945928","2026-07-18T02:15:45","0c3944a0-e1e4-48dd-b26d-63d5822bfc7b"
"2026-07-19T21:05:43","1851288576","",,"Palmas","BR","1","0","5","36","-1","-10.258352","-48.316498","1784019161779","2026-07-14T08:52:41","341a3583-4137-4e82-bfbb-a67b5e845593"
"2026-07-19T21:05:43","576690052","Orla 14 Av. Orla","Orla 14 Al. 8","Palmas","BR","1","6.53","3","223","90","-10.187808","-48.363448","1784495014641","2026-07-19T21:03:34",
"2026-07-19T21:05:43","202213622","Orla 14 Av. Orla","Orla 14 Al. 10","Palmas","BR","1","0","5","202","-1","-10.190245","-48.363339","1784410214172","2026-07-18T21:30:14","f6532310-ad61-458c-8024-9a03ea4a6507"
"2026-07-19T21:05:43","1694226848","",,"Palmas","BR","1","0","5","15","-1","-10.258365","-48.316918","1783904330428","2026-07-13T00:58:50","06d504d6-dac0-4c04-9329-7777206ab7a2"
"2026-07-19T21:05:43","223991394","",,"Palmas","BR","1","0","5","21","-1","-10.258363","-48.316757","1783180963404","2026-07-04T16:02:43","d984add8-2949-4ac0-81b5-2aa666f8ed15"
"2026-07-19T21:05:43","1693573164","","","Palmas","BR","1","0","5","86","-1","-10.258278","-48.315151","1784081882190","2026-07-15T02:18:02","0584e645-bcd7-4670-a8e4-2c08a6763039"
"2026-07-19T21:05:43","1877412378","",,"Palmas","BR","1","0","5","86","-1","-10.258277","-48.315151","1784194127349","2026-07-16T09:28:47","95d9d88f-a5e9-4a1f-a5e3-d31635a7afc6"
"2026-07-19T22:02:11","1764083300","Av. Siqueira Campos","","Palmas","BR","2","0","5","155","-1","-10.292304","-48.332966","1782872109418","2026-07-01T02:15:09","78af3b54-3dea-4f10-8eb5-5fb4a34eaabb"
"2026-07-19T22:02:11","69755946","",,"Palmas","BR","1","0","5","23","-1","-10.258348","-48.316227","1784340945820","2026-07-18T02:15:45","151ee59d-9fc8-4482-9e04-b365b1e458b5"
"2026-07-19T22:02:11","1275283552","","Av. NS-10","Palmas","BR","1","0","5","70","-1","-10.258317","-48.317258","1782526649111","2026-06-27T02:17:29","3c3cc392-5d12-48d2-a44d-55f1688e96a0"
"2026-07-19T22:02:11","1693600118","Av. Siqueira Campos","","Palmas","BR","2","0","5","155","-1","-10.292304","-48.332966","1784081883010","2026-07-15T02:18:03","af3fc386-180b-4082-a64c-64efe9627b8d"
"2026-07-19T22:02:11","69720514","Rua 23","Rua Gregório Terêncio de Souza","Taquarussu do Porto (Palmas)","BR","1","0","5","148","-1","-10.315312","-48.158983","1784340945933","2026-07-18T02:15:45","bc88063a-0183-404d-bf0b-83ebca226941"
"2026-07-19T22:02:11","1764089184","",,"Palmas","BR","1","0","5","45","-1","-10.25844","-48.317041","1782872178272","2026-07-01T02:16:18","972e31c2-cd12-4c0a-b3ee-1530d2e74b4f"
"2026-07-19T22:02:11","1693596122","",,"Palmas","BR","1","0","5","36","-1","-10.258352","-48.316498","1784081881899","2026-07-15T02:18:01","f6a9d158-cb4d-43ec-b26e-e2687cf324bf"
"2026-07-19T22:02:11","1693618776","",,"Palmas","BR","1","0","5","63","-1","-10.258354","-48.315834","1784081881640","2026-07-15T02:18:01","dc9d4e1f-8670-4b13-9612-de4df2989f38"
"2026-07-19T22:02:11","1211995990","",,"Palmas","BR","1","0","5","21","-1","-10.258363","-48.316757","1782353685339","2026-06-25T02:14:45","a82a13e5-2525-4021-aa92-7892a48c9f70"
"2026-07-19T22:02:11","1088566738","",,"Palmas","BR","1","0","5","41","-1","-10.258569","-48.317408","1783562302500","2026-07-09T01:58:22","9740383b-d7ef-4ff2-9da7-1b82984db198"
"2026-07-19T22:02:11","202148510","Orla 14 Av. Orla","Orla 14 Al. 8","Palmas","BR","1","0","5","204","-1","-10.190127","-48.363185","1784410140272","2026-07-18T21:29:00","3291781c-27e8-4989-a13a-d0f9020b8883"
"2026-07-19T22:02:11","1877536026","",,"Palmas","BR","1","0","5","23","-1","-10.258348","-48.316227","1784194194365","2026-07-16T09:29:54","67a7d0d3-9d61-4acd-8315-250cecac9790"
"2026-07-19T22:02:11","1693600032","",,"Palmas","BR","1","0","5","63","-1","-10.258354","-48.315834","1784081881899","2026-07-15T02:18:01","205a09b3-2e2f-4b45-86aa-4ea82a9ecd25"
"2026-07-19T22:02:11","1764118132","Av. Siqueira Campos","","Palmas","BR","2","0","5","327","-1","-10.294325","-48.33214","1782872110314","2026-07-01T02:15:10","2f08bda5-8a61-4942-836a-8f1ec7689705"
"2026-07-19T22:02:11","1693600006","Av. Siqueira Campos","","Palmas","BR","2","0","5","327","-1","-10.294325","-48.33214","1784081881897","2026-07-15T02:18:01","2613c8db-9637-40d4-8e38-c2092c8c0dfc"
"2026-07-19T22:02:11","69751934","Rua 23","Rua Belo Horizonte","Taquarussu do Porto (Palmas)","BR","1","0","5","148","-1","-10.315312","-48.158983","1784340945928","2026-07-18T02:15:45","0c3944a0-e1e4-48dd-b26d-63d5822bfc7b"
"2026-07-19T22:02:11","1851288576","",,"Palmas","BR","1","0","5","36","-1","-10.258352","-48.316498","1784019161779","2026-07-14T08:52:41","341a3583-4137-4e82-bfbb-a67b5e845593"
"2026-07-19T22:02:11","202213622","Orla 14 Av. Orla","Orla 14 Al. 10","Palmas","BR","1","0","5","202","-1","-10.190245","-48.363339","1784410214172","2026-07-18T21:30:14","f6532310-ad61-458c-8024-9a03ea4a6507"
"2026-07-19T22:02:11","1694226848","",,"Palmas","BR","1","0","5","15","-1","-10.258365","-48.316918","1783904330428","2026-07-13T00:58:50","06d504d6-dac0-4c04-9329-7777206ab7a2"
"2026-07-19T22:02:11","223991394","",,"Palmas","BR","1","0","5","21","-1","-10.258363","-48.316757","1783180963404","2026-07-04T16:02:43","d984add8-2949-4ac0-81b5-2aa666f8ed15"
"2026-07-19T22:02:11","1877412378","",,"Palmas","BR","1","0","5","86","-1","-10.258277","-48.315151","1784194127349","2026-07-16T09:28:47","95d9d88f-a5e9-4a1f-a5e3-d31635a7afc6"
"2026-07-19T22:02:11","1693573164","","","Palmas","BR","1","0","5","86","-1","-10.258278","-48.315151","1784081882190","2026-07-15T02:18:02","0584e645-bcd7-4670-a8e4-2c08a6763039"
"2026-07-19T22:57:43","1764083300","Av. Siqueira Campos","","Palmas","BR","2","0","5","155","-1","-10.292304","-48.332966","1782872109418","2026-07-01T02:15:09","78af3b54-3dea-4f10-8eb5-5fb4a34eaabb"
"2026-07-19T22:57:43","69755946","",,"Palmas","BR","1","0","5","23","-1","-10.258348","-48.316227","1784340945820","2026-07-18T02:15:45","151ee59d-9fc8-4482-9e04-b365b1e458b5"
"2026-07-19T22:57:43","1275283552","","Av. NS-10","Palmas","BR","1","0","5","70","-1","-10.258317","-48.317258","1782526649111","2026-06-27T02:17:29","3c3cc392-5d12-48d2-a44d-55f1688e96a0"
"2026-07-19T22:57:43","1693600118","Av. Siqueira Campos","","Palmas","BR","2","0","5","155","-1","-10.292304","-48.332966","1784081883010","2026-07-15T02:18:03","af3fc386-180b-4082-a64c-64efe9627b8d"
"2026-07-19T22:57:43","69720514","Rua 23","Rua Gregório Terêncio de Souza","Taquarussu do Porto (Palmas)","BR","1","0","5","148","-1","-10.315312","-48.158983","1784340945933","2026-07-18T02:15:45","bc88063a-0183-404d-bf0b-83ebca226941"
"2026-07-19T22:57:43","1764089184","",,"Palmas","BR","1","0","5","45","-1","-10.25844","-48.317041","1782872178272","2026-07-01T02:16:18","972e31c2-cd12-4c0a-b3ee-1530d2e74b4f"
"2026-07-19T22:57:43","1693596122","",,"Palmas","BR","1","0","5","36","-1","-10.258352","-48.316498","1784081881899","2026-07-15T02:18:01","f6a9d158-cb4d-43ec-b26e-e2687cf324bf"
"2026-07-19T22:57:43","1693618776","",,"Palmas","BR","1","0","5","63","-1","-10.258354","-48.315834","1784081881640","2026-07-15T02:18:01","dc9d4e1f-8670-4b13-9612-de4df2989f38"
"2026-07-19T22:57:43","1211995990","",,"Palmas","BR","1","0","5","21","-1","-10.258363","-48.316757","1782353685339","2026-06-25T02:14:45","a82a13e5-2525-4021-aa92-7892a48c9f70"
"2026-07-19T22:57:43","1088566738","",,"Palmas","BR","1","0","5","41","-1","-10.258569","-48.317408","1783562302500","2026-07-09T01:58:22","9740383b-d7ef-4ff2-9da7-1b82984db198"
"2026-07-19T22:57:43","202148510","Orla 14 Av. Orla","Orla 14 Al. 8","Palmas","BR","1","0","5","204","-1","-10.190127","-48.363185","1784410140272","2026-07-18T21:29:00","3291781c-27e8-4989-a13a-d0f9020b8883"
"2026-07-19T22:57:43","1877536026","",,"Palmas","BR","1","0","5","23","-1","-10.258348","-48.316227","1784194194365","2026-07-16T09:29:54","67a7d0d3-9d61-4acd-8315-250cecac9790"
"2026-07-19T22:57:43","1693600032","",,"Palmas","BR","1","0","5","63","-1","-10.258354","-48.315834","1784081881899","2026-07-15T02:18:01","205a09b3-2e2f-4b45-86aa-4ea82a9ecd25"
"2026-07-19T22:57:43","1764118132","Av. Siqueira Campos","","Palmas","BR","2","0","5","327","-1","-10.294325","-48.33214","1782872110314","2026-07-01T02:15:10","2f08bda5-8a61-4942-836a-8f1ec7689705"
"2026-07-19T22:57:43","1693600006","Av. Siqueira Campos","","Palmas","BR","2","0","5","327","-1","-10.294325","-48.33214","1784081881897","2026-07-15T02:18:01","2613c8db-9637-40d4-8e38-c2092c8c0dfc"
"2026-07-19T22:57:43","69751934","Rua 23","Rua Belo Horizonte","Taquarussu do Porto (Palmas)","BR","1","0","5","148","-1","-10.315312","-48.158983","1784340945928","2026-07-18T02:15:45","0c3944a0-e1e4-48dd-b26d-63d5822bfc7b"
"2026-07-19T22:57:43","1851288576","",,"Palmas","BR","1","0","5","36","-1","-10.258352","-48.316498","1784019161779","2026-07-14T08:52:41","341a3583-4137-4e82-bfbb-a67b5e845593"
"2026-07-19T22:57:43","202213622","Orla 14 Av. Orla","Orla 14 Al. 10","Palmas","BR","1","0","5","202","-1","-10.190245","-48.363339","1784410214172","2026-07-18T21:30:14","f6532310-ad61-458c-8024-9a03ea4a6507"
"2026-07-19T22:57:43","1694226848","",,"Palmas","BR","1","0","5","15","-1","-10.258365","-48.316918","1783904330428","2026-07-13T00:58:50","06d504d6-dac0-4c04-9329-7777206ab7a2"
"2026-07-19T22:57:43","223991394","",,"Palmas","BR","1","0","5","21","-1","-10.258363","-48.316757","1783180963404","2026-07-04T16:02:43","d984add8-2949-4ac0-81b5-2aa666f8ed15"
"2026-07-19T22:57:43","580287658","",,"Palmas","BR","1","2.12","1","164","113","-10.25645","-48.312919","1784501413431","2026-07-19T22:50:13",
"2026-07-19T22:57:43","1877412378","",,"Palmas","BR","1","0","5","86","-1","-10.258277","-48.315151","1784194127349","2026-07-16T09:28:47","95d9d88f-a5e9-4a1f-a5e3-d31635a7afc6"
"2026-07-19T22:57:43","1693573164","","","Palmas","BR","1","0","5","86","-1","-10.258278","-48.315151","1784081882190","2026-07-15T02:18:02","0584e645-bcd7-4670-a8e4-2c08a6763039"
"2026-07-19T23:51:43","1764083300","Av. Siqueira Campos","","Palmas","BR","2","0","5","155","-1","-10.292304","-48.332966","1782872109418","2026-07-01T02:15:09","78af3b54-3dea-4f10-8eb5-5fb4a34eaabb"
"2026-07-19T23:51:43","69755946","",,"Palmas","BR","1","0","5","23","-1","-10.258348","-48.316227","1784340945820","2026-07-18T02:15:45","151ee59d-9fc8-4482-9e04-b365b1e458b5"
"2026-07-19T23:51:43","1275283552","","Av. NS-10","Palmas","BR","1","0","5","70","-1","-10.258317","-48.317258","1782526649111","2026-06-27T02:17:29","3c3cc392-5d12-48d2-a44d-55f1688e96a0"
"2026-07-19T23:51:43","1693600118","Av. Siqueira Campos","","Palmas","BR","2","0","5","155","-1","-10.292304","-48.332966","1784081883010","2026-07-15T02:18:03","af3fc386-180b-4082-a64c-64efe9627b8d"
"2026-07-19T23:51:43","69720514","Rua 23","Rua Gregório Terêncio de Souza","Taquarussu do Porto (Palmas)","BR","1","0","5","148","-1","-10.315312","-48.158983","1784340945933","2026-07-18T02:15:45","bc88063a-0183-404d-bf0b-83ebca226941"
"2026-07-19T23:51:43","1764089184","",,"Palmas","BR","1","0","5","45","-1","-10.25844","-48.317041","1782872178272","2026-07-01T02:16:18","972e31c2-cd12-4c0a-b3ee-1530d2e74b4f"
"2026-07-19T23:51:43","1693596122","",,"Palmas","BR","1","0","5","36","-1","-10.258352","-48.316498","1784081881899","2026-07-15T02:18:01","f6a9d158-cb4d-43ec-b26e-e2687cf324bf"
"2026-07-19T23:51:43","583977444","Av. Ipanema","R. PS 18","Palmas","BR","7","28.33","2","1280","62","-10.358002","-48.297612","1784505072309","2026-07-19T23:51:12",
"2026-07-19T23:51:43","1693618776","",,"Palmas","BR","1","0","5","63","-1","-10.258354","-48.315834","1784081881640","2026-07-15T02:18:01","dc9d4e1f-8670-4b13-9612-de4df2989f38"
"2026-07-19T23:51:43","1211995990","",,"Palmas","BR","1","0","5","21","-1","-10.258363","-48.316757","1782353685339","2026-06-25T02:14:45","a82a13e5-2525-4021-aa92-7892a48c9f70"
"2026-07-19T23:51:43","1088566738","",,"Palmas","BR","1","0","5","41","-1","-10.258569","-48.317408","1783562302500","2026-07-09T01:58:22","9740383b-d7ef-4ff2-9da7-1b82984db198"
"2026-07-19T23:51:43","202148510","Orla 14 Av. Orla","Orla 14 Al. 8","Palmas","BR","1","0","5","204","-1","-10.190127","-48.363185","1784410140272","2026-07-18T21:29:00","3291781c-27e8-4989-a13a-d0f9020b8883"
"2026-07-19T23:51:43","1764118132","Av. Siqueira Campos","","Palmas","BR","2","0","5","327","-1","-10.294325","-48.33214","1782872110314","2026-07-01T02:15:10","2f08bda5-8a61-4942-836a-8f1ec7689705"
"2026-07-19T23:51:43","1877536026","",,"Palmas","BR","1","0","5","23","-1","-10.258348","-48.316227","1784194194365","2026-07-16T09:29:54","67a7d0d3-9d61-4acd-8315-250cecac9790"
"2026-07-19T23:51:43","1693600032","",,"Palmas","BR","1","0","5","63","-1","-10.258354","-48.315834","1784081881899","2026-07-15T02:18:01","205a09b3-2e2f-4b45-86aa-4ea82a9ecd25"
"2026-07-19T23:51:43","1693600006","Av. Siqueira Campos","","Palmas","BR","2","0","5","327","-1","-10.294325","-48.33214","1784081881897","2026-07-15T02:18:01","2613c8db-9637-40d4-8e38-c2092c8c0dfc"
"2026-07-19T23:51:43","583500658","Orla 14 Al. 8","Orla 14 Av. Orla","Palmas","BR","1","5.82","4","322","153","-10.189259","-48.36199","1784504641702","2026-07-19T23:44:01",
"2026-07-19T23:51:43","69751934","Rua 23","Rua Belo Horizonte","Taquarussu do Porto (Palmas)","BR","1","0","5","148","-1","-10.315312","-48.158983","1784340945928","2026-07-18T02:15:45","0c3944a0-e1e4-48dd-b26d-63d5822bfc7b"
"2026-07-19T23:51:43","1851288576","",,"Palmas","BR","1","0","5","36","-1","-10.258352","-48.316498","1784019161779","2026-07-14T08:52:41","341a3583-4137-4e82-bfbb-a67b5e845593"
"2026-07-19T23:51:43","202213622","Orla 14 Av. Orla","Orla 14 Al. 10","Palmas","BR","1","0","5","202","-1","-10.190245","-48.363339","1784410214172","2026-07-18T21:30:14","f6532310-ad61-458c-8024-9a03ea4a6507"
"2026-07-19T23:51:43","223991394","",,"Palmas","BR","1","0","5","21","-1","-10.258363","-48.316757","1783180963404","2026-07-04T16:02:43","d984add8-2949-4ac0-81b5-2aa666f8ed15"
"2026-07-19T23:51:43","1694226848","",,"Palmas","BR","1","0","5","15","-1","-10.258365","-48.316918","1783904330428","2026-07-13T00:58:50","06d504d6-dac0-4c04-9329-7777206ab7a2"
"2026-07-19T23:51:43","583974674","BR-010","","Palmas","BR","6","27.05","2","2492","177","-10.347791","-48.300407","1784505001567","2026-07-19T23:50:01",
"2026-07-19T23:51:43","1877412378","",,"Palmas","BR","1","0","5","86","-1","-10.258277","-48.315151","1784194127349","2026-07-16T09:28:47","95d9d88f-a5e9-4a1f-a5e3-d31635a7afc6"
"2026-07-19T23:51:43","1693573164","","","Palmas","BR","1","0","5","86","-1","-10.258278","-48.315151","1784081882190","2026-07-15T02:18:02","0584e645-bcd7-4670-a8e4-2c08a6763039"
"2026-07-20T01:16:04","1764083300","Av. Siqueira Campos","","Palmas","BR","2","0","5","155","-1","-10.292304","-48.332966","1782872109418","2026-07-01T02:15:09","78af3b54-3dea-4f10-8eb5-5fb4a34eaabb"
"2026-07-20T01:16:04","69755946","",,"Palmas","BR","1","0","5","23","-1","-10.258348","-48.316227","1784340945820","2026-07-18T02:15:45","151ee59d-9fc8-4482-9e04-b365b1e458b5"
"2026-07-20T01:16:04","1275283552","","Av. NS-10","Palmas","BR","1","0","5","70","-1","-10.258317","-48.317258","1782526649111","2026-06-27T02:17:29","3c3cc392-5d12-48d2-a44d-55f1688e96a0"
"2026-07-20T01:16:04","1693600118","Av. Siqueira Campos","","Palmas","BR","2","0","5","155","-1","-10.292304","-48.332966","1784081883010","2026-07-15T02:18:03","af3fc386-180b-4082-a64c-64efe9627b8d"
"2026-07-20T01:16:04","69720514","Rua 23","Rua Gregório Terêncio de Souza","Taquarussu do Porto (Palmas)","BR","1","0","5","148","-1","-10.315312","-48.158983","1784340945933","2026-07-18T02:15:45","bc88063a-0183-404d-bf0b-83ebca226941"
"2026-07-20T01:16:04","1764089184","",,"Palmas","BR","1","0","5","45","-1","-10.25844","-48.317041","1782872178272","2026-07-01T02:16:18","972e31c2-cd12-4c0a-b3ee-1530d2e74b4f"
"2026-07-20T01:16:04","1693596122","",,"Palmas","BR","1","0","5","36","-1","-10.258352","-48.316498","1784081881899","2026-07-15T02:18:01","f6a9d158-cb4d-43ec-b26e-e2687cf324bf"
"2026-07-20T01:16:04","1693618776","",,"Palmas","BR","1","0","5","63","-1","-10.258354","-48.315834","1784081881640","2026-07-15T02:18:01","dc9d4e1f-8670-4b13-9612-de4df2989f38"
"2026-07-20T01:16:04","1211995990","",,"Palmas","BR","1","0","5","21","-1","-10.258363","-48.316757","1782353685339","2026-06-25T02:14:45","a82a13e5-2525-4021-aa92-7892a48c9f70"
"2026-07-20T01:16:04","1088566738","",,"Palmas","BR","1","0","5","41","-1","-10.258569","-48.317408","1783562302500","2026-07-09T01:58:22","9740383b-d7ef-4ff2-9da7-1b82984db198"
"2026-07-20T01:16:04","202148510","Orla 14 Av. Orla","Orla 14 Al. 8","Palmas","BR","1","0","5","204","-1","-10.190127","-48.363185","1784410140272","2026-07-18T21:29:00","3291781c-27e8-4989-a13a-d0f9020b8883"
"2026-07-20T01:16:04","1877536026","",,"Palmas","BR","1","0","5","23","-1","-10.258348","-48.316227","1784194194365","2026-07-16T09:29:54","67a7d0d3-9d61-4acd-8315-250cecac9790"
"2026-07-20T01:16:04","1693600032","",,"Palmas","BR","1","0","5","63","-1","-10.258354","-48.315834","1784081881899","2026-07-15T02:18:01","205a09b3-2e2f-4b45-86aa-4ea82a9ecd25"
"2026-07-20T01:16:04","1764118132","Av. Siqueira Campos","","Palmas","BR","2","0","5","327","-1","-10.294325","-48.33214","1782872110314","2026-07-01T02:15:10","2f08bda5-8a61-4942-836a-8f1ec7689705"
"2026-07-20T01:16:04","1693600006","Av. Siqueira Campos","","Palmas","BR","2","0","5","327","-1","-10.294325","-48.33214","1784081881897","2026-07-15T02:18:01","2613c8db-9637-40d4-8e38-c2092c8c0dfc"
"2026-07-20T01:16:04","69751934","Rua 23","Rua Belo Horizonte","Taquarussu do Porto (Palmas)","BR","1","0","5","148","-1","-10.315312","-48.158983","1784340945928","2026-07-18T02:15:45","0c3944a0-e1e4-48dd-b26d-63d5822bfc7b"
"2026-07-20T01:16:04","1851288576","",,"Palmas","BR","1","0","5","36","-1","-10.258352","-48.316498","1784019161779","2026-07-14T08:52:41","341a3583-4137-4e82-bfbb-a67b5e845593"
"2026-07-20T01:16:04","202213622","Orla 14 Av. Orla","Orla 14 Al. 10","Palmas","BR","1","0","5","202","-1","-10.190245","-48.363339","1784410214172","2026-07-18T21:30:14","f6532310-ad61-458c-8024-9a03ea4a6507"
"2026-07-20T01:16:04","1694226848","",,"Palmas","BR","1","0","5","15","-1","-10.258365","-48.316918","1783904330428","2026-07-13T00:58:50","06d504d6-dac0-4c04-9329-7777206ab7a2"
"2026-07-20T01:16:04","223991394","",,"Palmas","BR","1","0","5","21","-1","-10.258363","-48.316757","1783180963404","2026-07-04T16:02:43","d984add8-2949-4ac0-81b5-2aa666f8ed15"
"2026-07-20T01:16:04","1877412378","",,"Palmas","BR","1","0","5","86","-1","-10.258277","-48.315151","1784194127349","2026-07-16T09:28:47","95d9d88f-a5e9-4a1f-a5e3-d31635a7afc6"
"2026-07-20T01:16:04","1693573164","","","Palmas","BR","1","0","5","86","-1","-10.258278","-48.315151","1784081882190","2026-07-15T02:18:02","0584e645-bcd7-4670-a8e4-2c08a6763039"
"2026-07-20T04:53:14","1764083300","Av. Siqueira Campos","Desvio","Palmas","BR","2","0","5","155","-1","-10.292304","-48.332966","1782872109418","2026-07-01T02:15:09","78af3b54-3dea-4f10-8eb5-5fb4a34eaabb"
"2026-07-20T04:53:14","1275283552","","Av. NS-10","Palmas","BR","1","0","5","70","-1","-10.258317","-48.317258","1782526649111","2026-06-27T02:17:29","3c3cc392-5d12-48d2-a44d-55f1688e96a0"
"2026-07-20T04:53:14","1693600118","Av. Siqueira Campos","","Palmas","BR","2","0","5","155","-1","-10.292304","-48.332966","1784081883010","2026-07-15T02:18:03","af3fc386-180b-4082-a64c-64efe9627b8d"
"2026-07-20T04:53:14","69720514","Rua 23","Rua Gregório Terêncio de Souza","Taquarussu do Porto (Palmas)","BR","1","0","5","148","-1","-10.315312","-48.158983","1784340945933","2026-07-18T02:15:45","bc88063a-0183-404d-bf0b-83ebca226941"
"2026-07-20T04:53:14","1764089184","",,"Palmas","BR","1","0","5","45","-1","-10.25844","-48.317041","1782872178272","2026-07-01T02:16:18","972e31c2-cd12-4c0a-b3ee-1530d2e74b4f"
"2026-07-20T04:53:14","1693596122","",,"Palmas","BR","1","0","5","36","-1","-10.258352","-48.316498","1784081881899","2026-07-15T02:18:01","f6a9d158-cb4d-43ec-b26e-e2687cf324bf"
"2026-07-20T04:53:14","1693618776","",,"Palmas","BR","1","0","5","63","-1","-10.258354","-48.315834","1784081881640","2026-07-15T02:18:01","dc9d4e1f-8670-4b13-9612-de4df2989f38"
"2026-07-20T04:53:14","1211995990","",,"Palmas","BR","1","0","5","21","-1","-10.258363","-48.316757","1782353685339","2026-06-25T02:14:45","a82a13e5-2525-4021-aa92-7892a48c9f70"
"2026-07-20T04:53:14","591490510","",,"Palmas","BR","1","0","5","23","-1","-10.258348","-48.316227","1784513748999","2026-07-20T02:15:48","151ee59d-9fc8-4482-9e04-b365b1e458b5"
"2026-07-20T04:53:14","1088566738","",,"Palmas","BR","1","0","5","41","-1","-10.258569","-48.317408","1783562302500","2026-07-09T01:58:22","9740383b-d7ef-4ff2-9da7-1b82984db198"
"2026-07-20T04:53:14","1877536026","",,"Palmas","BR","1","0","5","23","-1","-10.258348","-48.316227","1784194194365","2026-07-16T09:29:54","67a7d0d3-9d61-4acd-8315-250cecac9790"
"2026-07-20T04:53:14","1693600032","",,"Palmas","BR","1","0","5","63","-1","-10.258354","-48.315834","1784081881899","2026-07-15T02:18:01","205a09b3-2e2f-4b45-86aa-4ea82a9ecd25"
"2026-07-20T04:53:14","1764118132","Av. Siqueira Campos","","Palmas","BR","2","0","5","327","-1","-10.294325","-48.33214","1782872110314","2026-07-01T02:15:10","2f08bda5-8a61-4942-836a-8f1ec7689705"
"2026-07-20T04:53:14","1693600006","Av. Siqueira Campos","","Palmas","BR","2","0","5","327","-1","-10.294325","-48.33214","1784081881897","2026-07-15T02:18:01","2613c8db-9637-40d4-8e38-c2092c8c0dfc"
"2026-07-20T04:53:14","69751934","Rua 23","Rua Belo Horizonte","Taquarussu do Porto (Palmas)","BR","1","0","5","148","-1","-10.315312","-48.158983","1784340945928","2026-07-18T02:15:45","0c3944a0-e1e4-48dd-b26d-63d5822bfc7b"
"2026-07-20T04:53:14","1851288576","",,"Palmas","BR","1","0","5","36","-1","-10.258352","-48.316498","1784019161779","2026-07-14T08:52:41","341a3583-4137-4e82-bfbb-a67b5e845593"
"2026-07-20T04:53:14","595160608","Av. NS-4","","Palmas","BR","2","7.77","3","296","110","-10.225349","-48.324344","1784522668815","2026-07-20T04:44:28",
"2026-07-20T04:53:14","1694226848","",,"Palmas","BR","1","0","5","15","-1","-10.258365","-48.316918","1783904330428","2026-07-13T00:58:50","06d504d6-dac0-4c04-9329-7777206ab7a2"
"2026-07-20T04:53:14","223991394","",,"Palmas","BR","1","0","5","21","-1","-10.258363","-48.316757","1783180963404","2026-07-04T16:02:43","d984add8-2949-4ac0-81b5-2aa666f8ed15"
"2026-07-20T04:53:14","1877412378","",,"Palmas","BR","1","0","5","86","-1","-10.258277","-48.315151","1784194127349","2026-07-16T09:28:47","95d9d88f-a5e9-4a1f-a5e3-d31635a7afc6"
"2026-07-20T04:53:14","1693573164","","","Palmas","BR","1","0","5","86","-1","-10.258278","-48.315151","1784081882190","2026-07-15T02:18:02","0584e645-bcd7-4670-a8e4-2c08a6763039"
"2026-07-20T07:48:18","1764083300","Av. Siqueira Campos","Desvio","Palmas","BR","2","0","5","155","-1","-10.292304","-48.332966","1782872109418","2026-07-01T02:15:09","78af3b54-3dea-4f10-8eb5-5fb4a34eaabb"
"2026-07-20T07:48:18","1275283552","","Av. NS-10","Palmas","BR","1","0","5","70","-1","-10.258317","-48.317258","1782526649111","2026-06-27T02:17:29","3c3cc392-5d12-48d2-a44d-55f1688e96a0"
"2026-07-20T07:48:18","1693600118","Av. Siqueira Campos","","Palmas","BR","2","0","5","155","-1","-10.292304","-48.332966","1784081883010","2026-07-15T02:18:03","af3fc386-180b-4082-a64c-64efe9627b8d"
"2026-07-20T07:48:18","69720514","Rua 23","Rua Gregório Terêncio de Souza","Taquarussu do Porto (Palmas)","BR","1","0","5","148","-1","-10.315312","-48.158983","1784340945933","2026-07-18T02:15:45","bc88063a-0183-404d-bf0b-83ebca226941"
"2026-07-20T07:48:18","1764089184","",,"Palmas","BR","1","0","5","45","-1","-10.25844","-48.317041","1782872178272","2026-07-01T02:16:18","972e31c2-cd12-4c0a-b3ee-1530d2e74b4f"
"2026-07-20T07:48:18","1693596122","",,"Palmas","BR","1","0","5","36","-1","-10.258352","-48.316498","1784081881899","2026-07-15T02:18:01","f6a9d158-cb4d-43ec-b26e-e2687cf324bf"
"2026-07-20T07:48:18","1693618776","",,"Palmas","BR","1","0","5","63","-1","-10.258354","-48.315834","1784081881640","2026-07-15T02:18:01","dc9d4e1f-8670-4b13-9612-de4df2989f38"
"2026-07-20T07:48:18","1211995990","",,"Palmas","BR","1","0","5","21","-1","-10.258363","-48.316757","1782353685339","2026-06-25T02:14:45","a82a13e5-2525-4021-aa92-7892a48c9f70"
"2026-07-20T07:48:18","591490510","",,"Palmas","BR","1","0","5","23","-1","-10.258348","-48.316227","1784513748999","2026-07-20T02:15:48","151ee59d-9fc8-4482-9e04-b365b1e458b5"
"2026-07-20T07:48:18","1088566738","",,"Palmas","BR","1","0","5","41","-1","-10.258569","-48.317408","1783562302500","2026-07-09T01:58:22","9740383b-d7ef-4ff2-9da7-1b82984db198"
"2026-07-20T07:48:18","1877536026","",,"Palmas","BR","1","0","5","23","-1","-10.258348","-48.316227","1784194194365","2026-07-16T09:29:54","67a7d0d3-9d61-4acd-8315-250cecac9790"
"2026-07-20T07:48:18","1693600032","",,"Palmas","BR","1","0","5","63","-1","-10.258354","-48.315834","1784081881899","2026-07-15T02:18:01","205a09b3-2e2f-4b45-86aa-4ea82a9ecd25"
"2026-07-20T07:48:18","1764118132","Av. Siqueira Campos","","Palmas","BR","2","0","5","327","-1","-10.294325","-48.33214","1782872110314","2026-07-01T02:15:10","2f08bda5-8a61-4942-836a-8f1ec7689705"
"2026-07-20T07:48:18","1693600006","Av. Siqueira Campos","","Palmas","BR","2","0","5","327","-1","-10.294325","-48.33214","1784081881897","2026-07-15T02:18:01","2613c8db-9637-40d4-8e38-c2092c8c0dfc"
"2026-07-20T07:48:18","69751934","Rua 23","Rua Belo Horizonte","Taquarussu do Porto (Palmas)","BR","1","0","5","148","-1","-10.315312","-48.158983","1784340945928","2026-07-18T02:15:45","0c3944a0-e1e4-48dd-b26d-63d5822bfc7b"
"2026-07-20T07:48:18","1851288576","",,"Palmas","BR","1","0","5","36","-1","-10.258352","-48.316498","1784019161779","2026-07-14T08:52:41","341a3583-4137-4e82-bfbb-a67b5e845593"
"2026-07-20T07:48:18","1694226848","",,"Palmas","BR","1","0","5","15","-1","-10.258365","-48.316918","1783904330428","2026-07-13T00:58:50","06d504d6-dac0-4c04-9329-7777206ab7a2"
"2026-07-20T07:48:18","223991394","",,"Palmas","BR","1","0","5","21","-1","-10.258363","-48.316757","1783180963404","2026-07-04T16:02:43","d984add8-2949-4ac0-81b5-2aa666f8ed15"
"2026-07-20T07:48:18","1877412378","",,"Palmas","BR","1","0","5","86","-1","-10.258277","-48.315151","1784194127349","2026-07-16T09:28:47","95d9d88f-a5e9-4a1f-a5e3-d31635a7afc6"
"2026-07-20T07:48:18","1693573164","","","Palmas","BR","1","0","5","86","-1","-10.258278","-48.315151","1784081882190","2026-07-15T02:18:02","0584e645-bcd7-4670-a8e4-2c08a6763039"
"2026-07-20T10:32:13","1764083300","Av. Siqueira Campos","Desvio","Palmas","BR","2","0","5","155","-1","-10.292304","-48.332966","1782872109418","2026-07-01T02:15:09","78af3b54-3dea-4f10-8eb5-5fb4a34eaabb"
"2026-07-20T10:32:13","1275283552","","Av. NS-10","Palmas","BR","1","0","5","70","-1","-10.258317","-48.317258","1782526649111","2026-06-27T02:17:29","3c3cc392-5d12-48d2-a44d-55f1688e96a0"
"2026-07-20T10:32:13","1693600118","Av. Siqueira Campos","","Palmas","BR","2","0","5","155","-1","-10.292304","-48.332966","1784081883010","2026-07-15T02:18:03","af3fc386-180b-4082-a64c-64efe9627b8d"
"2026-07-20T10:32:13","69720514","Rua 23","Rua Gregório Terêncio de Souza","Taquarussu do Porto (Palmas)","BR","1","0","5","148","-1","-10.315312","-48.158983","1784340945933","2026-07-18T02:15:45","bc88063a-0183-404d-bf0b-83ebca226941"
"2026-07-20T10:32:13","1764089184","",,"Palmas","BR","1","0","5","45","-1","-10.25844","-48.317041","1782872178272","2026-07-01T02:16:18","972e31c2-cd12-4c0a-b3ee-1530d2e74b4f"
"2026-07-20T10:32:13","1693596122","",,"Palmas","BR","1","0","5","36","-1","-10.258352","-48.316498","1784081881899","2026-07-15T02:18:01","f6a9d158-cb4d-43ec-b26e-e2687cf324bf"
"2026-07-20T10:32:13","1693618776","",,"Palmas","BR","1","0","5","63","-1","-10.258354","-48.315834","1784081881640","2026-07-15T02:18:01","dc9d4e1f-8670-4b13-9612-de4df2989f38"
"2026-07-20T10:32:13","624446930","BR-010","","Palmas","BR","6","23.78","2","945","73","-10.344271","-48.299939","1784543342222","2026-07-20T10:29:02",
"2026-07-20T10:32:13","1211995990","",,"Palmas","BR","1","0","5","21","-1","-10.258363","-48.316757","1782353685339","2026-06-25T02:14:45","a82a13e5-2525-4021-aa92-7892a48c9f70"
"2026-07-20T10:32:13","591490510","",,"Palmas","BR","1","0","5","23","-1","-10.258348","-48.316227","1784513748999","2026-07-20T02:15:48","151ee59d-9fc8-4482-9e04-b365b1e458b5"
"2026-07-20T10:32:13","1088566738","",,"Palmas","BR","1","0","5","41","-1","-10.258569","-48.317408","1783562302500","2026-07-09T01:58:22","9740383b-d7ef-4ff2-9da7-1b82984db198"
"2026-07-20T10:32:13","1877536026","",,"Palmas","BR","1","0","5","23","-1","-10.258348","-48.316227","1784194194365","2026-07-16T09:29:54","67a7d0d3-9d61-4acd-8315-250cecac9790"
"2026-07-20T10:32:13","1693600032","",,"Palmas","BR","1","0","5","63","-1","-10.258354","-48.315834","1784081881899","2026-07-15T02:18:01","205a09b3-2e2f-4b45-86aa-4ea82a9ecd25"
"2026-07-20T10:32:13","1764118132","Av. Siqueira Campos","","Palmas","BR","2","0","5","327","-1","-10.294325","-48.33214","1782872110314","2026-07-01T02:15:10","2f08bda5-8a61-4942-836a-8f1ec7689705"
"2026-07-20T10:32:13","1693600006","Av. Siqueira Campos","","Palmas","BR","2","0","5","327","-1","-10.294325","-48.33214","1784081881897","2026-07-15T02:18:01","2613c8db-9637-40d4-8e38-c2092c8c0dfc"
"2026-07-20T10:32:13","69751934","Rua 23","Rua Belo Horizonte","Taquarussu do Porto (Palmas)","BR","1","0","5","148","-1","-10.315312","-48.158983","1784340945928","2026-07-18T02:15:45","0c3944a0-e1e4-48dd-b26d-63d5822bfc7b"
"2026-07-20T10:32:13","1851288576","",,"Palmas","BR","1","0","5","36","-1","-10.258352","-48.316498","1784019161779","2026-07-14T08:52:41","341a3583-4137-4e82-bfbb-a67b5e845593"
"2026-07-20T10:32:13","1694226848","",,"Palmas","BR","1","0","5","15","-1","-10.258365","-48.316918","1783904330428","2026-07-13T00:58:50","06d504d6-dac0-4c04-9329-7777206ab7a2"
"2026-07-20T10:32:13","223991394","",,"Palmas","BR","1","0","5","21","-1","-10.258363","-48.316757","1783180963404","2026-07-04T16:02:43","d984add8-2949-4ac0-81b5-2aa666f8ed15"
"2026-07-20T10:32:13","1877412378","",,"Palmas","BR","1","0","5","86","-1","-10.258277","-48.315151","1784194127349","2026-07-16T09:28:47","95d9d88f-a5e9-4a1f-a5e3-d31635a7afc6"
"2026-07-20T10:32:13","1693573164","","","Palmas","BR","1","0","5","86","-1","-10.258278","-48.315151","1784081882190","2026-07-15T02:18:02","0584e645-bcd7-4670-a8e4-2c08a6763039"
"2026-07-20T12:33:30","1764083300","Av. Siqueira Campos","Desvio","Palmas","BR","2","0","5","155","-1","-10.292304","-48.332966","1782872109418","2026-07-01T02:15:09","78af3b54-3dea-4f10-8eb5-5fb4a34eaabb"
"2026-07-20T12:33:30","1275283552","","Av. NS-10","Palmas","BR","1","0","5","70","-1","-10.258317","-48.317258","1782526649111","2026-06-27T02:17:29","3c3cc392-5d12-48d2-a44d-55f1688e96a0"
"2026-07-20T12:33:30","1693600118","Av. Siqueira Campos","","Palmas","BR","2","0","5","155","-1","-10.292304","-48.332966","1784081883010","2026-07-15T02:18:03","af3fc386-180b-4082-a64c-64efe9627b8d"
"2026-07-20T12:33:30","69720514","Rua 23","Rua Gregório Terêncio de Souza","Taquarussu do Porto (Palmas)","BR","1","0","5","148","-1","-10.315312","-48.158983","1784340945933","2026-07-18T02:15:45","bc88063a-0183-404d-bf0b-83ebca226941"
"2026-07-20T12:33:30","1764089184","",,"Palmas","BR","1","0","5","45","-1","-10.25844","-48.317041","1782872178272","2026-07-01T02:16:18","972e31c2-cd12-4c0a-b3ee-1530d2e74b4f"
"2026-07-20T12:33:30","1693596122","",,"Palmas","BR","1","0","5","36","-1","-10.258352","-48.316498","1784081881899","2026-07-15T02:18:01","f6a9d158-cb4d-43ec-b26e-e2687cf324bf"
"2026-07-20T12:33:30","1693618776","",,"Palmas","BR","1","0","5","63","-1","-10.258354","-48.315834","1784081881640","2026-07-15T02:18:01","dc9d4e1f-8670-4b13-9612-de4df2989f38"
"2026-07-20T12:33:30","1211995990","",,"Palmas","BR","1","0","5","21","-1","-10.258363","-48.316757","1782353685339","2026-06-25T02:14:45","a82a13e5-2525-4021-aa92-7892a48c9f70"
"2026-07-20T12:33:30","591490510","",,"Palmas","BR","1","0","5","23","-1","-10.258348","-48.316227","1784513748999","2026-07-20T02:15:48","151ee59d-9fc8-4482-9e04-b365b1e458b5"
"2026-07-20T12:33:30","1088566738","",,"Palmas","BR","1","0","5","41","-1","-10.258569","-48.317408","1783562302500","2026-07-09T01:58:22","9740383b-d7ef-4ff2-9da7-1b82984db198"
"2026-07-20T12:33:30","640404826","BR-010","","Palmas","BR","6","22.94","2","945","78","-10.344271","-48.299939","1784550198021","2026-07-20T12:23:18",
"2026-07-20T12:33:30","1693600032","",,"Palmas","BR","1","0","5","63","-1","-10.258354","-48.315834","1784081881899","2026-07-15T02:18:01","205a09b3-2e2f-4b45-86aa-4ea82a9ecd25"
"2026-07-20T12:33:30","1877536026","",,"Palmas","BR","1","0","5","23","-1","-10.258348","-48.316227","1784194194365","2026-07-16T09:29:54","67a7d0d3-9d61-4acd-8315-250cecac9790"
"2026-07-20T12:33:30","1764118132","Av. Siqueira Campos","","Palmas","BR","2","0","5","327","-1","-10.294325","-48.33214","1782872110314","2026-07-01T02:15:10","2f08bda5-8a61-4942-836a-8f1ec7689705"
"2026-07-20T12:33:30","1693600006","Av. Siqueira Campos","","Palmas","BR","2","0","5","327","-1","-10.294325","-48.33214","1784081881897","2026-07-15T02:18:01","2613c8db-9637-40d4-8e38-c2092c8c0dfc"
"2026-07-20T12:33:30","69751934","Rua 23","Rua Belo Horizonte","Taquarussu do Porto (Palmas)","BR","1","0","5","148","-1","-10.315312","-48.158983","1784340945928","2026-07-18T02:15:45","0c3944a0-e1e4-48dd-b26d-63d5822bfc7b"
"2026-07-20T12:33:30","1851288576","",,"Palmas","BR","1","0","5","36","-1","-10.258352","-48.316498","1784019161779","2026-07-14T08:52:41","341a3583-4137-4e82-bfbb-a67b5e845593"
"2026-07-20T12:33:30","1694226848","",,"Palmas","BR","1","0","5","15","-1","-10.258365","-48.316918","1783904330428","2026-07-13T00:58:50","06d504d6-dac0-4c04-9329-7777206ab7a2"
"2026-07-20T12:33:30","223991394","",,"Palmas","BR","1","0","5","21","-1","-10.258363","-48.316757","1783180963404","2026-07-04T16:02:43","d984add8-2949-4ac0-81b5-2aa666f8ed15"
"2026-07-20T12:33:30","641962296","Av. Siqueira Campos","Av. Parque","Palmas","BR","2","29.12","2","1356","75","-10.28305","-48.33283","1784550783242","2026-07-20T12:33:03",
"2026-07-20T12:33:30","641038824","","Palmas","Palmas","BR","1","23.34","2","2684","246","-10.239718","-48.169733","1784550418336","2026-07-20T12:26:58",
"2026-07-20T12:33:30","1877412378","",,"Palmas","BR","1","0","5","86","-1","-10.258277","-48.315151","1784194127349","2026-07-16T09:28:47","95d9d88f-a5e9-4a1f-a5e3-d31635a7afc6"
"2026-07-20T12:33:30","1693573164","","","Palmas","BR","1","0","5","86","-1","-10.258278","-48.315151","1784081882190","2026-07-15T02:18:02","0584e645-bcd7-4670-a8e4-2c08a6763039"
"2026-07-20T14:41:31","1764083300","Av. Siqueira Campos","Desvio","Palmas","BR","2","0","5","155","-1","-10.292304","-48.332966","1782872109418","2026-07-01T02:15:09","78af3b54-3dea-4f10-8eb5-5fb4a34eaabb"
"2026-07-20T14:41:31","1693600118","Av. Siqueira Campos","","Palmas","BR","2","0","5","155","-1","-10.292304","-48.332966","1784081883010","2026-07-15T02:18:03","af3fc386-180b-4082-a64c-64efe9627b8d"
"2026-07-20T14:41:31","1764089184","",,"Palmas","BR","1","0","5","45","-1","-10.25844","-48.317041","1782872178272","2026-07-01T02:16:18","972e31c2-cd12-4c0a-b3ee-1530d2e74b4f"
"2026-07-20T14:41:31","662436786","Av. LO-29","Av. Siqueira Campos","Palmas","BR","2","6.78","3","299","112","-10.26172","-48.33366","1784558462365","2026-07-20T14:41:02",
"2026-07-20T14:41:31","591490510","",,"Palmas","BR","1","0","5","23","-1","-10.258348","-48.316227","1784513748999","2026-07-20T02:15:48","151ee59d-9fc8-4482-9e04-b365b1e458b5"
"2026-07-20T14:41:31","1693600032","",,"Palmas","BR","1","0","5","63","-1","-10.258354","-48.315834","1784081881899","2026-07-15T02:18:01","205a09b3-2e2f-4b45-86aa-4ea82a9ecd25"
"2026-07-20T14:41:31","1764118132","Av. Siqueira Campos","","Palmas","BR","2","0","5","327","-1","-10.294325","-48.33214","1782872110314","2026-07-01T02:15:10","2f08bda5-8a61-4942-836a-8f1ec7689705"
"2026-07-20T14:41:31","662409838","Av. Siqueira Campos","Av. LO-29","Palmas","BR","2","32.99","2","1439","64","-10.255768","-48.333326","1784558461881","2026-07-20T14:41:01",
"2026-07-20T14:41:31","69751934","Rua 23","Rua Belo Horizonte","Taquarussu do Porto (Palmas)","BR","1","0","5","148","-1","-10.315312","-48.158983","1784340945928","2026-07-18T02:15:45","0c3944a0-e1e4-48dd-b26d-63d5822bfc7b"
"2026-07-20T14:41:31","1851288576","",,"Palmas","BR","1","0","5","36","-1","-10.258352","-48.316498","1784019161779","2026-07-14T08:52:41","341a3583-4137-4e82-bfbb-a67b5e845593"
"2026-07-20T14:41:31","1694226848","",,"Palmas","BR","1","0","5","15","-1","-10.258365","-48.316918","1783904330428","2026-07-13T00:58:50","06d504d6-dac0-4c04-9329-7777206ab7a2"
"2026-07-20T14:41:31","1693573164","","","Palmas","BR","1","0","5","86","-1","-10.258278","-48.315151","1784081882190","2026-07-15T02:18:02","0584e645-bcd7-4670-a8e4-2c08a6763039"
"2026-07-20T14:41:31","1275283552","","Av. NS-10","Palmas","BR","1","0","5","70","-1","-10.258317","-48.317258","1782526649111","2026-06-27T02:17:29","3c3cc392-5d12-48d2-a44d-55f1688e96a0"
"2026-07-20T14:41:31","660709380","TO-080","Luzimangues (Porto Nacional)","Palmas","BR","7","25.51","2","6618","605","-10.185693","-48.423778","1784557858673","2026-07-20T14:30:58",
"2026-07-20T14:41:31","69720514","Rua 23","Rua Gregório Terêncio de Souza","Taquarussu do Porto (Palmas)","BR","1","0","5","148","-1","-10.315312","-48.158983","1784340945933","2026-07-18T02:15:45","bc88063a-0183-404d-bf0b-83ebca226941"
"2026-07-20T14:41:31","1693596122","",,"Palmas","BR","1","0","5","36","-1","-10.258352","-48.316498","1784081881899","2026-07-15T02:18:01","f6a9d158-cb4d-43ec-b26e-e2687cf324bf"
"2026-07-20T14:41:31","1693618776","",,"Palmas","BR","1","0","5","63","-1","-10.258354","-48.315834","1784081881640","2026-07-15T02:18:01","dc9d4e1f-8670-4b13-9612-de4df2989f38"
"2026-07-20T14:41:31","1211995990","",,"Palmas","BR","1","0","5","21","-1","-10.258363","-48.316757","1782353685339","2026-06-25T02:14:45","a82a13e5-2525-4021-aa92-7892a48c9f70"
"2026-07-20T14:41:31","1088566738","",,"Palmas","BR","1","0","5","41","-1","-10.258569","-48.317408","1783562302500","2026-07-09T01:58:22","9740383b-d7ef-4ff2-9da7-1b82984db198"
"2026-07-20T14:41:31","1877536026","",,"Palmas","BR","1","0","5","23","-1","-10.258348","-48.316227","1784194194365","2026-07-16T09:29:54","67a7d0d3-9d61-4acd-8315-250cecac9790"
"2026-07-20T14:41:31","1693600006","Av. Siqueira Campos","","Palmas","BR","2","0","5","327","-1","-10.294325","-48.33214","1784081881897","2026-07-15T02:18:01","2613c8db-9637-40d4-8e38-c2092c8c0dfc"
"2026-07-20T14:41:31","223991394","",,"Palmas","BR","1","0","5","21","-1","-10.258363","-48.316757","1783180963404","2026-07-04T16:02:43","d984add8-2949-4ac0-81b5-2aa666f8ed15"
"2026-07-20T14:41:31","1877412378","",,"Palmas","BR","1","0","5","86","-1","-10.258277","-48.315151","1784194127349","2026-07-16T09:28:47","95d9d88f-a5e9-4a1f-a5e3-d31635a7afc6"
"2026-07-20T14:41:31","660211172","Av. Tocantins","","Palmas","BR","7","17.68","2","640","64","-10.332742","-48.296688","1784557632669","2026-07-20T14:27:12",
"2026-07-20T16:12:55","1764083300","Av. Siqueira Campos","Desvio","Palmas","BR","2","0","5","155","-1","-10.292304","-48.332966","1782872109418","2026-07-01T02:15:09","78af3b54-3dea-4f10-8eb5-5fb4a34eaabb"
"2026-07-20T16:12:55","676820020","BR-010","","Palmas","BR","6","20.61","2","945","95","-10.344271","-48.299939","1784563619099","2026-07-20T16:06:59",
"2026-07-20T16:12:55","1275283552","","Av. NS-10","Palmas","BR","1","0","5","70","-1","-10.258317","-48.317258","1782526649111","2026-06-27T02:17:29","3c3cc392-5d12-48d2-a44d-55f1688e96a0"
"2026-07-20T16:12:55","1693600118","Av. Siqueira Campos","","Palmas","BR","2","0","5","155","-1","-10.292304","-48.332966","1784081883010","2026-07-15T02:18:03","af3fc386-180b-4082-a64c-64efe9627b8d"
"2026-07-20T16:12:55","1764089184","",,"Palmas","BR","1","0","5","45","-1","-10.25844","-48.317041","1782872178272","2026-07-01T02:16:18","972e31c2-cd12-4c0a-b3ee-1530d2e74b4f"
"2026-07-20T16:12:55","1693596122","",,"Palmas","BR","1","0","5","36","-1","-10.258352","-48.316498","1784081881899","2026-07-15T02:18:01","f6a9d158-cb4d-43ec-b26e-e2687cf324bf"
"2026-07-20T16:12:55","1693618776","",,"Palmas","BR","1","0","5","63","-1","-10.258354","-48.315834","1784081881640","2026-07-15T02:18:01","dc9d4e1f-8670-4b13-9612-de4df2989f38"
"2026-07-20T16:12:55","1211995990","",,"Palmas","BR","1","0","5","21","-1","-10.258363","-48.316757","1782353685339","2026-06-25T02:14:45","a82a13e5-2525-4021-aa92-7892a48c9f70"
"2026-07-20T16:12:55","591490510","",,"Palmas","BR","1","0","5","23","-1","-10.258348","-48.316227","1784513748999","2026-07-20T02:15:48","151ee59d-9fc8-4482-9e04-b365b1e458b5"
"2026-07-20T16:12:55","1088566738","",,"Palmas","BR","1","0","5","41","-1","-10.258569","-48.317408","1783562302500","2026-07-09T01:58:22","9740383b-d7ef-4ff2-9da7-1b82984db198"
"2026-07-20T16:12:55","1764118132","Av. Siqueira Campos","","Palmas","BR","2","0","5","327","-1","-10.294325","-48.33214","1782872110314","2026-07-01T02:15:10","2f08bda5-8a61-4942-836a-8f1ec7689705"
"2026-07-20T16:12:55","1877536026","",,"Palmas","BR","1","0","5","23","-1","-10.258348","-48.316227","1784194194365","2026-07-16T09:29:54","67a7d0d3-9d61-4acd-8315-250cecac9790"
"2026-07-20T16:12:55","1693600032","",,"Palmas","BR","1","0","5","63","-1","-10.258354","-48.315834","1784081881899","2026-07-15T02:18:01","205a09b3-2e2f-4b45-86aa-4ea82a9ecd25"
"2026-07-20T16:12:55","1693600006","Av. Siqueira Campos","","Palmas","BR","2","0","5","327","-1","-10.294325","-48.33214","1784081881897","2026-07-15T02:18:01","2613c8db-9637-40d4-8e38-c2092c8c0dfc"
"2026-07-20T16:12:55","1851288576","",,"Palmas","BR","1","0","5","36","-1","-10.258352","-48.316498","1784019161779","2026-07-14T08:52:41","341a3583-4137-4e82-bfbb-a67b5e845593"
"2026-07-20T16:12:55","223991394","",,"Palmas","BR","1","0","5","21","-1","-10.258363","-48.316757","1783180963404","2026-07-04T16:02:43","d984add8-2949-4ac0-81b5-2aa666f8ed15"
"2026-07-20T16:12:55","1694226848","",,"Palmas","BR","1","0","5","15","-1","-10.258365","-48.316918","1783904330428","2026-07-13T00:58:50","06d504d6-dac0-4c04-9329-7777206ab7a2"
"2026-07-20T16:12:55","1693573164","","","Palmas","BR","1","0","5","86","-1","-10.258278","-48.315151","1784081882190","2026-07-15T02:18:02","0584e645-bcd7-4670-a8e4-2c08a6763039"
"2026-07-20T16:12:55","1877412378","",,"Palmas","BR","1","0","5","86","-1","-10.258277","-48.315151","1784194127349","2026-07-16T09:28:47","95d9d88f-a5e9-4a1f-a5e3-d31635a7afc6"
"2026-07-20T18:18:05","1764083300","Av. Siqueira Campos","Desvio","Palmas","BR","2","0","5","155","-1","-10.292304","-48.332966","1782872109418","2026-07-01T02:15:09","78af3b54-3dea-4f10-8eb5-5fb4a34eaabb"
"2026-07-20T18:18:05","1275283552","","Av. NS-10","Palmas","BR","1","0","5","70","-1","-10.258317","-48.317258","1782526649111","2026-06-27T02:17:29","3c3cc392-5d12-48d2-a44d-55f1688e96a0"
"2026-07-20T18:18:05","688039494","TO-080","Palmas","Luzimangues (Porto Nacional)","BR","7","27.27","2","6802","556","-10.185637","-48.420408","1784569257555","2026-07-20T17:40:57",
"2026-07-20T18:18:05","1693600118","Av. Siqueira Campos","","Palmas","BR","2","0","5","155","-1","-10.292304","-48.332966","1784081883010","2026-07-15T02:18:03","af3fc386-180b-4082-a64c-64efe9627b8d"
"2026-07-20T18:18:05","1764089184","",,"Palmas","BR","1","0","5","45","-1","-10.25844","-48.317041","1782872178272","2026-07-01T02:16:18","972e31c2-cd12-4c0a-b3ee-1530d2e74b4f"
"2026-07-20T18:18:05","1693596122","",,"Palmas","BR","1","0","5","36","-1","-10.258352","-48.316498","1784081881899","2026-07-15T02:18:01","f6a9d158-cb4d-43ec-b26e-e2687cf324bf"
"2026-07-20T18:18:05","1693618776","",,"Palmas","BR","1","0","5","63","-1","-10.258354","-48.315834","1784081881640","2026-07-15T02:18:01","dc9d4e1f-8670-4b13-9612-de4df2989f38"
"2026-07-20T18:18:05","1211995990","",,"Palmas","BR","1","0","5","21","-1","-10.258363","-48.316757","1782353685339","2026-06-25T02:14:45","a82a13e5-2525-4021-aa92-7892a48c9f70"
"2026-07-20T18:18:05","591490510","",,"Palmas","BR","1","0","5","23","-1","-10.258348","-48.316227","1784513748999","2026-07-20T02:15:48","151ee59d-9fc8-4482-9e04-b365b1e458b5"
"2026-07-20T18:18:05","1088566738","",,"Palmas","BR","1","0","5","41","-1","-10.258569","-48.317408","1783562302500","2026-07-09T01:58:22","9740383b-d7ef-4ff2-9da7-1b82984db198"
"2026-07-20T18:18:05","1877536026","",,"Palmas","BR","1","0","5","23","-1","-10.258348","-48.316227","1784194194365","2026-07-16T09:29:54","67a7d0d3-9d61-4acd-8315-250cecac9790"
"2026-07-20T18:18:05","1693600032","",,"Palmas","BR","1","0","5","63","-1","-10.258354","-48.315834","1784081881899","2026-07-15T02:18:01","205a09b3-2e2f-4b45-86aa-4ea82a9ecd25"
"2026-07-20T18:18:05","1764118132","Av. Siqueira Campos","","Palmas","BR","2","0","5","327","-1","-10.294325","-48.33214","1782872110314","2026-07-01T02:15:10","2f08bda5-8a61-4942-836a-8f1ec7689705"
"2026-07-20T18:18:05","1693600006","Av. Siqueira Campos","","Palmas","BR","2","0","5","327","-1","-10.294325","-48.33214","1784081881897","2026-07-15T02:18:01","2613c8db-9637-40d4-8e38-c2092c8c0dfc"
"2026-07-20T18:18:05","690768436","ACSE 1 Rua SE-1","Av. NS-2","Palmas","BR","1","7.12","4","429","167","-10.185595","-48.328367","1784571250773","2026-07-20T18:14:10",
"2026-07-20T18:18:05","1851288576","",,"Palmas","BR","1","0","5","36","-1","-10.258352","-48.316498","1784019161779","2026-07-14T08:52:41","341a3583-4137-4e82-bfbb-a67b5e845593"
"2026-07-20T18:18:05","1694226848","",,"Palmas","BR","1","0","5","15","-1","-10.258365","-48.316918","1783904330428","2026-07-13T00:58:50","06d504d6-dac0-4c04-9329-7777206ab7a2"
"2026-07-20T18:18:05","223991394","",,"Palmas","BR","1","0","5","21","-1","-10.258363","-48.316757","1783180963404","2026-07-04T16:02:43","d984add8-2949-4ac0-81b5-2aa666f8ed15"
"2026-07-20T18:18:05","689859106","TO-080","Luzimangues (Porto Nacional)","Palmas","BR","7","18.86","3","3309","447","-10.185774","-48.429526","1784570518487","2026-07-20T18:01:58",
"2026-07-20T18:18:05","1877412378","",,"Palmas","BR","1","0","5","86","-1","-10.258277","-48.315151","1784194127349","2026-07-16T09:28:47","95d9d88f-a5e9-4a1f-a5e3-d31635a7afc6"
"2026-07-20T18:18:05","1693573164","","","Palmas","BR","1","0","5","86","-1","-10.258278","-48.315151","1784081882190","2026-07-15T02:18:02","0584e645-bcd7-4670-a8e4-2c08a6763039"
"2026-07-20T19:58:45","1764083300","Av. Siqueira Campos","Desvio","Palmas","BR","2","0","5","155","-1","-10.292304","-48.332966","1782872109418","2026-07-01T02:15:09","78af3b54-3dea-4f10-8eb5-5fb4a34eaabb"
"2026-07-20T19:58:45","1275283552","","Av. NS-10","Palmas","BR","1","0","5","70","-1","-10.258317","-48.317258","1782526649111","2026-06-27T02:17:29","3c3cc392-5d12-48d2-a44d-55f1688e96a0"
"2026-07-20T19:58:45","1693600118","Av. Siqueira Campos","","Palmas","BR","2","0","5","155","-1","-10.292304","-48.332966","1784081883010","2026-07-15T02:18:03","af3fc386-180b-4082-a64c-64efe9627b8d"
"2026-07-20T19:58:45","1764089184","",,"Palmas","BR","1","0","5","45","-1","-10.25844","-48.317041","1782872178272","2026-07-01T02:16:18","972e31c2-cd12-4c0a-b3ee-1530d2e74b4f"
"2026-07-20T19:58:45","1693596122","",,"Palmas","BR","1","0","5","36","-1","-10.258352","-48.316498","1784081881899","2026-07-15T02:18:01","f6a9d158-cb4d-43ec-b26e-e2687cf324bf"
"2026-07-20T19:58:45","1693618776","",,"Palmas","BR","1","0","5","63","-1","-10.258354","-48.315834","1784081881640","2026-07-15T02:18:01","dc9d4e1f-8670-4b13-9612-de4df2989f38"
"2026-07-20T19:58:45","1211995990","",,"Palmas","BR","1","0","5","21","-1","-10.258363","-48.316757","1782353685339","2026-06-25T02:14:45","a82a13e5-2525-4021-aa92-7892a48c9f70"
"2026-07-20T19:58:45","591490510","",,"Palmas","BR","1","0","5","23","-1","-10.258348","-48.316227","1784513748999","2026-07-20T02:15:48","151ee59d-9fc8-4482-9e04-b365b1e458b5"
"2026-07-20T19:58:45","1088566738","",,"Palmas","BR","1","0","5","41","-1","-10.258569","-48.317408","1783562302500","2026-07-09T01:58:22","9740383b-d7ef-4ff2-9da7-1b82984db198"
"2026-07-20T19:58:45","697601414","ACSE 1 Rua SE-1","Av. NS-2","Palmas","BR","1","10.31","3","553","136","-10.185583","-48.327002","1784577303893","2026-07-20T19:55:03",
"2026-07-20T19:58:45","694709146","TO-080","Palmas","Luzimangues (Porto Nacional)","BR","7","29.04","2","5331","390","-10.185762","-48.427986","1784574705561","2026-07-20T19:11:45",
"2026-07-20T19:58:45","1877536026","",,"Palmas","BR","1","0","5","23","-1","-10.258348","-48.316227","1784194194365","2026-07-16T09:29:54","67a7d0d3-9d61-4acd-8315-250cecac9790"
"2026-07-20T19:58:45","1693600032","",,"Palmas","BR","1","0","5","63","-1","-10.258354","-48.315834","1784081881899","2026-07-15T02:18:01","205a09b3-2e2f-4b45-86aa-4ea82a9ecd25"
"2026-07-20T19:58:45","1764118132","Av. Siqueira Campos","","Palmas","BR","2","0","5","327","-1","-10.294325","-48.33214","1782872110314","2026-07-01T02:15:10","2f08bda5-8a61-4942-836a-8f1ec7689705"
"2026-07-20T19:58:45","1693600006","Av. Siqueira Campos","","Palmas","BR","2","0","5","327","-1","-10.294325","-48.33214","1784081881897","2026-07-15T02:18:01","2613c8db-9637-40d4-8e38-c2092c8c0dfc"
"2026-07-20T19:58:45","1851288576","",,"Palmas","BR","1","0","5","36","-1","-10.258352","-48.316498","1784019161779","2026-07-14T08:52:41","341a3583-4137-4e82-bfbb-a67b5e845593"
"2026-07-20T19:58:45","223991394","",,"Palmas","BR","1","0","5","21","-1","-10.258363","-48.316757","1783180963404","2026-07-04T16:02:43","d984add8-2949-4ac0-81b5-2aa666f8ed15"
"2026-07-20T19:58:45","1694226848","",,"Palmas","BR","1","0","5","15","-1","-10.258365","-48.316918","1783904330428","2026-07-13T00:58:50","06d504d6-dac0-4c04-9329-7777206ab7a2"
"2026-07-20T19:58:45","689859106","TO-080","Luzimangues (Porto Nacional)","Palmas","BR","7","23.05","3","4412","467","-10.185767","-48.428686","1784570518487","2026-07-20T18:01:58",
"2026-07-20T19:58:45","697698762","R. 31","R. 46","Palmas","BR","1","6.84","3","526","174","-10.31723","-48.315253","1784577304583","2026-07-20T19:55:04",
"2026-07-20T19:58:45","1877412378","",,"Palmas","BR","1","0","5","86","-1","-10.258277","-48.315151","1784194127349","2026-07-16T09:28:47","95d9d88f-a5e9-4a1f-a5e3-d31635a7afc6"
"2026-07-20T19:58:45","1693573164","","","Palmas","BR","1","0","5","86","-1","-10.258278","-48.315151","1784081882190","2026-07-15T02:18:02","0584e645-bcd7-4670-a8e4-2c08a6763039"
"2026-07-20T21:08:34","1764083300","Av. Siqueira Campos","Desvio","Palmas","BR","2","0","5","155","-1","-10.292304","-48.332966","1782872109418","2026-07-01T02:15:09","78af3b54-3dea-4f10-8eb5-5fb4a34eaabb"
"2026-07-20T21:08:34","1275283552","","Av. NS-10","Palmas","BR","1","0","5","70","-1","-10.258317","-48.317258","1782526649111","2026-06-27T02:17:29","3c3cc392-5d12-48d2-a44d-55f1688e96a0"
"2026-07-20T21:08:34","1693600118","Av. Siqueira Campos","","Palmas","BR","2","0","5","155","-1","-10.292304","-48.332966","1784081883010","2026-07-15T02:18:03","af3fc386-180b-4082-a64c-64efe9627b8d"
"2026-07-20T21:08:34","1764089184","",,"Palmas","BR","1","0","5","45","-1","-10.25844","-48.317041","1782872178272","2026-07-01T02:16:18","972e31c2-cd12-4c0a-b3ee-1530d2e74b4f"
"2026-07-20T21:08:34","1693596122","",,"Palmas","BR","1","0","5","36","-1","-10.258352","-48.316498","1784081881899","2026-07-15T02:18:01","f6a9d158-cb4d-43ec-b26e-e2687cf324bf"
"2026-07-20T21:08:34","1693618776","",,"Palmas","BR","1","0","5","63","-1","-10.258354","-48.315834","1784081881640","2026-07-15T02:18:01","dc9d4e1f-8670-4b13-9612-de4df2989f38"
"2026-07-20T21:08:34","1211995990","",,"Palmas","BR","1","0","5","21","-1","-10.258363","-48.316757","1782353685339","2026-06-25T02:14:45","a82a13e5-2525-4021-aa92-7892a48c9f70"
"2026-07-20T21:08:34","591490510","",,"Palmas","BR","1","0","5","23","-1","-10.258348","-48.316227","1784513748999","2026-07-20T02:15:48","151ee59d-9fc8-4482-9e04-b365b1e458b5"
"2026-07-20T21:08:34","1088566738","",,"Palmas","BR","1","0","5","41","-1","-10.258569","-48.317408","1783562302500","2026-07-09T01:58:22","9740383b-d7ef-4ff2-9da7-1b82984db198"
"2026-07-20T21:08:34","699356062","Av. Siqueira Campos","Desvio","Palmas","BR","2","4.55","4","1261","926","-10.285835","-48.333082","1784578732631","2026-07-20T20:18:52",
"2026-07-20T21:08:34","1877536026","",,"Palmas","BR","1","0","5","23","-1","-10.258348","-48.316227","1784194194365","2026-07-16T09:29:54","67a7d0d3-9d61-4acd-8315-250cecac9790"
"2026-07-20T21:08:34","1693600032","",,"Palmas","BR","1","0","5","63","-1","-10.258354","-48.315834","1784081881899","2026-07-15T02:18:01","205a09b3-2e2f-4b45-86aa-4ea82a9ecd25"
"2026-07-20T21:08:34","1764118132","Av. Siqueira Campos","","Palmas","BR","2","0","5","327","-1","-10.294325","-48.33214","1782872110314","2026-07-01T02:15:10","2f08bda5-8a61-4942-836a-8f1ec7689705"
"2026-07-20T21:08:34","1693600006","Av. Siqueira Campos","","Palmas","BR","2","0","5","327","-1","-10.294325","-48.33214","1784081881897","2026-07-15T02:18:01","2613c8db-9637-40d4-8e38-c2092c8c0dfc"
"2026-07-20T21:08:34","1851288576","",,"Palmas","BR","1","0","5","36","-1","-10.258352","-48.316498","1784019161779","2026-07-14T08:52:41","341a3583-4137-4e82-bfbb-a67b5e845593"
"2026-07-20T21:08:34","223991394","",,"Palmas","BR","1","0","5","21","-1","-10.258363","-48.316757","1783180963404","2026-07-04T16:02:43","d984add8-2949-4ac0-81b5-2aa666f8ed15"
"2026-07-20T21:08:34","1694226848","",,"Palmas","BR","1","0","5","15","-1","-10.258365","-48.316918","1783904330428","2026-07-13T00:58:50","06d504d6-dac0-4c04-9329-7777206ab7a2"
"2026-07-20T21:08:34","1877412378","",,"Palmas","BR","1","0","5","86","-1","-10.258277","-48.315151","1784194127349","2026-07-16T09:28:47","95d9d88f-a5e9-4a1f-a5e3-d31635a7afc6"
"2026-07-20T21:08:34","1693573164","","","Palmas","BR","1","0","5","86","-1","-10.258278","-48.315151","1784081882190","2026-07-15T02:18:02","0584e645-bcd7-4670-a8e4-2c08a6763039"
"2026-07-20T22:10:02","1764083300","Av. Siqueira Campos","Desvio","Palmas","BR","2","0","5","155","-1","-10.292304","-48.332966","1782872109418","2026-07-01T02:15:09","78af3b54-3dea-4f10-8eb5-5fb4a34eaabb"
"2026-07-20T22:10:02","708588158","ACSU-SO 70 Rua NS-A","Av. LO-19","Palmas","BR","1","5.74","3","218","65","-10.229068","-48.334566","1784585295295","2026-07-20T22:08:15",
"2026-07-20T22:10:02","1275283552","","Av. NS-10","Palmas","BR","1","0","5","70","-1","-10.258317","-48.317258","1782526649111","2026-06-27T02:17:29","3c3cc392-5d12-48d2-a44d-55f1688e96a0"
"2026-07-20T22:10:02","1693600118","Av. Siqueira Campos","","Palmas","BR","2","0","5","155","-1","-10.292304","-48.332966","1784081883010","2026-07-15T02:18:03","af3fc386-180b-4082-a64c-64efe9627b8d"
"2026-07-20T22:10:02","1764089184","",,"Palmas","BR","1","0","5","45","-1","-10.25844","-48.317041","1782872178272","2026-07-01T02:16:18","972e31c2-cd12-4c0a-b3ee-1530d2e74b4f"
"2026-07-20T22:10:02","708419806","ACSU-SO 130 Rua NS-A","Av. LO-29","Palmas","BR","1","13.2","2","659","97","-10.26486","-48.334304","1784585147856","2026-07-20T22:05:47",
"2026-07-20T22:10:02","1693596122","",,"Palmas","BR","1","0","5","36","-1","-10.258352","-48.316498","1784081881899","2026-07-15T02:18:01","f6a9d158-cb4d-43ec-b26e-e2687cf324bf"
"2026-07-20T22:10:02","1693618776","",,"Palmas","BR","1","0","5","63","-1","-10.258354","-48.315834","1784081881640","2026-07-15T02:18:01","dc9d4e1f-8670-4b13-9612-de4df2989f38"
"2026-07-20T22:10:02","1211995990","",,"Palmas","BR","1","0","5","21","-1","-10.258363","-48.316757","1782353685339","2026-06-25T02:14:45","a82a13e5-2525-4021-aa92-7892a48c9f70"
"2026-07-20T22:10:02","591490510","",,"Palmas","BR","1","0","5","23","-1","-10.258348","-48.316227","1784513748999","2026-07-20T02:15:48","151ee59d-9fc8-4482-9e04-b365b1e458b5"
"2026-07-20T22:10:02","1088566738","",,"Palmas","BR","1","0","5","41","-1","-10.258569","-48.317408","1783562302500","2026-07-09T01:58:22","9740383b-d7ef-4ff2-9da7-1b82984db198"
"2026-07-20T22:10:02","707803456","Av. NS-15","","Palmas","BR","2","12.29","3","439","98","-10.20649","-48.362075","1784584705237","2026-07-20T21:58:25",
"2026-07-20T22:10:02","699356062","Av. Siqueira Campos","Desvio","Palmas","BR","2","4.76","4","1261","881","-10.285835","-48.333082","1784578732631","2026-07-20T20:18:52",
"2026-07-20T22:10:02","1764118132","Av. Siqueira Campos","","Palmas","BR","2","0","5","327","-1","-10.294325","-48.33214","1782872110314","2026-07-01T02:15:10","2f08bda5-8a61-4942-836a-8f1ec7689705"
"2026-07-20T22:10:02","1877536026","",,"Palmas","BR","1","0","5","23","-1","-10.258348","-48.316227","1784194194365","2026-07-16T09:29:54","67a7d0d3-9d61-4acd-8315-250cecac9790"
"2026-07-20T22:10:02","1693600032","",,"Palmas","BR","1","0","5","63","-1","-10.258354","-48.315834","1784081881899","2026-07-15T02:18:01","205a09b3-2e2f-4b45-86aa-4ea82a9ecd25"
"2026-07-20T22:10:02","1693600006","Av. Siqueira Campos","","Palmas","BR","2","0","5","327","-1","-10.294325","-48.33214","1784081881897","2026-07-15T02:18:01","2613c8db-9637-40d4-8e38-c2092c8c0dfc"
"2026-07-20T22:10:02","708568876","TO-050","Palmas","Palmas","BR","7","52.35","2","2259","62","-10.438069","-48.3145","1784585293403","2026-07-20T22:08:13",
"2026-07-20T22:10:02","1851288576","",,"Palmas","BR","1","0","5","36","-1","-10.258352","-48.316498","1784019161779","2026-07-14T08:52:41","341a3583-4137-4e82-bfbb-a67b5e845593"
"2026-07-20T22:10:02","223991394","",,"Palmas","BR","1","0","5","21","-1","-10.258363","-48.316757","1783180963404","2026-07-04T16:02:43","d984add8-2949-4ac0-81b5-2aa666f8ed15"
"2026-07-20T22:10:02","1694226848","",,"Palmas","BR","1","0","5","15","-1","-10.258365","-48.316918","1783904330428","2026-07-13T00:58:50","06d504d6-dac0-4c04-9329-7777206ab7a2"
"2026-07-20T22:10:02","1693573164","","","Palmas","BR","1","0","5","86","-1","-10.258278","-48.315151","1784081882190","2026-07-15T02:18:02","0584e645-bcd7-4670-a8e4-2c08a6763039"
"2026-07-20T22:10:02","1877412378","",,"Palmas","BR","1","0","5","86","-1","-10.258277","-48.315151","1784194127349","2026-07-16T09:28:47","95d9d88f-a5e9-4a1f-a5e3-d31635a7afc6"
"2026-07-20T23:12:16","1764083300","Av. Siqueira Campos","Desvio","Palmas","BR","2","0","5","155","-1","-10.292304","-48.332966","1782872109418","2026-07-01T02:15:09","78af3b54-3dea-4f10-8eb5-5fb4a34eaabb"
"2026-07-20T23:12:16","1275283552","","Av. NS-10","Palmas","BR","1","0","5","70","-1","-10.258317","-48.317258","1782526649111","2026-06-27T02:17:29","3c3cc392-5d12-48d2-a44d-55f1688e96a0"
"2026-07-20T23:12:16","1693600118","Av. Siqueira Campos","","Palmas","BR","2","0","5","155","-1","-10.292304","-48.332966","1784081883010","2026-07-15T02:18:03","af3fc386-180b-4082-a64c-64efe9627b8d"
"2026-07-20T23:12:16","1764089184","",,"Palmas","BR","1","0","5","45","-1","-10.25844","-48.317041","1782872178272","2026-07-01T02:16:18","972e31c2-cd12-4c0a-b3ee-1530d2e74b4f"
"2026-07-20T23:12:16","1693596122","",,"Palmas","BR","1","0","5","36","-1","-10.258352","-48.316498","1784081881899","2026-07-15T02:18:01","f6a9d158-cb4d-43ec-b26e-e2687cf324bf"
"2026-07-20T23:12:16","1693618776","",,"Palmas","BR","1","0","5","63","-1","-10.258354","-48.315834","1784081881640","2026-07-15T02:18:01","dc9d4e1f-8670-4b13-9612-de4df2989f38"
"2026-07-20T23:12:16","1211995990","",,"Palmas","BR","1","0","5","21","-1","-10.258363","-48.316757","1782353685339","2026-06-25T02:14:45","a82a13e5-2525-4021-aa92-7892a48c9f70"
"2026-07-20T23:12:16","591490510","",,"Palmas","BR","1","0","5","23","-1","-10.258348","-48.316227","1784513748999","2026-07-20T02:15:48","151ee59d-9fc8-4482-9e04-b365b1e458b5"
"2026-07-20T23:12:16","1088566738","",,"Palmas","BR","1","0","5","41","-1","-10.258569","-48.317408","1783562302500","2026-07-09T01:58:22","9740383b-d7ef-4ff2-9da7-1b82984db198"
"2026-07-20T23:12:16","1764118132","Av. Siqueira Campos","","Palmas","BR","2","0","5","327","-1","-10.294325","-48.33214","1782872110314","2026-07-01T02:15:10","2f08bda5-8a61-4942-836a-8f1ec7689705"
"2026-07-20T23:12:16","1877536026","",,"Palmas","BR","1","0","5","23","-1","-10.258348","-48.316227","1784194194365","2026-07-16T09:29:54","67a7d0d3-9d61-4acd-8315-250cecac9790"
"2026-07-20T23:12:16","1693600032","",,"Palmas","BR","1","0","5","63","-1","-10.258354","-48.315834","1784081881899","2026-07-15T02:18:01","205a09b3-2e2f-4b45-86aa-4ea82a9ecd25"
"2026-07-20T23:12:16","1693600006","Av. Siqueira Campos","","Palmas","BR","2","0","5","327","-1","-10.294325","-48.33214","1784081881897","2026-07-15T02:18:01","2613c8db-9637-40d4-8e38-c2092c8c0dfc"
"2026-07-20T23:12:16","1851288576","",,"Palmas","BR","1","0","5","36","-1","-10.258352","-48.316498","1784019161779","2026-07-14T08:52:41","341a3583-4137-4e82-bfbb-a67b5e845593"
"2026-07-20T23:12:16","223991394","",,"Palmas","BR","1","0","5","21","-1","-10.258363","-48.316757","1783180963404","2026-07-04T16:02:43","d984add8-2949-4ac0-81b5-2aa666f8ed15"
"2026-07-20T23:12:16","1694226848","",,"Palmas","BR","1","0","5","15","-1","-10.258365","-48.316918","1783904330428","2026-07-13T00:58:50","06d504d6-dac0-4c04-9329-7777206ab7a2"
"2026-07-20T23:12:16","1693573164","","","Palmas","BR","1","0","5","86","-1","-10.258278","-48.315151","1784081882190","2026-07-15T02:18:02","0584e645-bcd7-4670-a8e4-2c08a6763039"
"2026-07-20T23:12:16","1877412378","",,"Palmas","BR","1","0","5","86","-1","-10.258277","-48.315151","1784194127349","2026-07-16T09:28:47","95d9d88f-a5e9-4a1f-a5e3-d31635a7afc6"
"2026-07-21T00:07:38","1764083300","Av. Siqueira Campos","Desvio","Palmas","BR","2","0","5","155","-1","-10.292304","-48.332966","1782872109418","2026-07-01T02:15:09","78af3b54-3dea-4f10-8eb5-5fb4a34eaabb"
"2026-07-21T00:07:38","1275283552","","Av. NS-10","Palmas","BR","1","0","5","70","-1","-10.258317","-48.317258","1782526649111","2026-06-27T02:17:29","3c3cc392-5d12-48d2-a44d-55f1688e96a0"
"2026-07-21T00:07:38","1693600118","Av. Siqueira Campos","","Palmas","BR","2","0","5","155","-1","-10.292304","-48.332966","1784081883010","2026-07-15T02:18:03","af3fc386-180b-4082-a64c-64efe9627b8d"
"2026-07-21T00:07:38","1764089184","",,"Palmas","BR","1","0","5","45","-1","-10.25844","-48.317041","1782872178272","2026-07-01T02:16:18","972e31c2-cd12-4c0a-b3ee-1530d2e74b4f"
"2026-07-21T00:07:38","1693596122","",,"Palmas","BR","1","0","5","36","-1","-10.258352","-48.316498","1784081881899","2026-07-15T02:18:01","f6a9d158-cb4d-43ec-b26e-e2687cf324bf"
"2026-07-21T00:07:38","1693618776","",,"Palmas","BR","1","0","5","63","-1","-10.258354","-48.315834","1784081881640","2026-07-15T02:18:01","dc9d4e1f-8670-4b13-9612-de4df2989f38"
"2026-07-21T00:07:38","1211995990","",,"Palmas","BR","1","0","5","21","-1","-10.258363","-48.316757","1782353685339","2026-06-25T02:14:45","a82a13e5-2525-4021-aa92-7892a48c9f70"
"2026-07-21T00:07:38","591490510","",,"Palmas","BR","1","0","5","23","-1","-10.258348","-48.316227","1784513748999","2026-07-20T02:15:48","151ee59d-9fc8-4482-9e04-b365b1e458b5"
"2026-07-21T00:07:38","1088566738","",,"Palmas","BR","1","0","5","41","-1","-10.258569","-48.317408","1783562302500","2026-07-09T01:58:22","9740383b-d7ef-4ff2-9da7-1b82984db198"
"2026-07-21T00:07:38","1693600032","",,"Palmas","BR","1","0","5","63","-1","-10.258354","-48.315834","1784081881899","2026-07-15T02:18:01","205a09b3-2e2f-4b45-86aa-4ea82a9ecd25"
"2026-07-21T00:07:38","1877536026","",,"Palmas","BR","1","0","5","23","-1","-10.258348","-48.316227","1784194194365","2026-07-16T09:29:54","67a7d0d3-9d61-4acd-8315-250cecac9790"
"2026-07-21T00:07:38","1764118132","Av. Siqueira Campos","","Palmas","BR","2","0","5","327","-1","-10.294325","-48.33214","1782872110314","2026-07-01T02:15:10","2f08bda5-8a61-4942-836a-8f1ec7689705"
"2026-07-21T00:07:38","1693600006","Av. Siqueira Campos","","Palmas","BR","2","0","5","327","-1","-10.294325","-48.33214","1784081881897","2026-07-15T02:18:01","2613c8db-9637-40d4-8e38-c2092c8c0dfc"
"2026-07-21T00:07:38","1851288576","",,"Palmas","BR","1","0","5","36","-1","-10.258352","-48.316498","1784019161779","2026-07-14T08:52:41","341a3583-4137-4e82-bfbb-a67b5e845593"
"2026-07-21T00:07:38","1694226848","",,"Palmas","BR","1","0","5","15","-1","-10.258365","-48.316918","1783904330428","2026-07-13T00:58:50","06d504d6-dac0-4c04-9329-7777206ab7a2"
"2026-07-21T00:07:38","223991394","",,"Palmas","BR","1","0","5","21","-1","-10.258363","-48.316757","1783180963404","2026-07-04T16:02:43","d984add8-2949-4ac0-81b5-2aa666f8ed15"
"2026-07-21T00:07:38","1877412378","",,"Palmas","BR","1","0","5","86","-1","-10.258277","-48.315151","1784194127349","2026-07-16T09:28:47","95d9d88f-a5e9-4a1f-a5e3-d31635a7afc6"
"2026-07-21T00:07:38","1693573164","","","Palmas","BR","1","0","5","86","-1","-10.258278","-48.315151","1784081882190","2026-07-15T02:18:02","0584e645-bcd7-4670-a8e4-2c08a6763039"
"2026-07-21T00:07:38","717599546","R. 12","Av. 1","Palmas","BR","1","3.15","4","150","89","-10.32666","-48.300037","1784592022677","2026-07-21T00:00:22",
"2026-07-21T03:37:24","1764083300","Av. Siqueira Campos","","Palmas","BR","2","0","5","155","-1","-10.292304","-48.332966","1782872109418","2026-07-01T02:15:09","78af3b54-3dea-4f10-8eb5-5fb4a34eaabb"
"2026-07-21T03:37:24","1275283552","","Av. NS-10","Palmas","BR","1","0","5","70","-1","-10.258317","-48.317258","1782526649111","2026-06-27T02:17:29","3c3cc392-5d12-48d2-a44d-55f1688e96a0"
"2026-07-21T03:37:24","1693600118","Av. Siqueira Campos","","Palmas","BR","2","0","5","155","-1","-10.292304","-48.332966","1784081883010","2026-07-15T02:18:03","af3fc386-180b-4082-a64c-64efe9627b8d"
"2026-07-21T03:37:24","1764089184","",,"Palmas","BR","1","0","5","45","-1","-10.25844","-48.317041","1782872178272","2026-07-01T02:16:18","972e31c2-cd12-4c0a-b3ee-1530d2e74b4f"
"2026-07-21T03:37:24","1693596122","",,"Palmas","BR","1","0","5","36","-1","-10.258352","-48.316498","1784081881899","2026-07-15T02:18:01","f6a9d158-cb4d-43ec-b26e-e2687cf324bf"
"2026-07-21T03:37:24","1693618776","",,"Palmas","BR","1","0","5","63","-1","-10.258354","-48.315834","1784081881640","2026-07-15T02:18:01","dc9d4e1f-8670-4b13-9612-de4df2989f38"
"2026-07-21T03:37:24","1211995990","",,"Palmas","BR","1","0","5","21","-1","-10.258363","-48.316757","1782353685339","2026-06-25T02:14:45","a82a13e5-2525-4021-aa92-7892a48c9f70"
"2026-07-21T03:37:24","1088566738","",,"Palmas","BR","1","0","5","41","-1","-10.258569","-48.317408","1783562302500","2026-07-09T01:58:22","9740383b-d7ef-4ff2-9da7-1b82984db198"
"2026-07-21T03:37:24","1877536026","",,"Palmas","BR","1","0","5","23","-1","-10.258348","-48.316227","1784194194365","2026-07-16T09:29:54","67a7d0d3-9d61-4acd-8315-250cecac9790"
"2026-07-21T03:37:24","1693600032","",,"Palmas","BR","1","0","5","63","-1","-10.258354","-48.315834","1784081881899","2026-07-15T02:18:01","205a09b3-2e2f-4b45-86aa-4ea82a9ecd25"
"2026-07-21T03:37:24","1764118132","Av. Siqueira Campos","","Palmas","BR","2","0","5","327","-1","-10.294325","-48.33214","1782872110314","2026-07-01T02:15:10","2f08bda5-8a61-4942-836a-8f1ec7689705"
"2026-07-21T03:37:24","725371816","",,"Palmas","BR","1","0","5","23","-1","-10.258348","-48.316227","1784600137022","2026-07-21T02:15:37","151ee59d-9fc8-4482-9e04-b365b1e458b5"
"2026-07-21T03:37:24","1693600006","Av. Siqueira Campos","","Palmas","BR","2","0","5","327","-1","-10.294325","-48.33214","1784081881897","2026-07-15T02:18:01","2613c8db-9637-40d4-8e38-c2092c8c0dfc"
"2026-07-21T03:37:24","1851288576","",,"Palmas","BR","1","0","5","36","-1","-10.258352","-48.316498","1784019161779","2026-07-14T08:52:41","341a3583-4137-4e82-bfbb-a67b5e845593"
"2026-07-21T03:37:24","727447362","Av. LO-11","","Palmas","BR","2","13.73","3","580","110","-10.210859","-48.347294","1784604530546","2026-07-21T03:28:50",
"2026-07-21T03:37:24","1694226848","",,"Palmas","BR","1","0","5","15","-1","-10.258365","-48.316918","1783904330428","2026-07-13T00:58:50","06d504d6-dac0-4c04-9329-7777206ab7a2"
"2026-07-21T03:37:24","223991394","",,"Palmas","BR","1","0","5","21","-1","-10.258363","-48.316757","1783180963404","2026-07-04T16:02:43","d984add8-2949-4ac0-81b5-2aa666f8ed15"
"2026-07-21T03:37:24","1877412378","",,"Palmas","BR","1","0","5","86","-1","-10.258277","-48.315151","1784194127349","2026-07-16T09:28:47","95d9d88f-a5e9-4a1f-a5e3-d31635a7afc6"
"2026-07-21T03:37:24","1693573164","","","Palmas","BR","1","0","5","86","-1","-10.258278","-48.315151","1784081882190","2026-07-15T02:18:02","0584e645-bcd7-4670-a8e4-2c08a6763039"
"2026-07-21T06:14:18","1764083300","Av. Siqueira Campos","","Palmas","BR","2","0","5","155","-1","-10.292304","-48.332966","1782872109418","2026-07-01T02:15:09","78af3b54-3dea-4f10-8eb5-5fb4a34eaabb"
"2026-07-21T06:14:18","1275283552","","Av. NS-10","Palmas","BR","1","0","5","70","-1","-10.258317","-48.317258","1782526649111","2026-06-27T02:17:29","3c3cc392-5d12-48d2-a44d-55f1688e96a0"
"2026-07-21T06:14:18","1693600118","Av. Siqueira Campos","","Palmas","BR","2","0","5","155","-1","-10.292304","-48.332966","1784081883010","2026-07-15T02:18:03","af3fc386-180b-4082-a64c-64efe9627b8d"
"2026-07-21T06:14:18","1764089184","",,"Palmas","BR","1","0","5","45","-1","-10.25844","-48.317041","1782872178272","2026-07-01T02:16:18","972e31c2-cd12-4c0a-b3ee-1530d2e74b4f"
"2026-07-21T06:14:18","1693596122","",,"Palmas","BR","1","0","5","36","-1","-10.258352","-48.316498","1784081881899","2026-07-15T02:18:01","f6a9d158-cb4d-43ec-b26e-e2687cf324bf"
"2026-07-21T06:14:18","1693618776","",,"Palmas","BR","1","0","5","63","-1","-10.258354","-48.315834","1784081881640","2026-07-15T02:18:01","dc9d4e1f-8670-4b13-9612-de4df2989f38"
"2026-07-21T06:14:18","1211995990","",,"Palmas","BR","1","0","5","21","-1","-10.258363","-48.316757","1782353685339","2026-06-25T02:14:45","a82a13e5-2525-4021-aa92-7892a48c9f70"
"2026-07-21T06:14:18","1088566738","",,"Palmas","BR","1","0","5","41","-1","-10.258569","-48.317408","1783562302500","2026-07-09T01:58:22","9740383b-d7ef-4ff2-9da7-1b82984db198"
"2026-07-21T06:14:18","733902124","TO-080","Luzimangues (Porto Nacional)","Palmas","BR","7","48.52","1","8089","195","-10.185632","-48.419569","1784614111019","2026-07-21T06:08:31",
"2026-07-21T06:14:18","1877536026","",,"Palmas","BR","1","0","5","23","-1","-10.258348","-48.316227","1784194194365","2026-07-16T09:29:54","67a7d0d3-9d61-4acd-8315-250cecac9790"
"2026-07-21T06:14:18","1693600032","",,"Palmas","BR","1","0","5","63","-1","-10.258354","-48.315834","1784081881899","2026-07-15T02:18:01","205a09b3-2e2f-4b45-86aa-4ea82a9ecd25"
"2026-07-21T06:14:18","1764118132","Av. Siqueira Campos","","Palmas","BR","2","0","5","327","-1","-10.294325","-48.33214","1782872110314","2026-07-01T02:15:10","2f08bda5-8a61-4942-836a-8f1ec7689705"
"2026-07-21T06:14:18","725371816","",,"Palmas","BR","1","0","5","23","-1","-10.258348","-48.316227","1784600137022","2026-07-21T02:15:37","151ee59d-9fc8-4482-9e04-b365b1e458b5"
"2026-07-21T06:14:18","1693600006","Av. Siqueira Campos","","Palmas","BR","2","0","5","327","-1","-10.294325","-48.33214","1784081881897","2026-07-15T02:18:01","2613c8db-9637-40d4-8e38-c2092c8c0dfc"
"2026-07-21T06:14:18","1851288576","",,"Palmas","BR","1","0","5","36","-1","-10.258352","-48.316498","1784019161779","2026-07-14T08:52:41","341a3583-4137-4e82-bfbb-a67b5e845593"
"2026-07-21T06:14:18","1694226848","",,"Palmas","BR","1","0","5","15","-1","-10.258365","-48.316918","1783904330428","2026-07-13T00:58:50","06d504d6-dac0-4c04-9329-7777206ab7a2"
"2026-07-21T06:14:18","223991394","",,"Palmas","BR","1","0","5","21","-1","-10.258363","-48.316757","1783180963404","2026-07-04T16:02:43","d984add8-2949-4ac0-81b5-2aa666f8ed15"
"2026-07-21T06:14:18","1877412378","",,"Palmas","BR","1","0","5","86","-1","-10.258277","-48.315151","1784194127349","2026-07-16T09:28:47","95d9d88f-a5e9-4a1f-a5e3-d31635a7afc6"
"2026-07-21T06:14:18","1693573164","","","Palmas","BR","1","0","5","86","-1","-10.258278","-48.315151","1784081882190","2026-07-15T02:18:02","0584e645-bcd7-4670-a8e4-2c08a6763039"
"2026-07-21T08:44:18","741752694","","Av. LO-11","Palmas","BR","2","0","5","23","-1","-10.210252","-48.364385","1784619211530","2026-07-21T07:33:31","8b62942a-33d3-4540-ac63-b1448de2d2f1"
"2026-07-21T08:44:18","1764083300","Av. Siqueira Campos","","Palmas","BR","2","0","5","155","-1","-10.292304","-48.332966","1782872109418","2026-07-01T02:15:09","78af3b54-3dea-4f10-8eb5-5fb4a34eaabb"
"2026-07-21T08:44:18","741752690","Av. NS-15","","Palmas","BR","2","0","5","659","-1","-10.208164","-48.362847","1784619211468","2026-07-21T07:33:31","f71d6fad-0ec9-47b0-a331-e9a7b26bc99c"
"2026-07-21T08:44:18","1693600118","Av. Siqueira Campos","","Palmas","BR","2","0","5","155","-1","-10.292304","-48.332966","1784081883010","2026-07-15T02:18:03","af3fc386-180b-4082-a64c-64efe9627b8d"
"2026-07-21T08:44:18","1764089184","",,"Palmas","BR","1","0","5","45","-1","-10.25844","-48.317041","1782872178272","2026-07-01T02:16:18","972e31c2-cd12-4c0a-b3ee-1530d2e74b4f"
"2026-07-21T08:44:18","741410558","",,"Palmas","BR","2","0","5","23","-1","-10.210454","-48.364407","1784619211484","2026-07-21T07:33:31","5f2a2eb5-754f-4f6d-8e59-af47d2c239db"
"2026-07-21T08:44:18","1693600032","",,"Palmas","BR","1","0","5","63","-1","-10.258354","-48.315834","1784081881899","2026-07-15T02:18:01","205a09b3-2e2f-4b45-86aa-4ea82a9ecd25"
"2026-07-21T08:44:18","1764118132","Av. Siqueira Campos","","Palmas","BR","2","0","5","327","-1","-10.294325","-48.33214","1782872110314","2026-07-01T02:15:10","2f08bda5-8a61-4942-836a-8f1ec7689705"
"2026-07-21T08:44:18","725371816","",,"Palmas","BR","1","0","5","23","-1","-10.258348","-48.316227","1784600137022","2026-07-21T02:15:37","151ee59d-9fc8-4482-9e04-b365b1e458b5"
"2026-07-21T08:44:18","1851288576","",,"Palmas","BR","1","0","5","36","-1","-10.258352","-48.316498","1784019161779","2026-07-14T08:52:41","341a3583-4137-4e82-bfbb-a67b5e845593"
"2026-07-21T08:44:18","741462634","","Av. NS-15","Palmas","BR","2","0","5","46","-1","-10.210282","-48.363646","1784619211549","2026-07-21T07:33:31","4cf961eb-38ad-4fbd-b136-0ee83251291e"
"2026-07-21T08:44:18","1694226848","",,"Palmas","BR","1","0","5","15","-1","-10.258365","-48.316918","1783904330428","2026-07-13T00:58:50","06d504d6-dac0-4c04-9329-7777206ab7a2"
"2026-07-21T08:44:18","741795690","Av. LO-11","","Palmas","BR","2","0","5","278","-1","-10.210817","-48.362524","1784619211559","2026-07-21T07:33:31","3f6d7de6-d8b9-4819-9711-36f5716620fa"
"2026-07-21T08:44:18","1693573164","","","Palmas","BR","1","0","5","86","-1","-10.258278","-48.315151","1784081882190","2026-07-15T02:18:02","0584e645-bcd7-4670-a8e4-2c08a6763039"
"2026-07-21T08:44:18","741506514","Av. LO-11","","Palmas","BR","2","0","5","284","-1","-10.210994","-48.36245","1784619211554","2026-07-21T07:33:31","b6e6020b-5b0b-4e39-8f55-a7f669f610aa"
"2026-07-21T08:44:18","746335326","","Av. Siqueira Campos","Palmas","BR","2","18.81","3","3115","544","-10.298913","-48.357315","1784622492596","2026-07-21T08:28:12",
"2026-07-21T08:44:18","741386642","","Av. NS-15","Palmas","BR","2","0","5","18","-1","-10.210634","-48.364333","1784619211546","2026-07-21T07:33:31","a068137f-71c9-4e72-8934-eebf44434c5b"
"2026-07-21T08:44:18","1275283552","","Av. NS-10","Palmas","BR","1","0","5","70","-1","-10.258317","-48.317258","1782526649111","2026-06-27T02:17:29","3c3cc392-5d12-48d2-a44d-55f1688e96a0"
"2026-07-21T08:44:18","741382616","","Av. LO-11","Palmas","BR","2","0","5","47","-1","-10.21073","-48.363836","1784619211566","2026-07-21T07:33:31","3a971562-403f-4264-9515-643e27e0ea1f"
"2026-07-21T08:44:18","1693596122","",,"Palmas","BR","1","0","5","36","-1","-10.258352","-48.316498","1784081881899","2026-07-15T02:18:01","f6a9d158-cb4d-43ec-b26e-e2687cf324bf"
"2026-07-21T08:44:18","1693618776","",,"Palmas","BR","1","0","5","63","-1","-10.258354","-48.315834","1784081881640","2026-07-15T02:18:01","dc9d4e1f-8670-4b13-9612-de4df2989f38"
"2026-07-21T08:44:18","1211995990","",,"Palmas","BR","1","0","5","21","-1","-10.258363","-48.316757","1782353685339","2026-06-25T02:14:45","a82a13e5-2525-4021-aa92-7892a48c9f70"
"2026-07-21T08:44:18","1088566738","",,"Palmas","BR","1","0","5","41","-1","-10.258569","-48.317408","1783562302500","2026-07-09T01:58:22","9740383b-d7ef-4ff2-9da7-1b82984db198"
"2026-07-21T08:44:18","1877536026","",,"Palmas","BR","1","0","5","23","-1","-10.258348","-48.316227","1784194194365","2026-07-16T09:29:54","67a7d0d3-9d61-4acd-8315-250cecac9790"
"2026-07-21T08:44:18","741725318","","Av. LO-11","Palmas","BR","2","0","5","47","-1","-10.21005","-48.364167","1784619211456","2026-07-21T07:33:31","21b51794-0cc5-40ec-a423-7bcb2e1a67f8"
"2026-07-21T08:44:18","741791746","Av. NS-15","","Palmas","BR","2","0","5","809","-1","-10.213597","-48.364879","1784619211501","2026-07-21T07:33:31","33bc9685-93ac-4680-8026-0f87f4f39092"
"2026-07-21T08:44:18","1693600006","Av. Siqueira Campos","","Palmas","BR","2","0","5","327","-1","-10.294325","-48.33214","1784081881897","2026-07-15T02:18:01","2613c8db-9637-40d4-8e38-c2092c8c0dfc"
"2026-07-21T08:44:18","741454596","Av. NS-15","","Palmas","BR","2","0","5","788","-1","-10.213941","-48.364657","1784619211662","2026-07-21T07:33:31","3ced101c-df9d-4b5b-b0db-d998d7444ec3"
"2026-07-21T08:44:18","223991394","",,"Palmas","BR","1","0","5","21","-1","-10.258363","-48.316757","1783180963404","2026-07-04T16:02:43","d984add8-2949-4ac0-81b5-2aa666f8ed15"
"2026-07-21T08:44:18","741725320","Av. NS-15","","Palmas","BR","2","0","5","663","-1","-10.207318","-48.362764","1784619211495","2026-07-21T07:33:31","c111167d-f4ec-418c-9794-5da6d9cc877f"
"2026-07-21T08:44:18","1877412378","",,"Palmas","BR","1","0","5","86","-1","-10.258277","-48.315151","1784194127349","2026-07-16T09:28:47","95d9d88f-a5e9-4a1f-a5e3-d31635a7afc6"
"2026-07-21T10:49:08","1764083300","Av. Siqueira Campos","","Palmas","BR","2","0","5","155","-1","-10.292304","-48.332966","1782872109418","2026-07-01T02:15:09","78af3b54-3dea-4f10-8eb5-5fb4a34eaabb"
"2026-07-21T10:49:08","758929374","ARSE 21 Al. 1 Jandaiá","ARSE 21 Al. 9 Rouxinol","Palmas","BR","1","6.53","3","362","147","-10.193835","-48.327157","1784630838985","2026-07-21T10:47:18",
"2026-07-21T10:49:08","1275283552","","Av. NS-10","Palmas","BR","1","0","5","70","-1","-10.258317","-48.317258","1782526649111","2026-06-27T02:17:29","3c3cc392-5d12-48d2-a44d-55f1688e96a0"
"2026-07-21T10:49:08","1693600118","Av. Siqueira Campos","","Palmas","BR","2","0","5","155","-1","-10.292304","-48.332966","1784081883010","2026-07-15T02:18:03","af3fc386-180b-4082-a64c-64efe9627b8d"
"2026-07-21T10:49:08","1764089184","",,"Palmas","BR","1","0","5","45","-1","-10.25844","-48.317041","1782872178272","2026-07-01T02:16:18","972e31c2-cd12-4c0a-b3ee-1530d2e74b4f"
"2026-07-21T10:49:08","756704690","Av. Siqueira Campos","Av. Parque","Palmas","BR","2","25.14","2","1320","98","-10.284288","-48.332874","1784629557266","2026-07-21T10:25:57",
"2026-07-21T10:49:08","1693596122","",,"Palmas","BR","1","0","5","36","-1","-10.258352","-48.316498","1784081881899","2026-07-15T02:18:01","f6a9d158-cb4d-43ec-b26e-e2687cf324bf"
"2026-07-21T10:49:08","758499292","Marg. da BR-010","Marg. da TO-050","Palmas","BR","2","29.95","2","2613","125","-10.245274","-48.31167","1784630550072","2026-07-21T10:42:30",
"2026-07-21T10:49:08","1693618776","",,"Palmas","BR","1","0","5","63","-1","-10.258354","-48.315834","1784081881640","2026-07-15T02:18:01","dc9d4e1f-8670-4b13-9612-de4df2989f38"
"2026-07-21T10:49:08","1211995990","",,"Palmas","BR","1","0","5","21","-1","-10.258363","-48.316757","1782353685339","2026-06-25T02:14:45","a82a13e5-2525-4021-aa92-7892a48c9f70"
"2026-07-21T10:49:08","1088566738","",,"Palmas","BR","1","0","5","41","-1","-10.258569","-48.317408","1783562302500","2026-07-09T01:58:22","9740383b-d7ef-4ff2-9da7-1b82984db198"
"2026-07-21T10:49:08","1693600032","",,"Palmas","BR","1","0","5","63","-1","-10.258354","-48.315834","1784081881899","2026-07-15T02:18:01","205a09b3-2e2f-4b45-86aa-4ea82a9ecd25"
"2026-07-21T10:49:08","1877536026","",,"Palmas","BR","1","0","5","23","-1","-10.258348","-48.316227","1784194194365","2026-07-16T09:29:54","67a7d0d3-9d61-4acd-8315-250cecac9790"
"2026-07-21T10:49:08","1764118132","Av. Siqueira Campos","","Palmas","BR","2","0","5","327","-1","-10.294325","-48.33214","1782872110314","2026-07-01T02:15:10","2f08bda5-8a61-4942-836a-8f1ec7689705"
"2026-07-21T10:49:08","1693600006","Av. Siqueira Campos","","Palmas","BR","2","0","5","327","-1","-10.294325","-48.33214","1784081881897","2026-07-15T02:18:01","2613c8db-9637-40d4-8e38-c2092c8c0dfc"
"2026-07-21T10:49:08","725371816","",,"Palmas","BR","1","0","5","23","-1","-10.258348","-48.316227","1784600137022","2026-07-21T02:15:37","151ee59d-9fc8-4482-9e04-b365b1e458b5"
"2026-07-21T10:49:08","1851288576","",,"Palmas","BR","1","0","5","36","-1","-10.258352","-48.316498","1784019161779","2026-07-14T08:52:41","341a3583-4137-4e82-bfbb-a67b5e845593"
"2026-07-21T10:49:08","1694226848","",,"Palmas","BR","1","0","5","15","-1","-10.258365","-48.316918","1783904330428","2026-07-13T00:58:50","06d504d6-dac0-4c04-9329-7777206ab7a2"
"2026-07-21T10:49:08","223991394","",,"Palmas","BR","1","0","5","21","-1","-10.258363","-48.316757","1783180963404","2026-07-04T16:02:43","d984add8-2949-4ac0-81b5-2aa666f8ed15"
"2026-07-21T10:49:08","1693573164","","","Palmas","BR","1","0","5","86","-1","-10.258278","-48.315151","1784081882190","2026-07-15T02:18:02","0584e645-bcd7-4670-a8e4-2c08a6763039"
"2026-07-21T10:49:08","1877412378","",,"Palmas","BR","1","0","5","86","-1","-10.258277","-48.315151","1784194127349","2026-07-16T09:28:47","95d9d88f-a5e9-4a1f-a5e3-d31635a7afc6"
"2026-07-21T12:12:37","762735734","TO-080","Palmas","Luzimangues (Porto Nacional)","BR","7","45.89","1","8089","230","-10.185632","-48.419569","1784632864527","2026-07-21T11:21:04",
"2026-07-21T12:12:37","1764083300","Av. Siqueira Campos","","Palmas","BR","2","0","5","155","-1","-10.292304","-48.332966","1782872109418","2026-07-01T02:15:09","78af3b54-3dea-4f10-8eb5-5fb4a34eaabb"
"2026-07-21T12:12:37","1275283552","","Av. NS-10","Palmas","BR","1","0","5","70","-1","-10.258317","-48.317258","1782526649111","2026-06-27T02:17:29","3c3cc392-5d12-48d2-a44d-55f1688e96a0"
"2026-07-21T12:12:37","1693600118","Av. Siqueira Campos","","Palmas","BR","2","0","5","155","-1","-10.292304","-48.332966","1784081883010","2026-07-15T02:18:03","af3fc386-180b-4082-a64c-64efe9627b8d"
"2026-07-21T12:12:37","1764089184","",,"Palmas","BR","1","0","5","45","-1","-10.25844","-48.317041","1782872178272","2026-07-01T02:16:18","972e31c2-cd12-4c0a-b3ee-1530d2e74b4f"
"2026-07-21T12:12:37","1693596122","",,"Palmas","BR","1","0","5","36","-1","-10.258352","-48.316498","1784081881899","2026-07-15T02:18:01","f6a9d158-cb4d-43ec-b26e-e2687cf324bf"
"2026-07-21T12:12:37","1693618776","",,"Palmas","BR","1","0","5","63","-1","-10.258354","-48.315834","1784081881640","2026-07-15T02:18:01","dc9d4e1f-8670-4b13-9612-de4df2989f38"
"2026-07-21T12:12:37","1211995990","",,"Palmas","BR","1","0","5","21","-1","-10.258363","-48.316757","1782353685339","2026-06-25T02:14:45","a82a13e5-2525-4021-aa92-7892a48c9f70"
"2026-07-21T12:12:37","768300036","R. 13","","Palmas","BR","1","1.64","4","333","661","-10.302826","-48.297896","1784635691320","2026-07-21T12:08:11",
"2026-07-21T12:12:37","1088566738","",,"Palmas","BR","1","0","5","41","-1","-10.258569","-48.317408","1783562302500","2026-07-09T01:58:22","9740383b-d7ef-4ff2-9da7-1b82984db198"
"2026-07-21T12:12:37","768842978","ACNO 1 Rua NO-1",,"Palmas","BR","1","3.63","4","163","143","-10.183556","-48.341694","1784635911635","2026-07-21T12:11:51",
"2026-07-21T12:12:37","1877536026","",,"Palmas","BR","1","0","5","23","-1","-10.258348","-48.316227","1784194194365","2026-07-16T09:29:54","67a7d0d3-9d61-4acd-8315-250cecac9790"
"2026-07-21T12:12:37","1764118132","Av. Siqueira Campos","","Palmas","BR","2","0","5","327","-1","-10.294325","-48.33214","1782872110314","2026-07-01T02:15:10","2f08bda5-8a61-4942-836a-8f1ec7689705"
"2026-07-21T12:12:37","1693600032","",,"Palmas","BR","1","0","5","63","-1","-10.258354","-48.315834","1784081881899","2026-07-15T02:18:01","205a09b3-2e2f-4b45-86aa-4ea82a9ecd25"
"2026-07-21T12:12:37","1693600006","Av. Siqueira Campos","","Palmas","BR","2","0","5","327","-1","-10.294325","-48.33214","1784081881897","2026-07-15T02:18:01","2613c8db-9637-40d4-8e38-c2092c8c0dfc"
"2026-07-21T12:12:37","725371816","",,"Palmas","BR","1","0","5","23","-1","-10.258348","-48.316227","1784600137022","2026-07-21T02:15:37","151ee59d-9fc8-4482-9e04-b365b1e458b5"
"2026-07-21T12:12:37","762079290","TO-080","Luzimangues (Porto Nacional)","Palmas","BR","7","30.36","2","3860","250","-10.18577","-48.429106","1784632498891","2026-07-21T11:14:58",
"2026-07-21T12:12:37","1851288576","",,"Palmas","BR","1","0","5","36","-1","-10.258352","-48.316498","1784019161779","2026-07-14T08:52:41","341a3583-4137-4e82-bfbb-a67b5e845593"
"2026-07-21T12:12:37","768518740","ARSE 101 Al. 3","Av. NS-2","Palmas","BR","1","5.64","3","199","93","-10.245912","-48.328726","1784635762454","2026-07-21T12:09:22",
"2026-07-21T12:12:37","1694226848","",,"Palmas","BR","1","0","5","15","-1","-10.258365","-48.316918","1783904330428","2026-07-13T00:58:50","06d504d6-dac0-4c04-9329-7777206ab7a2"
"2026-07-21T12:12:37","223991394","",,"Palmas","BR","1","0","5","21","-1","-10.258363","-48.316757","1783180963404","2026-07-04T16:02:43","d984add8-2949-4ac0-81b5-2aa666f8ed15"
"2026-07-21T12:12:37","1693573164","","","Palmas","BR","1","0","5","86","-1","-10.258278","-48.315151","1784081882190","2026-07-15T02:18:02","0584e645-bcd7-4670-a8e4-2c08a6763039"
"2026-07-21T12:12:37","1877412378","",,"Palmas","BR","1","0","5","86","-1","-10.258277","-48.315151","1784194127349","2026-07-16T09:28:47","95d9d88f-a5e9-4a1f-a5e3-d31635a7afc6"
"2026-07-21T12:12:37","768258420","ACSU-SO 20 Rua NS-A","Av. LO-3","Palmas","BR","1","6.73","3","250","97","-10.19331","-48.334923","1784635619372","2026-07-21T12:06:59",
"2026-07-21T14:20:01","1764083300","Av. Siqueira Campos","","Palmas","BR","2","0","5","155","-1","-10.292304","-48.332966","1782872109418","2026-07-01T02:15:09","78af3b54-3dea-4f10-8eb5-5fb4a34eaabb"
"2026-07-21T14:20:01","1275283552","","Av. NS-10","Palmas","BR","1","0","5","70","-1","-10.258317","-48.317258","1782526649111","2026-06-27T02:17:29","3c3cc392-5d12-48d2-a44d-55f1688e96a0"
"2026-07-21T14:20:01","1693600118","Av. Siqueira Campos","","Palmas","BR","2","0","5","155","-1","-10.292304","-48.332966","1784081883010","2026-07-15T02:18:03","af3fc386-180b-4082-a64c-64efe9627b8d"
"2026-07-21T14:20:01","1764089184","",,"Palmas","BR","1","0","5","45","-1","-10.25844","-48.317041","1782872178272","2026-07-01T02:16:18","972e31c2-cd12-4c0a-b3ee-1530d2e74b4f"
"2026-07-21T14:20:01","782539778","TO-080","Palmas","Luzimangues (Porto Nacional)","BR","7","28.69","2","3309","243","-10.185774","-48.429526","1784641704675","2026-07-21T13:48:24",
"2026-07-21T14:20:01","787482776","ACSE 1 Rua SE-1","Av. NS-2","Palmas","BR","1","15.99","2","585","64","-10.185584","-48.327522","1784643579403","2026-07-21T14:19:39",
"2026-07-21T14:20:01","1693596122","",,"Palmas","BR","1","0","5","36","-1","-10.258352","-48.316498","1784081881899","2026-07-15T02:18:01","f6a9d158-cb4d-43ec-b26e-e2687cf324bf"
"2026-07-21T14:20:01","1693618776","",,"Palmas","BR","1","0","5","63","-1","-10.258354","-48.315834","1784081881640","2026-07-15T02:18:01","dc9d4e1f-8670-4b13-9612-de4df2989f38"
"2026-07-21T14:20:01","1211995990","",,"Palmas","BR","1","0","5","21","-1","-10.258363","-48.316757","1782353685339","2026-06-25T02:14:45","a82a13e5-2525-4021-aa92-7892a48c9f70"
"2026-07-21T14:20:01","1088566738","",,"Palmas","BR","1","0","5","41","-1","-10.258569","-48.317408","1783562302500","2026-07-09T01:58:22","9740383b-d7ef-4ff2-9da7-1b82984db198"
"2026-07-21T14:20:01","786365836","TO-080","Luzimangues (Porto Nacional)","Palmas","BR","7","13.3","3","3676","812","-10.185772","-48.429246","1784643220480","2026-07-21T14:13:40",
"2026-07-21T14:20:01","1877536026","",,"Palmas","BR","1","0","5","23","-1","-10.258348","-48.316227","1784194194365","2026-07-16T09:29:54","67a7d0d3-9d61-4acd-8315-250cecac9790"
"2026-07-21T14:20:01","1693600032","",,"Palmas","BR","1","0","5","63","-1","-10.258354","-48.315834","1784081881899","2026-07-15T02:18:01","205a09b3-2e2f-4b45-86aa-4ea82a9ecd25"
"2026-07-21T14:20:01","1764118132","Av. Siqueira Campos","","Palmas","BR","2","0","5","327","-1","-10.294325","-48.33214","1782872110314","2026-07-01T02:15:10","2f08bda5-8a61-4942-836a-8f1ec7689705"
"2026-07-21T14:20:01","1693600006","Av. Siqueira Campos","","Palmas","BR","2","0","5","327","-1","-10.294325","-48.33214","1784081881897","2026-07-15T02:18:01","2613c8db-9637-40d4-8e38-c2092c8c0dfc"
"2026-07-21T14:20:01","725371816","",,"Palmas","BR","1","0","5","23","-1","-10.258348","-48.316227","1784600137022","2026-07-21T02:15:37","151ee59d-9fc8-4482-9e04-b365b1e458b5"
"2026-07-21T14:20:01","787071356","","Av. Siqueira Campos","Palmas","BR","2","37.77","1","3359","152","-10.308594","-48.343078","1784643436932","2026-07-21T14:17:16",
"2026-07-21T14:20:01","1851288576","",,"Palmas","BR","1","0","5","36","-1","-10.258352","-48.316498","1784019161779","2026-07-14T08:52:41","341a3583-4137-4e82-bfbb-a67b5e845593"
"2026-07-21T14:20:01","223991394","",,"Palmas","BR","1","0","5","21","-1","-10.258363","-48.316757","1783180963404","2026-07-04T16:02:43","d984add8-2949-4ac0-81b5-2aa666f8ed15"
"2026-07-21T14:20:01","1694226848","",,"Palmas","BR","1","0","5","15","-1","-10.258365","-48.316918","1783904330428","2026-07-13T00:58:50","06d504d6-dac0-4c04-9329-7777206ab7a2"
"2026-07-21T14:20:01","1693573164","","","Palmas","BR","1","0","5","86","-1","-10.258278","-48.315151","1784081882190","2026-07-15T02:18:02","0584e645-bcd7-4670-a8e4-2c08a6763039"
"2026-07-21T14:20:01","1877412378","",,"Palmas","BR","1","0","5","86","-1","-10.258277","-48.315151","1784194127349","2026-07-16T09:28:47","95d9d88f-a5e9-4a1f-a5e3-d31635a7afc6"
"2026-07-21T14:20:01","786914424","Av. Siqueira Campos","Av. Parque","Palmas","BR","2","38.61","1","1296","33","-10.283475","-48.332856","1784643363516","2026-07-21T14:16:03",
"2026-07-21T15:55:46","802937050","Av. Ponta Negra","Av. Ipanema","Palmas","BR","2","11.55","3","404","62","-10.342412","-48.282252","1784649080243","2026-07-21T15:51:20",
"2026-07-21T15:55:46","1764083300","Av. Siqueira Campos","","Palmas","BR","2","0","5","155","-1","-10.292304","-48.332966","1782872109418","2026-07-01T02:15:09","78af3b54-3dea-4f10-8eb5-5fb4a34eaabb"
"2026-07-21T15:55:46","1275283552","","Av. NS-10","Palmas","BR","1","0","5","70","-1","-10.258317","-48.317258","1782526649111","2026-06-27T02:17:29","3c3cc392-5d12-48d2-a44d-55f1688e96a0"
"2026-07-21T15:55:46","1693600118","Av. Siqueira Campos","","Palmas","BR","2","0","5","155","-1","-10.292304","-48.332966","1784081883010","2026-07-15T02:18:03","af3fc386-180b-4082-a64c-64efe9627b8d"
"2026-07-21T15:55:46","1764089184","",,"Palmas","BR","1","0","5","45","-1","-10.25844","-48.317041","1782872178272","2026-07-01T02:16:18","972e31c2-cd12-4c0a-b3ee-1530d2e74b4f"
"2026-07-21T15:55:46","1693596122","",,"Palmas","BR","1","0","5","36","-1","-10.258352","-48.316498","1784081881899","2026-07-15T02:18:01","f6a9d158-cb4d-43ec-b26e-e2687cf324bf"
"2026-07-21T15:55:46","803470666","ACSE 1 Rua SE-5","Av. NS-2","Palmas","BR","1","13.41","2","586","83","-10.187296","-48.328","1784649225414","2026-07-21T15:53:45",
"2026-07-21T15:55:46","1693618776","",,"Palmas","BR","1","0","5","63","-1","-10.258354","-48.315834","1784081881640","2026-07-15T02:18:01","dc9d4e1f-8670-4b13-9612-de4df2989f38"
"2026-07-21T15:55:46","1211995990","",,"Palmas","BR","1","0","5","21","-1","-10.258363","-48.316757","1782353685339","2026-06-25T02:14:45","a82a13e5-2525-4021-aa92-7892a48c9f70"
"2026-07-21T15:55:46","801889190","Av. NS-5","Av. NS-7","Palmas","BR","1","16.37","1","728","120","-10.188944","-48.346108","1784648719671","2026-07-21T15:45:19",
"2026-07-21T15:55:46","1088566738","",,"Palmas","BR","1","0","5","41","-1","-10.258569","-48.317408","1783562302500","2026-07-09T01:58:22","9740383b-d7ef-4ff2-9da7-1b82984db198"
"2026-07-21T15:55:46","1764118132","Av. Siqueira Campos","","Palmas","BR","2","0","5","327","-1","-10.294325","-48.33214","1782872110314","2026-07-01T02:15:10","2f08bda5-8a61-4942-836a-8f1ec7689705"
"2026-07-21T15:55:46","1877536026","",,"Palmas","BR","1","0","5","23","-1","-10.258348","-48.316227","1784194194365","2026-07-16T09:29:54","67a7d0d3-9d61-4acd-8315-250cecac9790"
"2026-07-21T15:55:46","1693600032","",,"Palmas","BR","1","0","5","63","-1","-10.258354","-48.315834","1784081881899","2026-07-15T02:18:01","205a09b3-2e2f-4b45-86aa-4ea82a9ecd25"
"2026-07-21T15:55:46","725371816","",,"Palmas","BR","1","0","5","23","-1","-10.258348","-48.316227","1784600137022","2026-07-21T02:15:37","151ee59d-9fc8-4482-9e04-b365b1e458b5"
"2026-07-21T15:55:46","1693600006","Av. Siqueira Campos","","Palmas","BR","2","0","5","327","-1","-10.294325","-48.33214","1784081881897","2026-07-15T02:18:01","2613c8db-9637-40d4-8e38-c2092c8c0dfc"
"2026-07-21T15:55:46","1851288576","",,"Palmas","BR","1","0","5","36","-1","-10.258352","-48.316498","1784019161779","2026-07-14T08:52:41","341a3583-4137-4e82-bfbb-a67b5e845593"
"2026-07-21T15:55:46","223991394","",,"Palmas","BR","1","0","5","21","-1","-10.258363","-48.316757","1783180963404","2026-07-04T16:02:43","d984add8-2949-4ac0-81b5-2aa666f8ed15"
"2026-07-21T15:55:46","1694226848","",,"Palmas","BR","1","0","5","15","-1","-10.258365","-48.316918","1783904330428","2026-07-13T00:58:50","06d504d6-dac0-4c04-9329-7777206ab7a2"
"2026-07-21T15:55:46","1877412378","",,"Palmas","BR","1","0","5","86","-1","-10.258277","-48.315151","1784194127349","2026-07-16T09:28:47","95d9d88f-a5e9-4a1f-a5e3-d31635a7afc6"
"2026-07-21T15:55:46","1693573164","","","Palmas","BR","1","0","5","86","-1","-10.258278","-48.315151","1784081882190","2026-07-15T02:18:02","0584e645-bcd7-4670-a8e4-2c08a6763039"
"2026-07-21T17:04:51","545331520","TO-080","Palmas","Luzimangues (Porto Nacional)","BR","7","34.61","2","8089","436","-10.185632","-48.419569","1784653292091","2026-07-21T17:01:32",
"2026-07-21T17:04:51","1764083300","Av. Siqueira Campos","","Palmas","BR","2","0","5","155","-1","-10.292304","-48.332966","1782872109418","2026-07-01T02:15:09","78af3b54-3dea-4f10-8eb5-5fb4a34eaabb"
"2026-07-21T17:04:51","544401968","Av. NS-10","","Palmas","BR","2","4.65","4","156","107","-10.183391","-48.307407","1784652927595","2026-07-21T16:55:27",
"2026-07-21T17:04:51","1275283552","","Av. NS-10","Palmas","BR","1","0","5","70","-1","-10.258317","-48.317258","1782526649111","2026-06-27T02:17:29","3c3cc392-5d12-48d2-a44d-55f1688e96a0"
"2026-07-21T17:04:51","1693600118","Av. Siqueira Campos","","Palmas","BR","2","0","5","155","-1","-10.292304","-48.332966","1784081883010","2026-07-15T02:18:03","af3fc386-180b-4082-a64c-64efe9627b8d"
"2026-07-21T17:04:51","1764089184","",,"Palmas","BR","1","0","5","45","-1","-10.25844","-48.317041","1782872178272","2026-07-01T02:16:18","972e31c2-cd12-4c0a-b3ee-1530d2e74b4f"
"2026-07-21T17:04:51","1693596122","",,"Palmas","BR","1","0","5","36","-1","-10.258352","-48.316498","1784081881899","2026-07-15T02:18:01","f6a9d158-cb4d-43ec-b26e-e2687cf324bf"
"2026-07-21T17:04:51","544916752","Marg. da BR-010",,"Palmas","BR","2","5.05","4","188","122","-10.248436","-48.311973","1784653145663","2026-07-21T16:59:05",
"2026-07-21T17:04:51","1693618776","",,"Palmas","BR","1","0","5","63","-1","-10.258354","-48.315834","1784081881640","2026-07-15T02:18:01","dc9d4e1f-8670-4b13-9612-de4df2989f38"
"2026-07-21T17:04:51","1211995990","",,"Palmas","BR","1","0","5","21","-1","-10.258363","-48.316757","1782353685339","2026-06-25T02:14:45","a82a13e5-2525-4021-aa92-7892a48c9f70"
"2026-07-21T17:04:51","1088566738","",,"Palmas","BR","1","0","5","41","-1","-10.258569","-48.317408","1783562302500","2026-07-09T01:58:22","9740383b-d7ef-4ff2-9da7-1b82984db198"
"2026-07-21T17:04:51","544585348","ARSE 72 Al. 2","ARSE 72 Al. 7","Palmas","BR","1","3.25","4","160","155","-10.226353","-48.32295","1784653000767","2026-07-21T16:56:40",
"2026-07-21T17:04:51","1764118132","Av. Siqueira Campos","","Palmas","BR","2","0","5","327","-1","-10.294325","-48.33214","1782872110314","2026-07-01T02:15:10","2f08bda5-8a61-4942-836a-8f1ec7689705"
"2026-07-21T17:04:51","1877536026","",,"Palmas","BR","1","0","5","23","-1","-10.258348","-48.316227","1784194194365","2026-07-16T09:29:54","67a7d0d3-9d61-4acd-8315-250cecac9790"
"2026-07-21T17:04:51","1693600032","",,"Palmas","BR","1","0","5","63","-1","-10.258354","-48.315834","1784081881899","2026-07-15T02:18:01","205a09b3-2e2f-4b45-86aa-4ea82a9ecd25"
"2026-07-21T17:04:51","725371816","",,"Palmas","BR","1","0","5","23","-1","-10.258348","-48.316227","1784600137022","2026-07-21T02:15:37","151ee59d-9fc8-4482-9e04-b365b1e458b5"
"2026-07-21T17:04:51","1693600006","Av. Siqueira Campos","","Palmas","BR","2","0","5","327","-1","-10.294325","-48.33214","1784081881897","2026-07-15T02:18:01","2613c8db-9637-40d4-8e38-c2092c8c0dfc"
"2026-07-21T17:04:51","1851288576","",,"Palmas","BR","1","0","5","36","-1","-10.258352","-48.316498","1784019161779","2026-07-14T08:52:41","341a3583-4137-4e82-bfbb-a67b5e845593"
"2026-07-21T17:04:51","223991394","",,"Palmas","BR","1","0","5","21","-1","-10.258363","-48.316757","1783180963404","2026-07-04T16:02:43","d984add8-2949-4ac0-81b5-2aa666f8ed15"
"2026-07-21T17:04:51","1694226848","",,"Palmas","BR","1","0","5","15","-1","-10.258365","-48.316918","1783904330428","2026-07-13T00:58:50","06d504d6-dac0-4c04-9329-7777206ab7a2"
"2026-07-21T17:04:51","544913126","Av. LO-25",,"Palmas","BR","2","6.77","4","255","117","-10.249125","-48.326687","1784653146170","2026-07-21T16:59:06",
"2026-07-21T17:04:51","1693573164","","","Palmas","BR","1","0","5","86","-1","-10.258278","-48.315151","1784081882190","2026-07-15T02:18:02","0584e645-bcd7-4670-a8e4-2c08a6763039"
"2026-07-21T17:04:51","1877412378","",,"Palmas","BR","1","0","5","86","-1","-10.258277","-48.315151","1784194127349","2026-07-16T09:28:47","95d9d88f-a5e9-4a1f-a5e3-d31635a7afc6"
"2026-07-21T18:21:34","551477822","TO-080","Palmas","Luzimangues (Porto Nacional)","BR","7","42.74","1","6802","238","-10.185637","-48.420408","1784656690200","2026-07-21T17:58:10",
"2026-07-21T18:21:34","553170968","Av. NS-5","","Palmas","BR","2","8.75","3","296","97","-10.253949","-48.343187","1784657771891","2026-07-21T18:16:11",
"2026-07-21T18:21:34","552673360","TO-080","Luzimangues (Porto Nacional)","Palmas","BR","7","30.27","2","3492","220","-10.185773","-48.429386","1784657484787","2026-07-21T18:11:24",
"2026-07-21T18:21:34","1764083300","Av. Siqueira Campos","","Palmas","BR","2","0","5","155","-1","-10.292304","-48.332966","1782872109418","2026-07-01T02:15:09","78af3b54-3dea-4f10-8eb5-5fb4a34eaabb"
"2026-07-21T18:21:34","1275283552","","Av. NS-10","Palmas","BR","1","0","5","70","-1","-10.258317","-48.317258","1782526649111","2026-06-27T02:17:29","3c3cc392-5d12-48d2-a44d-55f1688e96a0"
"2026-07-21T18:21:34","1693600118","Av. Siqueira Campos","","Palmas","BR","2","0","5","155","-1","-10.292304","-48.332966","1784081883010","2026-07-15T02:18:03","af3fc386-180b-4082-a64c-64efe9627b8d"
"2026-07-21T18:21:34","1764089184","",,"Palmas","BR","1","0","5","45","-1","-10.25844","-48.317041","1782872178272","2026-07-01T02:16:18","972e31c2-cd12-4c0a-b3ee-1530d2e74b4f"
"2026-07-21T18:21:34","1693596122","",,"Palmas","BR","1","0","5","36","-1","-10.258352","-48.316498","1784081881899","2026-07-15T02:18:01","f6a9d158-cb4d-43ec-b26e-e2687cf324bf"
"2026-07-21T18:21:34","1693618776","",,"Palmas","BR","1","0","5","63","-1","-10.258354","-48.315834","1784081881640","2026-07-15T02:18:01","dc9d4e1f-8670-4b13-9612-de4df2989f38"
"2026-07-21T18:21:34","1211995990","",,"Palmas","BR","1","0","5","21","-1","-10.258363","-48.316757","1782353685339","2026-06-25T02:14:45","a82a13e5-2525-4021-aa92-7892a48c9f70"
"2026-07-21T18:21:34","1088566738","",,"Palmas","BR","1","0","5","41","-1","-10.258569","-48.317408","1783562302500","2026-07-09T01:58:22","9740383b-d7ef-4ff2-9da7-1b82984db198"
"2026-07-21T18:21:34","1693600032","",,"Palmas","BR","1","0","5","63","-1","-10.258354","-48.315834","1784081881899","2026-07-15T02:18:01","205a09b3-2e2f-4b45-86aa-4ea82a9ecd25"
"2026-07-21T18:21:34","1877536026","",,"Palmas","BR","1","0","5","23","-1","-10.258348","-48.316227","1784194194365","2026-07-16T09:29:54","67a7d0d3-9d61-4acd-8315-250cecac9790"
"2026-07-21T18:21:34","1764118132","Av. Siqueira Campos","","Palmas","BR","2","0","5","327","-1","-10.294325","-48.33214","1782872110314","2026-07-01T02:15:10","2f08bda5-8a61-4942-836a-8f1ec7689705"
"2026-07-21T18:21:34","1693600006","Av. Siqueira Campos","","Palmas","BR","2","0","5","327","-1","-10.294325","-48.33214","1784081881897","2026-07-15T02:18:01","2613c8db-9637-40d4-8e38-c2092c8c0dfc"
"2026-07-21T18:21:34","725371816","",,"Palmas","BR","1","0","5","23","-1","-10.258348","-48.316227","1784600137022","2026-07-21T02:15:37","151ee59d-9fc8-4482-9e04-b365b1e458b5"
"2026-07-21T18:21:34","1851288576","",,"Palmas","BR","1","0","5","36","-1","-10.258352","-48.316498","1784019161779","2026-07-14T08:52:41","341a3583-4137-4e82-bfbb-a67b5e845593"
"2026-07-21T18:21:34","553035948","Av. D",,"Palmas","BR","2","14.03","3","638","101","-10.311993","-48.32413","1784657698714","2026-07-21T18:14:58",
"2026-07-21T18:21:34","1694226848","",,"Palmas","BR","1","0","5","15","-1","-10.258365","-48.316918","1783904330428","2026-07-13T00:58:50","06d504d6-dac0-4c04-9329-7777206ab7a2"
"2026-07-21T18:21:34","223991394","",,"Palmas","BR","1","0","5","21","-1","-10.258363","-48.316757","1783180963404","2026-07-04T16:02:43","d984add8-2949-4ac0-81b5-2aa666f8ed15"
"2026-07-21T18:21:34","553075274","ARSO 101 Al. 12","ARSO 101 Al. 18","Palmas","BR","1","14.74","2","528","74","-10.244825","-48.339683","1784657701351","2026-07-21T18:15:01",
"2026-07-21T18:21:34","1693573164","","","Palmas","BR","1","0","5","86","-1","-10.258278","-48.315151","1784081882190","2026-07-15T02:18:02","0584e645-bcd7-4670-a8e4-2c08a6763039"
"2026-07-21T18:21:34","1877412378","",,"Palmas","BR","1","0","5","86","-1","-10.258277","-48.315151","1784194127349","2026-07-16T09:28:47","95d9d88f-a5e9-4a1f-a5e3-d31635a7afc6"
"2026-07-21T19:55:52","1764083300","Av. Siqueira Campos","","Palmas","BR","2","0","5","155","-1","-10.292304","-48.332966","1782872109418","2026-07-01T02:15:09","78af3b54-3dea-4f10-8eb5-5fb4a34eaabb"
"2026-07-21T19:55:52","1275283552","","Av. NS-10","Palmas","BR","1","0","5","70","-1","-10.258317","-48.317258","1782526649111","2026-06-27T02:17:29","3c3cc392-5d12-48d2-a44d-55f1688e96a0"
"2026-07-21T19:55:52","1693600118","Av. Siqueira Campos","","Palmas","BR","2","0","5","155","-1","-10.292304","-48.332966","1784081883010","2026-07-15T02:18:03","af3fc386-180b-4082-a64c-64efe9627b8d"
"2026-07-21T19:55:52","1764089184","",,"Palmas","BR","1","0","5","45","-1","-10.25844","-48.317041","1782872178272","2026-07-01T02:16:18","972e31c2-cd12-4c0a-b3ee-1530d2e74b4f"
"2026-07-21T19:55:52","556621130","TO-080","Palmas","Luzimangues (Porto Nacional)","BR","7","25.81","2","3125","281","-10.185775","-48.429666","1784660507414","2026-07-21T19:01:47",
"2026-07-21T19:55:52","1693596122","",,"Palmas","BR","1","0","5","36","-1","-10.258352","-48.316498","1784081881899","2026-07-15T02:18:01","f6a9d158-cb4d-43ec-b26e-e2687cf324bf"
"2026-07-21T19:55:52","1693618776","",,"Palmas","BR","1","0","5","63","-1","-10.258354","-48.315834","1784081881640","2026-07-15T02:18:01","dc9d4e1f-8670-4b13-9612-de4df2989f38"
"2026-07-21T19:55:52","1211995990","",,"Palmas","BR","1","0","5","21","-1","-10.258363","-48.316757","1782353685339","2026-06-25T02:14:45","a82a13e5-2525-4021-aa92-7892a48c9f70"
"2026-07-21T19:55:52","1088566738","",,"Palmas","BR","1","0","5","41","-1","-10.258569","-48.317408","1783562302500","2026-07-09T01:58:22","9740383b-d7ef-4ff2-9da7-1b82984db198"
"2026-07-21T19:55:52","1693600032","",,"Palmas","BR","1","0","5","63","-1","-10.258354","-48.315834","1784081881899","2026-07-15T02:18:01","205a09b3-2e2f-4b45-86aa-4ea82a9ecd25"
"2026-07-21T19:55:52","1764118132","Av. Siqueira Campos","","Palmas","BR","2","0","5","327","-1","-10.294325","-48.33214","1782872110314","2026-07-01T02:15:10","2f08bda5-8a61-4942-836a-8f1ec7689705"
"2026-07-21T19:55:52","1877536026","",,"Palmas","BR","1","0","5","23","-1","-10.258348","-48.316227","1784194194365","2026-07-16T09:29:54","67a7d0d3-9d61-4acd-8315-250cecac9790"
"2026-07-21T19:55:52","1693600006","Av. Siqueira Campos","","Palmas","BR","2","0","5","327","-1","-10.294325","-48.33214","1784081881897","2026-07-15T02:18:01","2613c8db-9637-40d4-8e38-c2092c8c0dfc"
"2026-07-21T19:55:52","725371816","",,"Palmas","BR","1","0","5","23","-1","-10.258348","-48.316227","1784600137022","2026-07-21T02:15:37","151ee59d-9fc8-4482-9e04-b365b1e458b5"
"2026-07-21T19:55:52","557069154","TO-080","Luzimangues (Porto Nacional)","Palmas","BR","7","33.34","2","5331","302","-10.185762","-48.427986","1784660869889","2026-07-21T19:07:49",
"2026-07-21T19:55:52","560233778","Marg. da BR-010","Av. LO-21","Palmas","BR","2","8.66","4","356","128","-10.235389","-48.312139","1784663554118","2026-07-21T19:52:34",
"2026-07-21T19:55:52","1851288576","",,"Palmas","BR","1","0","5","36","-1","-10.258352","-48.316498","1784019161779","2026-07-14T08:52:41","341a3583-4137-4e82-bfbb-a67b5e845593"
"2026-07-21T19:55:52","1694226848","",,"Palmas","BR","1","0","5","15","-1","-10.258365","-48.316918","1783904330428","2026-07-13T00:58:50","06d504d6-dac0-4c04-9329-7777206ab7a2"
"2026-07-21T19:55:52","223991394","",,"Palmas","BR","1","0","5","21","-1","-10.258363","-48.316757","1783180963404","2026-07-04T16:02:43","d984add8-2949-4ac0-81b5-2aa666f8ed15"
"2026-07-21T19:55:52","1693573164","","","Palmas","BR","1","0","5","86","-1","-10.258278","-48.315151","1784081882190","2026-07-15T02:18:02","0584e645-bcd7-4670-a8e4-2c08a6763039"
"2026-07-21T19:55:52","1877412378","",,"Palmas","BR","1","0","5","86","-1","-10.258277","-48.315151","1784194127349","2026-07-16T09:28:47","95d9d88f-a5e9-4a1f-a5e3-d31635a7afc6"
"2026-07-21T20:56:41","1764083300","Av. Siqueira Campos","","Palmas","BR","2","0","5","155","-1","-10.292304","-48.332966","1782872109418","2026-07-01T02:15:09","78af3b54-3dea-4f10-8eb5-5fb4a34eaabb"
"2026-07-21T20:56:41","1275283552","","Av. NS-10","Palmas","BR","1","0","5","70","-1","-10.258317","-48.317258","1782526649111","2026-06-27T02:17:29","3c3cc392-5d12-48d2-a44d-55f1688e96a0"
"2026-07-21T20:56:41","1693600118","Av. Siqueira Campos","","Palmas","BR","2","0","5","155","-1","-10.292304","-48.332966","1784081883010","2026-07-15T02:18:03","af3fc386-180b-4082-a64c-64efe9627b8d"
"2026-07-21T20:56:41","1764089184","",,"Palmas","BR","1","0","5","45","-1","-10.25844","-48.317041","1782872178272","2026-07-01T02:16:18","972e31c2-cd12-4c0a-b3ee-1530d2e74b4f"
"2026-07-21T20:56:41","1693596122","",,"Palmas","BR","1","0","5","36","-1","-10.258352","-48.316498","1784081881899","2026-07-15T02:18:01","f6a9d158-cb4d-43ec-b26e-e2687cf324bf"
"2026-07-21T20:56:41","565287032","ACSU-SO 130 Rua NS-A","Av. LO-31","Palmas","BR","1","10.27","2","659","148","-10.26486","-48.334304","1784667077103","2026-07-21T20:51:17",
"2026-07-21T20:56:41","1693618776","",,"Palmas","BR","1","0","5","63","-1","-10.258354","-48.315834","1784081881640","2026-07-15T02:18:01","dc9d4e1f-8670-4b13-9612-de4df2989f38"
"2026-07-21T20:56:41","1211995990","",,"Palmas","BR","1","0","5","21","-1","-10.258363","-48.316757","1782353685339","2026-06-25T02:14:45","a82a13e5-2525-4021-aa92-7892a48c9f70"
"2026-07-21T20:56:41","564852934","TO-040","Palmas","Palmas","BR","7","37.03","1","2323","80","-10.491612","-48.336126","1784666851088","2026-07-21T20:47:31",
"2026-07-21T20:56:41","565669370","ARSO 32 Rua 10",,"Palmas","BR","1","5.81","3","257","107","-10.198534","-48.348065","1784667373104","2026-07-21T20:56:13",
"2026-07-21T20:56:41","1088566738","",,"Palmas","BR","1","0","5","41","-1","-10.258569","-48.317408","1783562302500","2026-07-09T01:58:22","9740383b-d7ef-4ff2-9da7-1b82984db198"
"2026-07-21T20:56:41","1764118132","Av. Siqueira Campos","","Palmas","BR","2","0","5","327","-1","-10.294325","-48.33214","1782872110314","2026-07-01T02:15:10","2f08bda5-8a61-4942-836a-8f1ec7689705"
"2026-07-21T20:56:41","1877536026","",,"Palmas","BR","1","0","5","23","-1","-10.258348","-48.316227","1784194194365","2026-07-16T09:29:54","67a7d0d3-9d61-4acd-8315-250cecac9790"
"2026-07-21T20:56:41","1693600032","",,"Palmas","BR","1","0","5","63","-1","-10.258354","-48.315834","1784081881899","2026-07-15T02:18:01","205a09b3-2e2f-4b45-86aa-4ea82a9ecd25"
"2026-07-21T20:56:41","1693600006","Av. Siqueira Campos","","Palmas","BR","2","0","5","327","-1","-10.294325","-48.33214","1784081881897","2026-07-15T02:18:01","2613c8db-9637-40d4-8e38-c2092c8c0dfc"
"2026-07-21T20:56:41","725371816","",,"Palmas","BR","1","0","5","23","-1","-10.258348","-48.316227","1784600137022","2026-07-21T02:15:37","151ee59d-9fc8-4482-9e04-b365b1e458b5"
"2026-07-21T20:56:41","1851288576","",,"Palmas","BR","1","0","5","36","-1","-10.258352","-48.316498","1784019161779","2026-07-14T08:52:41","341a3583-4137-4e82-bfbb-a67b5e845593"
"2026-07-21T20:56:41","223991394","",,"Palmas","BR","1","0","5","21","-1","-10.258363","-48.316757","1783180963404","2026-07-04T16:02:43","d984add8-2949-4ac0-81b5-2aa666f8ed15"
"2026-07-21T20:56:41","1694226848","",,"Palmas","BR","1","0","5","15","-1","-10.258365","-48.316918","1783904330428","2026-07-13T00:58:50","06d504d6-dac0-4c04-9329-7777206ab7a2"
"2026-07-21T20:56:41","564985296","ARSE 121 Al. 16","ARSE 121 Al. 9","Palmas","BR","1","8.09","3","276","70","-10.259469","-48.325201","1784666930299","2026-07-21T20:48:50",
"2026-07-21T20:56:41","1877412378","",,"Palmas","BR","1","0","5","86","-1","-10.258277","-48.315151","1784194127349","2026-07-16T09:28:47","95d9d88f-a5e9-4a1f-a5e3-d31635a7afc6"
"2026-07-21T20:56:41","1693573164","","","Palmas","BR","1","0","5","86","-1","-10.258278","-48.315151","1784081882190","2026-07-15T02:18:02","0584e645-bcd7-4670-a8e4-2c08a6763039"
"2026-07-21T20:56:41","560935696","Av. Siqueira Campos","","Palmas","BR","2","7.11","4","1041","468","-10.285809","-48.333083","1784664063181","2026-07-21T20:01:03",
"2026-07-21T21:55:43","1764083300","Av. Siqueira Campos","","Palmas","BR","2","0","5","155","-1","-10.292304","-48.332966","1782872109418","2026-07-01T02:15:09","78af3b54-3dea-4f10-8eb5-5fb4a34eaabb"
"2026-07-21T21:55:43","1275283552","","Av. NS-10","Palmas","BR","1","0","5","70","-1","-10.258317","-48.317258","1782526649111","2026-06-27T02:17:29","3c3cc392-5d12-48d2-a44d-55f1688e96a0"
"2026-07-21T21:55:43","1693600118","Av. Siqueira Campos","","Palmas","BR","2","0","5","155","-1","-10.292304","-48.332966","1784081883010","2026-07-15T02:18:03","af3fc386-180b-4082-a64c-64efe9627b8d"
"2026-07-21T21:55:43","1764089184","",,"Palmas","BR","1","0","5","45","-1","-10.25844","-48.317041","1782872178272","2026-07-01T02:16:18","972e31c2-cd12-4c0a-b3ee-1530d2e74b4f"
"2026-07-21T21:55:43","571280074","Av. Tocantins","R. 9 de Julho","Palmas","BR","7","10.21","3","386","89","-10.336696","-48.2949","1784670630204","2026-07-21T21:50:30",
"2026-07-21T21:55:43","1693596122","",,"Palmas","BR","1","0","5","36","-1","-10.258352","-48.316498","1784081881899","2026-07-15T02:18:01","f6a9d158-cb4d-43ec-b26e-e2687cf324bf"
"2026-07-21T21:55:43","569432730","Orla 14 Av. Orla","","Palmas","BR","1","10.71","3","966","199","-10.191997","-48.363527","1784669599897","2026-07-21T21:33:19",
"2026-07-21T21:55:43","1693618776","",,"Palmas","BR","1","0","5","63","-1","-10.258354","-48.315834","1784081881640","2026-07-15T02:18:01","dc9d4e1f-8670-4b13-9612-de4df2989f38"
"2026-07-21T21:55:43","1211995990","",,"Palmas","BR","1","0","5","21","-1","-10.258363","-48.316757","1782353685339","2026-06-25T02:14:45","a82a13e5-2525-4021-aa92-7892a48c9f70"
"2026-07-21T21:55:43","1088566738","",,"Palmas","BR","1","0","5","41","-1","-10.258569","-48.317408","1783562302500","2026-07-09T01:58:22","9740383b-d7ef-4ff2-9da7-1b82984db198"
"2026-07-21T21:55:43","1877536026","",,"Palmas","BR","1","0","5","23","-1","-10.258348","-48.316227","1784194194365","2026-07-16T09:29:54","67a7d0d3-9d61-4acd-8315-250cecac9790"
"2026-07-21T21:55:43","1764118132","Av. Siqueira Campos","","Palmas","BR","2","0","5","327","-1","-10.294325","-48.33214","1782872110314","2026-07-01T02:15:10","2f08bda5-8a61-4942-836a-8f1ec7689705"
"2026-07-21T21:55:43","1693600032","",,"Palmas","BR","1","0","5","63","-1","-10.258354","-48.315834","1784081881899","2026-07-15T02:18:01","205a09b3-2e2f-4b45-86aa-4ea82a9ecd25"
"2026-07-21T21:55:43","570080718","Av. Siqueira Campos","Av. Parque","Palmas","BR","2","21.22","2","986","105","-10.286768","-48.333076","1784669970969","2026-07-21T21:39:30",
"2026-07-21T21:55:43","1693600006","Av. Siqueira Campos","","Palmas","BR","2","0","5","327","-1","-10.294325","-48.33214","1784081881897","2026-07-15T02:18:01","2613c8db-9637-40d4-8e38-c2092c8c0dfc"
"2026-07-21T21:55:43","725371816","",,"Palmas","BR","1","0","5","23","-1","-10.258348","-48.316227","1784600137022","2026-07-21T02:15:37","151ee59d-9fc8-4482-9e04-b365b1e458b5"
"2026-07-21T21:55:43","1851288576","",,"Palmas","BR","1","0","5","36","-1","-10.258352","-48.316498","1784019161779","2026-07-14T08:52:41","341a3583-4137-4e82-bfbb-a67b5e845593"
"2026-07-21T21:55:43","571589992","TO-050","Palmas","Palmas","BR","7","70.12","1","6546","100","-10.462059","-48.321175","1784670851103","2026-07-21T21:54:11",
"2026-07-21T21:55:43","571415926","TO-050","Palmas","Palmas","BR","7","65","1","6029","99","-10.405702","-48.307481","1784670704940","2026-07-21T21:51:44",
"2026-07-21T21:55:43","1694226848","",,"Palmas","BR","1","0","5","15","-1","-10.258365","-48.316918","1783904330428","2026-07-13T00:58:50","06d504d6-dac0-4c04-9329-7777206ab7a2"
"2026-07-21T21:55:43","223991394","",,"Palmas","BR","1","0","5","21","-1","-10.258363","-48.316757","1783180963404","2026-07-04T16:02:43","d984add8-2949-4ac0-81b5-2aa666f8ed15"
"2026-07-21T21:55:43","1877412378","",,"Palmas","BR","1","0","5","86","-1","-10.258277","-48.315151","1784194127349","2026-07-16T09:28:47","95d9d88f-a5e9-4a1f-a5e3-d31635a7afc6"
"2026-07-21T21:55:43","1693573164","","","Palmas","BR","1","0","5","86","-1","-10.258278","-48.315151","1784081882190","2026-07-15T02:18:02","0584e645-bcd7-4670-a8e4-2c08a6763039"
"2026-07-21T21:55:43","560935696","Av. Siqueira Campos","","Palmas","BR","2","6.53","4","1041","515","-10.285809","-48.333083","1784664063181","2026-07-21T20:01:03",
"2026-07-21T22:42:58","1764083300","Av. Siqueira Campos","","Palmas","BR","2","0","5","155","-1","-10.292304","-48.332966","1782872109418","2026-07-01T02:15:09","78af3b54-3dea-4f10-8eb5-5fb4a34eaabb"
"2026-07-21T22:42:58","1275283552","","Av. NS-10","Palmas","BR","1","0","5","70","-1","-10.258317","-48.317258","1782526649111","2026-06-27T02:17:29","3c3cc392-5d12-48d2-a44d-55f1688e96a0"
"2026-07-21T22:42:58","1693600118","Av. Siqueira Campos","","Palmas","BR","2","0","5","155","-1","-10.292304","-48.332966","1784081883010","2026-07-15T02:18:03","af3fc386-180b-4082-a64c-64efe9627b8d"
"2026-07-21T22:42:58","1764089184","",,"Palmas","BR","1","0","5","45","-1","-10.25844","-48.317041","1782872178272","2026-07-01T02:16:18","972e31c2-cd12-4c0a-b3ee-1530d2e74b4f"
"2026-07-21T22:42:58","1693596122","",,"Palmas","BR","1","0","5","36","-1","-10.258352","-48.316498","1784081881899","2026-07-15T02:18:01","f6a9d158-cb4d-43ec-b26e-e2687cf324bf"
"2026-07-21T22:42:58","1693618776","",,"Palmas","BR","1","0","5","63","-1","-10.258354","-48.315834","1784081881640","2026-07-15T02:18:01","dc9d4e1f-8670-4b13-9612-de4df2989f38"
"2026-07-21T22:42:58","1211995990","",,"Palmas","BR","1","0","5","21","-1","-10.258363","-48.316757","1782353685339","2026-06-25T02:14:45","a82a13e5-2525-4021-aa92-7892a48c9f70"
"2026-07-21T22:42:58","576316020","Orla 14 Av. Orla","Orla 14 Al. 8","Palmas","BR","1","6.38","3","223","97","-10.187808","-48.363448","1784673674472","2026-07-21T22:41:14",
"2026-07-21T22:42:58","1088566738","",,"Palmas","BR","1","0","5","41","-1","-10.258569","-48.317408","1783562302500","2026-07-09T01:58:22","9740383b-d7ef-4ff2-9da7-1b82984db198"
"2026-07-21T22:42:58","1693600032","",,"Palmas","BR","1","0","5","63","-1","-10.258354","-48.315834","1784081881899","2026-07-15T02:18:01","205a09b3-2e2f-4b45-86aa-4ea82a9ecd25"
"2026-07-21T22:42:58","1877536026","",,"Palmas","BR","1","0","5","23","-1","-10.258348","-48.316227","1784194194365","2026-07-16T09:29:54","67a7d0d3-9d61-4acd-8315-250cecac9790"
"2026-07-21T22:42:58","1764118132","Av. Siqueira Campos","","Palmas","BR","2","0","5","327","-1","-10.294325","-48.33214","1782872110314","2026-07-01T02:15:10","2f08bda5-8a61-4942-836a-8f1ec7689705"
"2026-07-21T22:42:58","1693600006","Av. Siqueira Campos","","Palmas","BR","2","0","5","327","-1","-10.294325","-48.33214","1784081881897","2026-07-15T02:18:01","2613c8db-9637-40d4-8e38-c2092c8c0dfc"
"2026-07-21T22:42:58","725371816","",,"Palmas","BR","1","0","5","23","-1","-10.258348","-48.316227","1784600137022","2026-07-21T02:15:37","151ee59d-9fc8-4482-9e04-b365b1e458b5"
"2026-07-21T22:42:58","1851288576","",,"Palmas","BR","1","0","5","36","-1","-10.258352","-48.316498","1784019161779","2026-07-14T08:52:41","341a3583-4137-4e82-bfbb-a67b5e845593"
"2026-07-21T22:42:58","575573012","Av. Goiás","","Palmas","BR","2","6.05","4","309","148","-10.338234","-48.300902","1784673244571","2026-07-21T22:34:04",
"2026-07-21T22:42:58","1694226848","",,"Palmas","BR","1","0","5","15","-1","-10.258365","-48.316918","1783904330428","2026-07-13T00:58:50","06d504d6-dac0-4c04-9329-7777206ab7a2"
"2026-07-21T22:42:58","223991394","",,"Palmas","BR","1","0","5","21","-1","-10.258363","-48.316757","1783180963404","2026-07-04T16:02:43","d984add8-2949-4ac0-81b5-2aa666f8ed15"
"2026-07-21T22:42:58","1693573164","","","Palmas","BR","1","0","5","86","-1","-10.258278","-48.315151","1784081882190","2026-07-15T02:18:02","0584e645-bcd7-4670-a8e4-2c08a6763039"
"2026-07-21T22:42:58","1877412378","",,"Palmas","BR","1","0","5","86","-1","-10.258277","-48.315151","1784194127349","2026-07-16T09:28:47","95d9d88f-a5e9-4a1f-a5e3-d31635a7afc6"
"2026-07-21T23:40:02","1764083300","Av. Siqueira Campos","","Palmas","BR","2","0","5","155","-1","-10.292304","-48.332966","1782872109418","2026-07-01T02:15:09","78af3b54-3dea-4f10-8eb5-5fb4a34eaabb"
"2026-07-21T23:40:02","1275283552","","Av. NS-10","Palmas","BR","1","0","5","70","-1","-10.258317","-48.317258","1782526649111","2026-06-27T02:17:29","3c3cc392-5d12-48d2-a44d-55f1688e96a0"
"2026-07-21T23:40:02","1693600118","Av. Siqueira Campos","","Palmas","BR","2","0","5","155","-1","-10.292304","-48.332966","1784081883010","2026-07-15T02:18:03","af3fc386-180b-4082-a64c-64efe9627b8d"
"2026-07-21T23:40:02","1764089184","",,"Palmas","BR","1","0","5","45","-1","-10.25844","-48.317041","1782872178272","2026-07-01T02:16:18","972e31c2-cd12-4c0a-b3ee-1530d2e74b4f"
"2026-07-21T23:40:02","1693596122","",,"Palmas","BR","1","0","5","36","-1","-10.258352","-48.316498","1784081881899","2026-07-15T02:18:01","f6a9d158-cb4d-43ec-b26e-e2687cf324bf"
"2026-07-21T23:40:02","1693618776","",,"Palmas","BR","1","0","5","63","-1","-10.258354","-48.315834","1784081881640","2026-07-15T02:18:01","dc9d4e1f-8670-4b13-9612-de4df2989f38"
"2026-07-21T23:40:02","1211995990","",,"Palmas","BR","1","0","5","21","-1","-10.258363","-48.316757","1782353685339","2026-06-25T02:14:45","a82a13e5-2525-4021-aa92-7892a48c9f70"
"2026-07-21T23:40:02","578891086","ACSU-SO 150 Av. Joaquim Teotônio Segurado","Av. Siqueira Campos","Palmas","BR","20","0","5","92","-1","-10.278656","-48.333291","1784675314824","2026-07-21T23:08:34","6f453e32-227c-444c-bdbc-3552ca3824f4"
"2026-07-21T23:40:02","1088566738","",,"Palmas","BR","1","0","5","41","-1","-10.258569","-48.317408","1783562302500","2026-07-09T01:58:22","9740383b-d7ef-4ff2-9da7-1b82984db198"
"2026-07-21T23:40:02","1877536026","",,"Palmas","BR","1","0","5","23","-1","-10.258348","-48.316227","1784194194365","2026-07-16T09:29:54","67a7d0d3-9d61-4acd-8315-250cecac9790"
"2026-07-21T23:40:02","1693600032","",,"Palmas","BR","1","0","5","63","-1","-10.258354","-48.315834","1784081881899","2026-07-15T02:18:01","205a09b3-2e2f-4b45-86aa-4ea82a9ecd25"
"2026-07-21T23:40:02","1764118132","Av. Siqueira Campos","","Palmas","BR","2","0","5","327","-1","-10.294325","-48.33214","1782872110314","2026-07-01T02:15:10","2f08bda5-8a61-4942-836a-8f1ec7689705"
"2026-07-21T23:40:02","1693600006","Av. Siqueira Campos","","Palmas","BR","2","0","5","327","-1","-10.294325","-48.33214","1784081881897","2026-07-15T02:18:01","2613c8db-9637-40d4-8e38-c2092c8c0dfc"
"2026-07-21T23:40:02","725371816","",,"Palmas","BR","1","0","5","23","-1","-10.258348","-48.316227","1784600137022","2026-07-21T02:15:37","151ee59d-9fc8-4482-9e04-b365b1e458b5"
"2026-07-21T23:40:02","1851288576","",,"Palmas","BR","1","0","5","36","-1","-10.258352","-48.316498","1784019161779","2026-07-14T08:52:41","341a3583-4137-4e82-bfbb-a67b5e845593"
"2026-07-21T23:40:02","1694226848","",,"Palmas","BR","1","0","5","15","-1","-10.258365","-48.316918","1783904330428","2026-07-13T00:58:50","06d504d6-dac0-4c04-9329-7777206ab7a2"
"2026-07-21T23:40:02","223991394","",,"Palmas","BR","1","0","5","21","-1","-10.258363","-48.316757","1783180963404","2026-07-04T16:02:43","d984add8-2949-4ac0-81b5-2aa666f8ed15"
"2026-07-21T23:40:02","1877412378","",,"Palmas","BR","1","0","5","86","-1","-10.258277","-48.315151","1784194127349","2026-07-16T09:28:47","95d9d88f-a5e9-4a1f-a5e3-d31635a7afc6"
"2026-07-21T23:40:02","1693573164","","","Palmas","BR","1","0","5","86","-1","-10.258278","-48.315151","1784081882190","2026-07-15T02:18:02","0584e645-bcd7-4670-a8e4-2c08a6763039"
"2026-07-22T01:03:45","1764083300","Av. Siqueira Campos","","Palmas","BR","2","0","5","155","-1","-10.292304","-48.332966","1782872109418","2026-07-01T02:15:09","78af3b54-3dea-4f10-8eb5-5fb4a34eaabb"
"2026-07-22T01:03:45","1275283552","","Av. NS-10","Palmas","BR","1","0","5","70","-1","-10.258317","-48.317258","1782526649111","2026-06-27T02:17:29","3c3cc392-5d12-48d2-a44d-55f1688e96a0"
"2026-07-22T01:03:45","1693600118","Av. Siqueira Campos","","Palmas","BR","2","0","5","155","-1","-10.292304","-48.332966","1784081883010","2026-07-15T02:18:03","af3fc386-180b-4082-a64c-64efe9627b8d"
"2026-07-22T01:03:45","1764089184","",,"Palmas","BR","1","0","5","45","-1","-10.25844","-48.317041","1782872178272","2026-07-01T02:16:18","972e31c2-cd12-4c0a-b3ee-1530d2e74b4f"
"2026-07-22T01:03:45","1693596122","",,"Palmas","BR","1","0","5","36","-1","-10.258352","-48.316498","1784081881899","2026-07-15T02:18:01","f6a9d158-cb4d-43ec-b26e-e2687cf324bf"
"2026-07-22T01:03:45","1693618776","",,"Palmas","BR","1","0","5","63","-1","-10.258354","-48.315834","1784081881640","2026-07-15T02:18:01","dc9d4e1f-8670-4b13-9612-de4df2989f38"
"2026-07-22T01:03:45","1211995990","",,"Palmas","BR","1","0","5","21","-1","-10.258363","-48.316757","1782353685339","2026-06-25T02:14:45","a82a13e5-2525-4021-aa92-7892a48c9f70"
"2026-07-22T01:03:45","1088566738","",,"Palmas","BR","1","0","5","41","-1","-10.258569","-48.317408","1783562302500","2026-07-09T01:58:22","9740383b-d7ef-4ff2-9da7-1b82984db198"
"2026-07-22T01:03:45","1877536026","",,"Palmas","BR","1","0","5","23","-1","-10.258348","-48.316227","1784194194365","2026-07-16T09:29:54","67a7d0d3-9d61-4acd-8315-250cecac9790"
"2026-07-22T01:03:45","1693600032","",,"Palmas","BR","1","0","5","63","-1","-10.258354","-48.315834","1784081881899","2026-07-15T02:18:01","205a09b3-2e2f-4b45-86aa-4ea82a9ecd25"
"2026-07-22T01:03:45","1764118132","Av. Siqueira Campos","","Palmas","BR","2","0","5","327","-1","-10.294325","-48.33214","1782872110314","2026-07-01T02:15:10","2f08bda5-8a61-4942-836a-8f1ec7689705"
"2026-07-22T01:03:45","1693600006","Av. Siqueira Campos","","Palmas","BR","2","0","5","327","-1","-10.294325","-48.33214","1784081881897","2026-07-15T02:18:01","2613c8db-9637-40d4-8e38-c2092c8c0dfc"
"2026-07-22T01:03:45","725371816","",,"Palmas","BR","1","0","5","23","-1","-10.258348","-48.316227","1784600137022","2026-07-21T02:15:37","151ee59d-9fc8-4482-9e04-b365b1e458b5"
"2026-07-22T01:03:45","1851288576","",,"Palmas","BR","1","0","5","36","-1","-10.258352","-48.316498","1784019161779","2026-07-14T08:52:41","341a3583-4137-4e82-bfbb-a67b5e845593"
"2026-07-22T01:03:45","223991394","",,"Palmas","BR","1","0","5","21","-1","-10.258363","-48.316757","1783180963404","2026-07-04T16:02:43","d984add8-2949-4ac0-81b5-2aa666f8ed15"
"2026-07-22T01:03:45","1694226848","",,"Palmas","BR","1","0","5","15","-1","-10.258365","-48.316918","1783904330428","2026-07-13T00:58:50","06d504d6-dac0-4c04-9329-7777206ab7a2"
"2026-07-22T01:03:45","1693573164","","","Palmas","BR","1","0","5","86","-1","-10.258278","-48.315151","1784081882190","2026-07-15T02:18:02","0584e645-bcd7-4670-a8e4-2c08a6763039"
"2026-07-22T01:03:45","1877412378","",,"Palmas","BR","1","0","5","86","-1","-10.258277","-48.315151","1784194127349","2026-07-16T09:28:47","95d9d88f-a5e9-4a1f-a5e3-d31635a7afc6"
"2026-07-22T04:23:55","1764083300","Av. Siqueira Campos","","Palmas","BR","2","0","5","155","-1","-10.292304","-48.332966","1782872109418","2026-07-01T02:15:09","78af3b54-3dea-4f10-8eb5-5fb4a34eaabb"
"2026-07-22T04:23:55","1275283552","","Av. NS-10","Palmas","BR","1","0","5","70","-1","-10.258317","-48.317258","1782526649111","2026-06-27T02:17:29","3c3cc392-5d12-48d2-a44d-55f1688e96a0"
"2026-07-22T04:23:55","1693600118","Av. Siqueira Campos",,"Palmas","BR","2","0","5","155","-1","-10.292304","-48.332966","1784081883010","2026-07-15T02:18:03","af3fc386-180b-4082-a64c-64efe9627b8d"
"2026-07-22T04:23:55","1764089184","",,"Palmas","BR","1","0","5","45","-1","-10.25844","-48.317041","1782872178272","2026-07-01T02:16:18","972e31c2-cd12-4c0a-b3ee-1530d2e74b4f"
"2026-07-22T04:23:55","1693596122","",,"Palmas","BR","1","0","5","36","-1","-10.258352","-48.316498","1784081881899","2026-07-15T02:18:01","f6a9d158-cb4d-43ec-b26e-e2687cf324bf"
"2026-07-22T04:23:55","1211995990","",,"Palmas","BR","1","0","5","21","-1","-10.258363","-48.316757","1782353685339","2026-06-25T02:14:45","a82a13e5-2525-4021-aa92-7892a48c9f70"
"2026-07-22T04:23:55","592213244","",,"Palmas","BR","1","0","5","63","-1","-10.258354","-48.315834","1784686767492","2026-07-22T02:19:27","dc9d4e1f-8670-4b13-9612-de4df2989f38"
"2026-07-22T04:23:55","1088566738","",,"Palmas","BR","1","0","5","41","-1","-10.258569","-48.317408","1783562302500","2026-07-09T01:58:22","9740383b-d7ef-4ff2-9da7-1b82984db198"
"2026-07-22T04:23:55","1877536026","",,"Palmas","BR","1","0","5","23","-1","-10.258348","-48.316227","1784194194365","2026-07-16T09:29:54","67a7d0d3-9d61-4acd-8315-250cecac9790"
"2026-07-22T04:23:55","1764118132","Av. Siqueira Campos","Desvio","Palmas","BR","2","0","5","327","-1","-10.294325","-48.33214","1782872110314","2026-07-01T02:15:10","2f08bda5-8a61-4942-836a-8f1ec7689705"
"2026-07-22T04:23:55","1693600032","",,"Palmas","BR","1","0","5","63","-1","-10.258354","-48.315834","1784081881899","2026-07-15T02:18:01","205a09b3-2e2f-4b45-86aa-4ea82a9ecd25"
"2026-07-22T04:23:55","592201592","",,"Palmas","BR","1","0","5","86","-1","-10.258277","-48.315151","1784686768026","2026-07-22T02:19:28","95d9d88f-a5e9-4a1f-a5e3-d31635a7afc6"
"2026-07-22T04:23:55","1693600006","Av. Siqueira Campos","","Palmas","BR","2","0","5","327","-1","-10.294325","-48.33214","1784081881897","2026-07-15T02:18:01","2613c8db-9637-40d4-8e38-c2092c8c0dfc"
"2026-07-22T04:23:55","592228244","",,"Palmas","BR","1","0","5","23","-1","-10.258348","-48.316227","1784686768210","2026-07-22T02:19:28","151ee59d-9fc8-4482-9e04-b365b1e458b5"
"2026-07-22T04:23:55","1851288576","",,"Palmas","BR","1","0","5","36","-1","-10.258352","-48.316498","1784019161779","2026-07-14T08:52:41","341a3583-4137-4e82-bfbb-a67b5e845593"
"2026-07-22T04:23:55","1694226848","",,"Palmas","BR","1","0","5","15","-1","-10.258365","-48.316918","1783904330428","2026-07-13T00:58:50","06d504d6-dac0-4c04-9329-7777206ab7a2"
"2026-07-22T04:23:55","223991394","",,"Palmas","BR","1","0","5","21","-1","-10.258363","-48.316757","1783180963404","2026-07-04T16:02:43","d984add8-2949-4ac0-81b5-2aa666f8ed15"
"2026-07-22T04:23:55","1693573164","","","Palmas","BR","1","0","5","86","-1","-10.258278","-48.315151","1784081882190","2026-07-15T02:18:02","0584e645-bcd7-4670-a8e4-2c08a6763039"
"2026-07-22T06:46:12","1764083300","Av. Siqueira Campos","","Palmas","BR","2","0","5","155","-1","-10.292304","-48.332966","1782872109418","2026-07-01T02:15:09","78af3b54-3dea-4f10-8eb5-5fb4a34eaabb"
"2026-07-22T06:46:12","1275283552","","Av. NS-10","Palmas","BR","1","0","5","70","-1","-10.258317","-48.317258","1782526649111","2026-06-27T02:17:29","3c3cc392-5d12-48d2-a44d-55f1688e96a0"
"2026-07-22T06:46:12","603098454","BR-010","","Palmas","BR","6","37.51","1","2492","92","-10.347791","-48.300407","1784702365354","2026-07-22T06:39:25",
"2026-07-22T06:46:12","1693600118","Av. Siqueira Campos",,"Palmas","BR","2","0","5","155","-1","-10.292304","-48.332966","1784081883010","2026-07-15T02:18:03","af3fc386-180b-4082-a64c-64efe9627b8d"
"2026-07-22T06:46:12","1764089184","",,"Palmas","BR","1","0","5","45","-1","-10.25844","-48.317041","1782872178272","2026-07-01T02:16:18","972e31c2-cd12-4c0a-b3ee-1530d2e74b4f"
"2026-07-22T06:46:12","1693596122","",,"Palmas","BR","1","0","5","36","-1","-10.258352","-48.316498","1784081881899","2026-07-15T02:18:01","f6a9d158-cb4d-43ec-b26e-e2687cf324bf"
"2026-07-22T06:46:12","1211995990","",,"Palmas","BR","1","0","5","21","-1","-10.258363","-48.316757","1782353685339","2026-06-25T02:14:45","a82a13e5-2525-4021-aa92-7892a48c9f70"
"2026-07-22T06:46:12","592213244","",,"Palmas","BR","1","0","5","63","-1","-10.258354","-48.315834","1784686767492","2026-07-22T02:19:27","dc9d4e1f-8670-4b13-9612-de4df2989f38"
"2026-07-22T06:46:12","1088566738","",,"Palmas","BR","1","0","5","41","-1","-10.258569","-48.317408","1783562302500","2026-07-09T01:58:22","9740383b-d7ef-4ff2-9da7-1b82984db198"
"2026-07-22T06:46:12","1877536026","",,"Palmas","BR","1","0","5","23","-1","-10.258348","-48.316227","1784194194365","2026-07-16T09:29:54","67a7d0d3-9d61-4acd-8315-250cecac9790"
"2026-07-22T06:46:12","1764118132","Av. Siqueira Campos","Desvio","Palmas","BR","2","0","5","327","-1","-10.294325","-48.33214","1782872110314","2026-07-01T02:15:10","2f08bda5-8a61-4942-836a-8f1ec7689705"
"2026-07-22T06:46:12","1693600032","",,"Palmas","BR","1","0","5","63","-1","-10.258354","-48.315834","1784081881899","2026-07-15T02:18:01","205a09b3-2e2f-4b45-86aa-4ea82a9ecd25"
"2026-07-22T06:46:12","592201592","",,"Palmas","BR","1","0","5","86","-1","-10.258277","-48.315151","1784686768026","2026-07-22T02:19:28","95d9d88f-a5e9-4a1f-a5e3-d31635a7afc6"
"2026-07-22T06:46:12","1693600006","Av. Siqueira Campos","","Palmas","BR","2","0","5","327","-1","-10.294325","-48.33214","1784081881897","2026-07-15T02:18:01","2613c8db-9637-40d4-8e38-c2092c8c0dfc"
"2026-07-22T06:46:12","592228244","",,"Palmas","BR","1","0","5","23","-1","-10.258348","-48.316227","1784686768210","2026-07-22T02:19:28","151ee59d-9fc8-4482-9e04-b365b1e458b5"
"2026-07-22T06:46:12","1851288576","",,"Palmas","BR","1","0","5","36","-1","-10.258352","-48.316498","1784019161779","2026-07-14T08:52:41","341a3583-4137-4e82-bfbb-a67b5e845593"
"2026-07-22T06:46:12","223991394","",,"Palmas","BR","1","0","5","21","-1","-10.258363","-48.316757","1783180963404","2026-07-04T16:02:43","d984add8-2949-4ac0-81b5-2aa666f8ed15"
"2026-07-22T06:46:12","1694226848","",,"Palmas","BR","1","0","5","15","-1","-10.258365","-48.316918","1783904330428","2026-07-13T00:58:50","06d504d6-dac0-4c04-9329-7777206ab7a2"
"2026-07-22T06:46:12","1693573164","","","Palmas","BR","1","0","5","86","-1","-10.258278","-48.315151","1784081882190","2026-07-15T02:18:02","0584e645-bcd7-4670-a8e4-2c08a6763039"
"2026-07-22T09:15:58","1764083300","Av. Siqueira Campos","","Palmas","BR","2","0","5","155","-1","-10.292304","-48.332966","1782872109418","2026-07-01T02:15:09","78af3b54-3dea-4f10-8eb5-5fb4a34eaabb"
"2026-07-22T09:15:58","1693600118","Av. Siqueira Campos",,"Palmas","BR","2","0","5","155","-1","-10.292304","-48.332966","1784081883010","2026-07-15T02:18:03","af3fc386-180b-4082-a64c-64efe9627b8d"
"2026-07-22T09:15:58","1764089184","",,"Palmas","BR","1","0","5","45","-1","-10.25844","-48.317041","1782872178272","2026-07-01T02:16:18","972e31c2-cd12-4c0a-b3ee-1530d2e74b4f"
"2026-07-22T09:15:58","1693596122","",,"Palmas","BR","1","0","5","36","-1","-10.258352","-48.316498","1784081881899","2026-07-15T02:18:01","f6a9d158-cb4d-43ec-b26e-e2687cf324bf"
"2026-07-22T09:15:58","610101046","","Av. NS-10","Palmas","BR","1","0","5","70","-1","-10.258317","-48.317258","1784707218633","2026-07-22T08:00:18","3c3cc392-5d12-48d2-a44d-55f1688e96a0"
"2026-07-22T09:15:58","1211995990","",,"Palmas","BR","1","0","5","21","-1","-10.258363","-48.316757","1782353685339","2026-06-25T02:14:45","a82a13e5-2525-4021-aa92-7892a48c9f70"
"2026-07-22T09:15:58","592213244","",,"Palmas","BR","1","0","5","63","-1","-10.258354","-48.315834","1784686767492","2026-07-22T02:19:27","dc9d4e1f-8670-4b13-9612-de4df2989f38"
"2026-07-22T09:15:58","1088566738","",,"Palmas","BR","1","0","5","41","-1","-10.258569","-48.317408","1783562302500","2026-07-09T01:58:22","9740383b-d7ef-4ff2-9da7-1b82984db198"
"2026-07-22T09:15:58","1764118132","Av. Siqueira Campos","Desvio","Palmas","BR","2","0","5","327","-1","-10.294325","-48.33214","1782872110314","2026-07-01T02:15:10","2f08bda5-8a61-4942-836a-8f1ec7689705"
"2026-07-22T09:15:58","1877536026","",,"Palmas","BR","1","0","5","23","-1","-10.258348","-48.316227","1784194194365","2026-07-16T09:29:54","67a7d0d3-9d61-4acd-8315-250cecac9790"
"2026-07-22T09:15:58","1693600032","",,"Palmas","BR","1","0","5","63","-1","-10.258354","-48.315834","1784081881899","2026-07-15T02:18:01","205a09b3-2e2f-4b45-86aa-4ea82a9ecd25"
"2026-07-22T09:15:58","1693600006","Av. Siqueira Campos","","Palmas","BR","2","0","5","327","-1","-10.294325","-48.33214","1784081881897","2026-07-15T02:18:01","2613c8db-9637-40d4-8e38-c2092c8c0dfc"
"2026-07-22T09:15:58","592201592","",,"Palmas","BR","1","0","5","86","-1","-10.258277","-48.315151","1784686768026","2026-07-22T02:19:28","95d9d88f-a5e9-4a1f-a5e3-d31635a7afc6"
"2026-07-22T09:15:58","616089920","TO-080","Palmas","Luzimangues (Porto Nacional)","BR","7","7.15","4","367","136","-10.186573","-48.436243","1784711608754","2026-07-22T09:13:28",
"2026-07-22T09:15:58","1851288576","",,"Palmas","BR","1","0","5","36","-1","-10.258352","-48.316498","1784019161779","2026-07-14T08:52:41","341a3583-4137-4e82-bfbb-a67b5e845593"
"2026-07-22T09:15:58","592228244","",,"Palmas","BR","1","0","5","23","-1","-10.258348","-48.316227","1784686768210","2026-07-22T02:19:28","151ee59d-9fc8-4482-9e04-b365b1e458b5"
"2026-07-22T09:15:58","223991394","",,"Palmas","BR","1","0","5","21","-1","-10.258363","-48.316757","1783180963404","2026-07-04T16:02:43","d984add8-2949-4ac0-81b5-2aa666f8ed15"
"2026-07-22T09:15:58","1694226848","",,"Palmas","BR","1","0","5","15","-1","-10.258365","-48.316918","1783904330428","2026-07-13T00:58:50","06d504d6-dac0-4c04-9329-7777206ab7a2"
"2026-07-22T09:15:58","1693573164","","","Palmas","BR","1","0","5","86","-1","-10.258278","-48.315151","1784081882190","2026-07-15T02:18:02","0584e645-bcd7-4670-a8e4-2c08a6763039"
"2026-07-22T11:20:24","1764083300","Av. Siqueira Campos","","Palmas","BR","2","0","5","155","-1","-10.292304","-48.332966","1782872109418","2026-07-01T02:15:09","78af3b54-3dea-4f10-8eb5-5fb4a34eaabb"
"2026-07-22T11:20:24","628115764","TO-040","Palmas","Palmas","BR","7","34.51","1","2355","98","-10.491688","-48.333706","1784718947723","2026-07-22T11:15:47",
"2026-07-22T11:20:24","1693600118","Av. Siqueira Campos",,"Palmas","BR","2","0","5","155","-1","-10.292304","-48.332966","1784081883010","2026-07-15T02:18:03","af3fc386-180b-4082-a64c-64efe9627b8d"
"2026-07-22T11:20:24","1764089184","",,"Palmas","BR","1","0","5","45","-1","-10.25844","-48.317041","1782872178272","2026-07-01T02:16:18","972e31c2-cd12-4c0a-b3ee-1530d2e74b4f"
"2026-07-22T11:20:24","617939762","Av. Siqueira Campos","Av. Parque","Palmas","BR","2","31.78","1","1320","59","-10.284288","-48.332874","1784712865385","2026-07-22T09:34:25",
"2026-07-22T11:20:24","1693596122","",,"Palmas","BR","1","0","5","36","-1","-10.258352","-48.316498","1784081881899","2026-07-15T02:18:01","f6a9d158-cb4d-43ec-b26e-e2687cf324bf"
"2026-07-22T11:20:24","1211995990","",,"Palmas","BR","1","0","5","21","-1","-10.258363","-48.316757","1782353685339","2026-06-25T02:14:45","a82a13e5-2525-4021-aa92-7892a48c9f70"
"2026-07-22T11:20:24","610101046","","Av. NS-10","Palmas","BR","1","0","5","70","-1","-10.258317","-48.317258","1784707218633","2026-07-22T08:00:18","3c3cc392-5d12-48d2-a44d-55f1688e96a0"
"2026-07-22T11:20:24","592213244","",,"Palmas","BR","1","0","5","63","-1","-10.258354","-48.315834","1784686767492","2026-07-22T02:19:27","dc9d4e1f-8670-4b13-9612-de4df2989f38"
"2026-07-22T11:20:24","1088566738","",,"Palmas","BR","1","0","5","41","-1","-10.258569","-48.317408","1783562302500","2026-07-09T01:58:22","9740383b-d7ef-4ff2-9da7-1b82984db198"
"2026-07-22T11:20:24","1764118132","Av. Siqueira Campos","Desvio","Palmas","BR","2","0","5","327","-1","-10.294325","-48.33214","1782872110314","2026-07-01T02:15:10","2f08bda5-8a61-4942-836a-8f1ec7689705"
"2026-07-22T11:20:24","1693600032","",,"Palmas","BR","1","0","5","63","-1","-10.258354","-48.315834","1784081881899","2026-07-15T02:18:01","205a09b3-2e2f-4b45-86aa-4ea82a9ecd25"
"2026-07-22T11:20:24","1877536026","",,"Palmas","BR","1","0","5","23","-1","-10.258348","-48.316227","1784194194365","2026-07-16T09:29:54","67a7d0d3-9d61-4acd-8315-250cecac9790"
"2026-07-22T11:20:24","1693600006","Av. Siqueira Campos","","Palmas","BR","2","0","5","327","-1","-10.294325","-48.33214","1784081881897","2026-07-15T02:18:01","2613c8db-9637-40d4-8e38-c2092c8c0dfc"
"2026-07-22T11:20:24","592201592","",,"Palmas","BR","1","0","5","86","-1","-10.258277","-48.315151","1784686768026","2026-07-22T02:19:28","95d9d88f-a5e9-4a1f-a5e3-d31635a7afc6"
"2026-07-22T11:20:24","1851288576","",,"Palmas","BR","1","0","5","36","-1","-10.258352","-48.316498","1784019161779","2026-07-14T08:52:41","341a3583-4137-4e82-bfbb-a67b5e845593"
"2026-07-22T11:20:24","592228244","",,"Palmas","BR","1","0","5","23","-1","-10.258348","-48.316227","1784686768210","2026-07-22T02:19:28","151ee59d-9fc8-4482-9e04-b365b1e458b5"
"2026-07-22T11:20:24","1694226848","",,"Palmas","BR","1","0","5","15","-1","-10.258365","-48.316918","1783904330428","2026-07-13T00:58:50","06d504d6-dac0-4c04-9329-7777206ab7a2"
"2026-07-22T11:20:24","223991394","",,"Palmas","BR","1","0","5","21","-1","-10.258363","-48.316757","1783180963404","2026-07-04T16:02:43","d984add8-2949-4ac0-81b5-2aa666f8ed15"
"2026-07-22T11:20:24","1693573164","","","Palmas","BR","1","0","5","86","-1","-10.258278","-48.315151","1784081882190","2026-07-15T02:18:02","0584e645-bcd7-4670-a8e4-2c08a6763039"
"2026-07-22T12:49:03","1764083300","Av. Siqueira Campos","","Palmas","BR","2","0","5","155","-1","-10.292304","-48.332966","1782872109418","2026-07-01T02:15:09","78af3b54-3dea-4f10-8eb5-5fb4a34eaabb"
"2026-07-22T12:49:03","1693600118","Av. Siqueira Campos",,"Palmas","BR","2","0","5","155","-1","-10.292304","-48.332966","1784081883010","2026-07-15T02:18:03","af3fc386-180b-4082-a64c-64efe9627b8d"
"2026-07-22T12:49:03","1764089184","",,"Palmas","BR","1","0","5","45","-1","-10.25844","-48.317041","1782872178272","2026-07-01T02:16:18","972e31c2-cd12-4c0a-b3ee-1530d2e74b4f"
"2026-07-22T12:49:03","1693596122","",,"Palmas","BR","1","0","5","36","-1","-10.258352","-48.316498","1784081881899","2026-07-15T02:18:01","f6a9d158-cb4d-43ec-b26e-e2687cf324bf"
"2026-07-22T12:49:03","610101046","","Av. NS-10","Palmas","BR","1","0","5","70","-1","-10.258317","-48.317258","1784707218633","2026-07-22T08:00:18","3c3cc392-5d12-48d2-a44d-55f1688e96a0"
"2026-07-22T12:49:03","1211995990","",,"Palmas","BR","1","0","5","21","-1","-10.258363","-48.316757","1782353685339","2026-06-25T02:14:45","a82a13e5-2525-4021-aa92-7892a48c9f70"
"2026-07-22T12:49:03","628955024","TO-080","Luzimangues (Porto Nacional)","Palmas","BR","7","39.39","1","8089","334","-10.185632","-48.419569","1784719380233","2026-07-22T11:23:00",
"2026-07-22T12:49:03","638921944","Av. Tocantins","","Palmas","BR","7","15.48","2","636","79","-10.331526","-48.296898","1784724212750","2026-07-22T12:43:32",
"2026-07-22T12:49:03","637958984","TO-080","Palmas","Luzimangues (Porto Nacional)","BR","7","40.19","1","4228","176","-10.185768","-48.428826","1784723708805","2026-07-22T12:35:08",
"2026-07-22T12:49:03","592213244","",,"Palmas","BR","1","0","5","63","-1","-10.258354","-48.315834","1784686767492","2026-07-22T02:19:27","dc9d4e1f-8670-4b13-9612-de4df2989f38"
"2026-07-22T12:49:03","1088566738","",,"Palmas","BR","1","0","5","41","-1","-10.258569","-48.317408","1783562302500","2026-07-09T01:58:22","9740383b-d7ef-4ff2-9da7-1b82984db198"
"2026-07-22T12:49:03","1877536026","",,"Palmas","BR","1","0","5","23","-1","-10.258348","-48.316227","1784194194365","2026-07-16T09:29:54","67a7d0d3-9d61-4acd-8315-250cecac9790"
"2026-07-22T12:49:03","1693600032","",,"Palmas","BR","1","0","5","63","-1","-10.258354","-48.315834","1784081881899","2026-07-15T02:18:01","205a09b3-2e2f-4b45-86aa-4ea82a9ecd25"
"2026-07-22T12:49:03","1764118132","Av. Siqueira Campos","Desvio","Palmas","BR","2","0","5","327","-1","-10.294325","-48.33214","1782872110314","2026-07-01T02:15:10","2f08bda5-8a61-4942-836a-8f1ec7689705"
"2026-07-22T12:49:03","592201592","",,"Palmas","BR","1","0","5","86","-1","-10.258277","-48.315151","1784686768026","2026-07-22T02:19:28","95d9d88f-a5e9-4a1f-a5e3-d31635a7afc6"
"2026-07-22T12:49:03","1693600006","Av. Siqueira Campos","","Palmas","BR","2","0","5","327","-1","-10.294325","-48.33214","1784081881897","2026-07-15T02:18:01","2613c8db-9637-40d4-8e38-c2092c8c0dfc"
"2026-07-22T12:49:03","638586920","","Palmas","Palmas","BR","1","22.92","2","2263","211","-10.481742","-48.359084","1784723996034","2026-07-22T12:39:56",
"2026-07-22T12:49:03","592228244","",,"Palmas","BR","1","0","5","23","-1","-10.258348","-48.316227","1784686768210","2026-07-22T02:19:28","151ee59d-9fc8-4482-9e04-b365b1e458b5"
"2026-07-22T12:49:03","1851288576","",,"Palmas","BR","1","0","5","36","-1","-10.258352","-48.316498","1784019161779","2026-07-14T08:52:41","341a3583-4137-4e82-bfbb-a67b5e845593"
"2026-07-22T12:49:03","638566164","R. Perimetral 4","R. 8","Palmas","BR","2","14.78","2","604","92","-10.322777","-48.297603","1784724068891","2026-07-22T12:41:08",
"2026-07-22T12:49:03","223991394","",,"Palmas","BR","1","0","5","21","-1","-10.258363","-48.316757","1783180963404","2026-07-04T16:02:43","d984add8-2949-4ac0-81b5-2aa666f8ed15"
"2026-07-22T12:49:03","1694226848","",,"Palmas","BR","1","0","5","15","-1","-10.258365","-48.316918","1783904330428","2026-07-13T00:58:50","06d504d6-dac0-4c04-9329-7777206ab7a2"
"2026-07-22T12:49:03","1693573164","","","Palmas","BR","1","0","5","86","-1","-10.258278","-48.315151","1784081882190","2026-07-15T02:18:02","0584e645-bcd7-4670-a8e4-2c08a6763039"
"2026-07-22T14:48:13","646560712","TO-080","Luzimangues (Porto Nacional)","Palmas","BR","7","33.9","2","3492","194","-10.185773","-48.429386","1784727311306","2026-07-22T13:35:11",
"2026-07-22T14:48:13","1764083300","Av. Siqueira Campos","","Palmas","BR","2","0","5","155","-1","-10.292304","-48.332966","1782872109418","2026-07-01T02:15:09","78af3b54-3dea-4f10-8eb5-5fb4a34eaabb"
"2026-07-22T14:48:13","1693600118","Av. Siqueira Campos",,"Palmas","BR","2","0","5","155","-1","-10.292304","-48.332966","1784081883010","2026-07-15T02:18:03","af3fc386-180b-4082-a64c-64efe9627b8d"
"2026-07-22T14:48:13","1764089184","",,"Palmas","BR","1","0","5","45","-1","-10.25844","-48.317041","1782872178272","2026-07-01T02:16:18","972e31c2-cd12-4c0a-b3ee-1530d2e74b4f"
"2026-07-22T14:48:13","1693596122","",,"Palmas","BR","1","0","5","36","-1","-10.258352","-48.316498","1784081881899","2026-07-15T02:18:01","f6a9d158-cb4d-43ec-b26e-e2687cf324bf"
"2026-07-22T14:48:13","658270550","TO-020","TO-020","Palmas","BR","6","37.18","2","1459","72","-10.240385","-48.299987","1784731570094","2026-07-22T14:46:10",
"2026-07-22T14:48:13","658498516","TO-080","Palmas","Luzimangues (Porto Nacional)","BR","7","45.06","1","6802","202","-10.185637","-48.420408","1784731641427","2026-07-22T14:47:21",
"2026-07-22T14:48:13","1211995990","",,"Palmas","BR","1","0","5","21","-1","-10.258363","-48.316757","1782353685339","2026-06-25T02:14:45","a82a13e5-2525-4021-aa92-7892a48c9f70"
"2026-07-22T14:48:13","610101046","","Av. NS-10","Palmas","BR","1","0","5","70","-1","-10.258317","-48.317258","1784707218633","2026-07-22T08:00:18","3c3cc392-5d12-48d2-a44d-55f1688e96a0"
"2026-07-22T14:48:13","1088566738","",,"Palmas","BR","1","0","5","41","-1","-10.258569","-48.317408","1783562302500","2026-07-09T01:58:22","9740383b-d7ef-4ff2-9da7-1b82984db198"
"2026-07-22T14:48:13","592213244","",,"Palmas","BR","1","0","5","63","-1","-10.258354","-48.315834","1784686767492","2026-07-22T02:19:27","dc9d4e1f-8670-4b13-9612-de4df2989f38"
"2026-07-22T14:48:13","1764118132","Av. Siqueira Campos","Desvio","Palmas","BR","2","0","5","327","-1","-10.294325","-48.33214","1782872110314","2026-07-01T02:15:10","2f08bda5-8a61-4942-836a-8f1ec7689705"
"2026-07-22T14:48:13","1877536026","",,"Palmas","BR","1","0","5","23","-1","-10.258348","-48.316227","1784194194365","2026-07-16T09:29:54","67a7d0d3-9d61-4acd-8315-250cecac9790"
"2026-07-22T14:48:13","1693600032","",,"Palmas","BR","1","0","5","63","-1","-10.258354","-48.315834","1784081881899","2026-07-15T02:18:01","205a09b3-2e2f-4b45-86aa-4ea82a9ecd25"
"2026-07-22T14:48:13","592201592","",,"Palmas","BR","1","0","5","86","-1","-10.258277","-48.315151","1784686768026","2026-07-22T02:19:28","95d9d88f-a5e9-4a1f-a5e3-d31635a7afc6"
"2026-07-22T14:48:13","1693600006","Av. Siqueira Campos","","Palmas","BR","2","0","5","327","-1","-10.294325","-48.33214","1784081881897","2026-07-15T02:18:01","2613c8db-9637-40d4-8e38-c2092c8c0dfc"
"2026-07-22T14:48:13","642996038","",,"Palmas","BR","1","0","5","36","-1","-10.258352","-48.316498","1784725868930","2026-07-22T13:11:08","341a3583-4137-4e82-bfbb-a67b5e845593"
"2026-07-22T14:48:13","592228244","",,"Palmas","BR","1","0","5","23","-1","-10.258348","-48.316227","1784686768210","2026-07-22T02:19:28","151ee59d-9fc8-4482-9e04-b365b1e458b5"
"2026-07-22T14:48:13","223991394","",,"Palmas","BR","1","0","5","21","-1","-10.258363","-48.316757","1783180963404","2026-07-04T16:02:43","d984add8-2949-4ac0-81b5-2aa666f8ed15"
"2026-07-22T14:48:13","1694226848","",,"Palmas","BR","1","0","5","15","-1","-10.258365","-48.316918","1783904330428","2026-07-13T00:58:50","06d504d6-dac0-4c04-9329-7777206ab7a2"
"2026-07-22T14:48:13","1693573164","","","Palmas","BR","1","0","5","86","-1","-10.258278","-48.315151","1784081882190","2026-07-15T02:18:02","0584e645-bcd7-4670-a8e4-2c08a6763039"
"2026-07-22T16:08:54","1764083300","Av. Siqueira Campos","","Palmas","BR","2","0","5","155","-1","-10.292304","-48.332966","1782872109418","2026-07-01T02:15:09","78af3b54-3dea-4f10-8eb5-5fb4a34eaabb"
"2026-07-22T16:08:54","1693600118","Av. Siqueira Campos",,"Palmas","BR","2","0","5","155","-1","-10.292304","-48.332966","1784081883010","2026-07-15T02:18:03","af3fc386-180b-4082-a64c-64efe9627b8d"
"2026-07-22T16:08:54","1764089184","",,"Palmas","BR","1","0","5","45","-1","-10.25844","-48.317041","1782872178272","2026-07-01T02:16:18","972e31c2-cd12-4c0a-b3ee-1530d2e74b4f"
"2026-07-22T16:08:54","1693596122","",,"Palmas","BR","1","0","5","36","-1","-10.258352","-48.316498","1784081881899","2026-07-15T02:18:01","f6a9d158-cb4d-43ec-b26e-e2687cf324bf"
"2026-07-22T16:08:54","610101046","","Av. NS-10","Palmas","BR","1","0","5","70","-1","-10.258317","-48.317258","1784707218633","2026-07-22T08:00:18","3c3cc392-5d12-48d2-a44d-55f1688e96a0"
"2026-07-22T16:08:54","1211995990","",,"Palmas","BR","1","0","5","21","-1","-10.258363","-48.316757","1782353685339","2026-06-25T02:14:45","a82a13e5-2525-4021-aa92-7892a48c9f70"
"2026-07-22T16:08:54","672950924","Av. E","R. Joventino Barbosa","Palmas","BR","2","8.27","3","296","92","-10.328837","-48.317836","1784736366496","2026-07-22T16:06:06",
"2026-07-22T16:08:54","592213244","",,"Palmas","BR","1","0","5","63","-1","-10.258354","-48.315834","1784686767492","2026-07-22T02:19:27","dc9d4e1f-8670-4b13-9612-de4df2989f38"
"2026-07-22T16:08:54","1088566738","",,"Palmas","BR","1","0","5","41","-1","-10.258569","-48.317408","1783562302500","2026-07-09T01:58:22","9740383b-d7ef-4ff2-9da7-1b82984db198"
"2026-07-22T16:08:54","1693600032","",,"Palmas","BR","1","0","5","63","-1","-10.258354","-48.315834","1784081881899","2026-07-15T02:18:01","205a09b3-2e2f-4b45-86aa-4ea82a9ecd25"
"2026-07-22T16:08:54","1764118132","Av. Siqueira Campos","Desvio","Palmas","BR","2","0","5","327","-1","-10.294325","-48.33214","1782872110314","2026-07-01T02:15:10","2f08bda5-8a61-4942-836a-8f1ec7689705"
"2026-07-22T16:08:54","1877536026","",,"Palmas","BR","1","0","5","23","-1","-10.258348","-48.316227","1784194194365","2026-07-16T09:29:54","67a7d0d3-9d61-4acd-8315-250cecac9790"
"2026-07-22T16:08:54","592201592","",,"Palmas","BR","1","0","5","86","-1","-10.258277","-48.315151","1784686768026","2026-07-22T02:19:28","95d9d88f-a5e9-4a1f-a5e3-d31635a7afc6"
"2026-07-22T16:08:54","1693600006","Av. Siqueira Campos","","Palmas","BR","2","0","5","327","-1","-10.294325","-48.33214","1784081881897","2026-07-15T02:18:01","2613c8db-9637-40d4-8e38-c2092c8c0dfc"
"2026-07-22T16:08:54","642996038","",,"Palmas","BR","1","0","5","36","-1","-10.258352","-48.316498","1784725868930","2026-07-22T13:11:08","341a3583-4137-4e82-bfbb-a67b5e845593"
"2026-07-22T16:08:54","592228244","",,"Palmas","BR","1","0","5","23","-1","-10.258348","-48.316227","1784686768210","2026-07-22T02:19:28","151ee59d-9fc8-4482-9e04-b365b1e458b5"
"2026-07-22T16:08:54","1694226848","",,"Palmas","BR","1","0","5","15","-1","-10.258365","-48.316918","1783904330428","2026-07-13T00:58:50","06d504d6-dac0-4c04-9329-7777206ab7a2"
"2026-07-22T16:08:54","223991394","",,"Palmas","BR","1","0","5","21","-1","-10.258363","-48.316757","1783180963404","2026-07-04T16:02:43","d984add8-2949-4ac0-81b5-2aa666f8ed15"
"2026-07-22T16:08:54","1693573164","","","Palmas","BR","1","0","5","86","-1","-10.258278","-48.315151","1784081882190","2026-07-15T02:18:02","0584e645-bcd7-4670-a8e4-2c08a6763039"
"2026-07-22T17:38:14","1764083300","Av. Siqueira Campos","","Palmas","BR","2","0","5","155","-1","-10.292304","-48.332966","1782872109418","2026-07-01T02:15:09","78af3b54-3dea-4f10-8eb5-5fb4a34eaabb"
"2026-07-22T17:38:14","1693600118","Av. Siqueira Campos",,"Palmas","BR","2","0","5","155","-1","-10.292304","-48.332966","1784081883010","2026-07-15T02:18:03","af3fc386-180b-4082-a64c-64efe9627b8d"
"2026-07-22T17:38:14","1764089184","",,"Palmas","BR","1","0","5","45","-1","-10.25844","-48.317041","1782872178272","2026-07-01T02:16:18","972e31c2-cd12-4c0a-b3ee-1530d2e74b4f"
"2026-07-22T17:38:14","677772546","TO-080","Palmas","Luzimangues (Porto Nacional)","BR","7","43.6","1","8089","263","-10.185632","-48.419569","1784738187591","2026-07-22T16:36:27",
"2026-07-22T17:38:14","1693596122","",,"Palmas","BR","1","0","5","36","-1","-10.258352","-48.316498","1784081881899","2026-07-15T02:18:01","f6a9d158-cb4d-43ec-b26e-e2687cf324bf"
"2026-07-22T17:38:14","1211995990","",,"Palmas","BR","1","0","5","21","-1","-10.258363","-48.316757","1782353685339","2026-06-25T02:14:45","a82a13e5-2525-4021-aa92-7892a48c9f70"
"2026-07-22T17:38:14","610101046","","Av. NS-10","Palmas","BR","1","0","5","70","-1","-10.258317","-48.317258","1784707218633","2026-07-22T08:00:18","3c3cc392-5d12-48d2-a44d-55f1688e96a0"
"2026-07-22T17:38:14","1088566738","",,"Palmas","BR","1","0","5","41","-1","-10.258569","-48.317408","1783562302500","2026-07-09T01:58:22","9740383b-d7ef-4ff2-9da7-1b82984db198"
"2026-07-22T17:38:14","592213244","",,"Palmas","BR","1","0","5","63","-1","-10.258354","-48.315834","1784686767492","2026-07-22T02:19:27","dc9d4e1f-8670-4b13-9612-de4df2989f38"
"2026-07-22T17:38:14","1764118132","Av. Siqueira Campos","Desvio","Palmas","BR","2","0","5","327","-1","-10.294325","-48.33214","1782872110314","2026-07-01T02:15:10","2f08bda5-8a61-4942-836a-8f1ec7689705"
"2026-07-22T17:38:14","1877536026","",,"Palmas","BR","1","0","5","23","-1","-10.258348","-48.316227","1784194194365","2026-07-16T09:29:54","67a7d0d3-9d61-4acd-8315-250cecac9790"
"2026-07-22T17:38:14","1693600032","",,"Palmas","BR","1","0","5","63","-1","-10.258354","-48.315834","1784081881899","2026-07-15T02:18:01","205a09b3-2e2f-4b45-86aa-4ea82a9ecd25"
"2026-07-22T17:38:14","680083130","TO-080","Luzimangues (Porto Nacional)","Palmas","BR","7","33.05","2","3492","209","-10.185773","-48.429386","1784739065503","2026-07-22T16:51:05",
"2026-07-22T17:38:14","592201592","",,"Palmas","BR","1","0","5","86","-1","-10.258277","-48.315151","1784686768026","2026-07-22T02:19:28","95d9d88f-a5e9-4a1f-a5e3-d31635a7afc6"
"2026-07-22T17:38:14","1693600006","Av. Siqueira Campos","","Palmas","BR","2","0","5","327","-1","-10.294325","-48.33214","1784081881897","2026-07-15T02:18:01","2613c8db-9637-40d4-8e38-c2092c8c0dfc"
"2026-07-22T17:38:14","642996038","",,"Palmas","BR","1","0","5","36","-1","-10.258352","-48.316498","1784725868930","2026-07-22T13:11:08","341a3583-4137-4e82-bfbb-a67b5e845593"
"2026-07-22T17:38:14","592228244","",,"Palmas","BR","1","0","5","23","-1","-10.258348","-48.316227","1784686768210","2026-07-22T02:19:28","151ee59d-9fc8-4482-9e04-b365b1e458b5"
"2026-07-22T17:38:14","223991394","",,"Palmas","BR","1","0","5","21","-1","-10.258363","-48.316757","1783180963404","2026-07-04T16:02:43","d984add8-2949-4ac0-81b5-2aa666f8ed15"
"2026-07-22T17:38:14","1694226848","",,"Palmas","BR","1","0","5","15","-1","-10.258365","-48.316918","1783904330428","2026-07-13T00:58:50","06d504d6-dac0-4c04-9329-7777206ab7a2"
"2026-07-22T17:38:14","1693573164","","","Palmas","BR","1","0","5","86","-1","-10.258278","-48.315151","1784081882190","2026-07-15T02:18:02","0584e645-bcd7-4670-a8e4-2c08a6763039"
"2026-07-22T17:38:14","684786222","TO-010","Palmas","Palmas","BR","7","52.94","1","2939","82","-10.038324","-48.306848","1784741324553","2026-07-22T17:28:44",
"2026-07-22T18:45:01","1764083300","Av. Siqueira Campos","","Palmas","BR","2","0","5","155","-1","-10.292304","-48.332966","1782872109418","2026-07-01T02:15:09","78af3b54-3dea-4f10-8eb5-5fb4a34eaabb"
"2026-07-22T18:45:01","1693600118","Av. Siqueira Campos",,"Palmas","BR","2","0","5","155","-1","-10.292304","-48.332966","1784081883010","2026-07-15T02:18:03","af3fc386-180b-4082-a64c-64efe9627b8d"
"2026-07-22T18:45:01","1764089184","",,"Palmas","BR","1","0","5","45","-1","-10.25844","-48.317041","1782872178272","2026-07-01T02:16:18","972e31c2-cd12-4c0a-b3ee-1530d2e74b4f"
"2026-07-22T18:45:01","1693596122","",,"Palmas","BR","1","0","5","36","-1","-10.258352","-48.316498","1784081881899","2026-07-15T02:18:01","f6a9d158-cb4d-43ec-b26e-e2687cf324bf"
"2026-07-22T18:45:01","692383534","Av. H","R. 28","Palmas","BR","2","2.92","4","216","248","-10.321326","-48.318564","1784745695082","2026-07-22T18:41:35",
"2026-07-22T18:45:01","692270632","ACSE 1 Rua SE-3","Av. NS-4","Palmas","BR","1","3.86","2","156","93","-10.186505","-48.325556","1784745695159","2026-07-22T18:41:35",
"2026-07-22T18:45:01","610101046","","Av. NS-10","Palmas","BR","1","0","5","70","-1","-10.258317","-48.317258","1784707218633","2026-07-22T08:00:18","3c3cc392-5d12-48d2-a44d-55f1688e96a0"
"2026-07-22T18:45:01","1211995990","",,"Palmas","BR","1","0","5","21","-1","-10.258363","-48.316757","1782353685339","2026-06-25T02:14:45","a82a13e5-2525-4021-aa92-7892a48c9f70"
"2026-07-22T18:45:01","592213244","",,"Palmas","BR","1","0","5","63","-1","-10.258354","-48.315834","1784686767492","2026-07-22T02:19:27","dc9d4e1f-8670-4b13-9612-de4df2989f38"
"2026-07-22T18:45:01","1088566738","",,"Palmas","BR","1","0","5","41","-1","-10.258569","-48.317408","1783562302500","2026-07-09T01:58:22","9740383b-d7ef-4ff2-9da7-1b82984db198"
"2026-07-22T18:45:01","692209296","TO-080","Luzimangues (Porto Nacional)","Palmas","BR","7","36.86","1","8089","385","-10.185632","-48.419569","1784745623585","2026-07-22T18:40:23",
"2026-07-22T18:45:01","1764118132","Av. Siqueira Campos","Desvio","Palmas","BR","2","0","5","327","-1","-10.294325","-48.33214","1782872110314","2026-07-01T02:15:10","2f08bda5-8a61-4942-836a-8f1ec7689705"
"2026-07-22T18:45:01","1877536026","",,"Palmas","BR","1","0","5","23","-1","-10.258348","-48.316227","1784194194365","2026-07-16T09:29:54","67a7d0d3-9d61-4acd-8315-250cecac9790"
"2026-07-22T18:45:01","1693600032","",,"Palmas","BR","1","0","5","63","-1","-10.258354","-48.315834","1784081881899","2026-07-15T02:18:01","205a09b3-2e2f-4b45-86aa-4ea82a9ecd25"
"2026-07-22T18:45:01","1693600006","Av. Siqueira Campos","","Palmas","BR","2","0","5","327","-1","-10.294325","-48.33214","1784081881897","2026-07-15T02:18:01","2613c8db-9637-40d4-8e38-c2092c8c0dfc"
"2026-07-22T18:45:01","592201592","",,"Palmas","BR","1","0","5","86","-1","-10.258277","-48.315151","1784686768026","2026-07-22T02:19:28","95d9d88f-a5e9-4a1f-a5e3-d31635a7afc6"
"2026-07-22T18:45:01","642996038","",,"Palmas","BR","1","0","5","36","-1","-10.258352","-48.316498","1784725868930","2026-07-22T13:11:08","341a3583-4137-4e82-bfbb-a67b5e845593"
"2026-07-22T18:45:01","691840132","Av. Siqueira Campos","Av. Parque","Palmas","BR","2","26.21","2","881","64","-10.27596","-48.333173","1784745331042","2026-07-22T18:35:31",
"2026-07-22T18:45:01","592228244","",,"Palmas","BR","1","0","5","23","-1","-10.258348","-48.316227","1784686768210","2026-07-22T02:19:28","151ee59d-9fc8-4482-9e04-b365b1e458b5"
"2026-07-22T18:45:01","223991394","",,"Palmas","BR","1","0","5","21","-1","-10.258363","-48.316757","1783180963404","2026-07-04T16:02:43","d984add8-2949-4ac0-81b5-2aa666f8ed15"
"2026-07-22T18:45:01","1694226848","",,"Palmas","BR","1","0","5","15","-1","-10.258365","-48.316918","1783904330428","2026-07-13T00:58:50","06d504d6-dac0-4c04-9329-7777206ab7a2"
"2026-07-22T18:45:01","692499770","ARSE 41 Al. 2","","Palmas","BR","1","3.06","4","292","294","-10.210014","-48.328573","1784745769666","2026-07-22T18:42:49",
"2026-07-22T18:45:01","1693573164","","","Palmas","BR","1","0","5","86","-1","-10.258278","-48.315151","1784081882190","2026-07-15T02:18:02","0584e645-bcd7-4670-a8e4-2c08a6763039"
"2026-07-22T19:58:12","1764083300","Av. Siqueira Campos","","Palmas","BR","2","0","5","155","-1","-10.292304","-48.332966","1782872109418","2026-07-01T02:15:09","78af3b54-3dea-4f10-8eb5-5fb4a34eaabb"
"2026-07-22T19:58:12","698130366","",,"Palmas","BR","1","17.2","1","749","63","-10.129915","-48.339449","1784749929540","2026-07-22T19:52:09",
"2026-07-22T19:58:12","1693600118","Av. Siqueira Campos",,"Palmas","BR","2","0","5","155","-1","-10.292304","-48.332966","1784081883010","2026-07-15T02:18:03","af3fc386-180b-4082-a64c-64efe9627b8d"
"2026-07-22T19:58:12","1764089184","",,"Palmas","BR","1","0","5","45","-1","-10.25844","-48.317041","1782872178272","2026-07-01T02:16:18","972e31c2-cd12-4c0a-b3ee-1530d2e74b4f"
"2026-07-22T19:58:12","1693596122","",,"Palmas","BR","1","0","5","36","-1","-10.258352","-48.316498","1784081881899","2026-07-15T02:18:01","f6a9d158-cb4d-43ec-b26e-e2687cf324bf"
"2026-07-22T19:58:12","698585386","ACSE 1 Rua SE-5","Av. NS-4","Palmas","BR","1","14.02","2","551","71","-10.187286","-48.327473","1784750224597","2026-07-22T19:57:04",
"2026-07-22T19:58:12","610101046","","Av. NS-10","Palmas","BR","1","0","5","70","-1","-10.258317","-48.317258","1784707218633","2026-07-22T08:00:18","3c3cc392-5d12-48d2-a44d-55f1688e96a0"
"2026-07-22T19:58:12","1211995990","",,"Palmas","BR","1","0","5","21","-1","-10.258363","-48.316757","1782353685339","2026-06-25T02:14:45","a82a13e5-2525-4021-aa92-7892a48c9f70"
"2026-07-22T19:58:12","592213244","",,"Palmas","BR","1","0","5","63","-1","-10.258354","-48.315834","1784686767492","2026-07-22T02:19:27","dc9d4e1f-8670-4b13-9612-de4df2989f38"
"2026-07-22T19:58:12","1088566738","",,"Palmas","BR","1","0","5","41","-1","-10.258569","-48.317408","1783562302500","2026-07-09T01:58:22","9740383b-d7ef-4ff2-9da7-1b82984db198"
"2026-07-22T19:58:12","1877536026","",,"Palmas","BR","1","0","5","23","-1","-10.258348","-48.316227","1784194194365","2026-07-16T09:29:54","67a7d0d3-9d61-4acd-8315-250cecac9790"
"2026-07-22T19:58:12","1693600032","",,"Palmas","BR","1","0","5","63","-1","-10.258354","-48.315834","1784081881899","2026-07-15T02:18:01","205a09b3-2e2f-4b45-86aa-4ea82a9ecd25"
"2026-07-22T19:58:12","1764118132","Av. Siqueira Campos","Desvio","Palmas","BR","2","0","5","327","-1","-10.294325","-48.33214","1782872110314","2026-07-01T02:15:10","2f08bda5-8a61-4942-836a-8f1ec7689705"
"2026-07-22T19:58:12","592201592","",,"Palmas","BR","1","0","5","86","-1","-10.258277","-48.315151","1784686768026","2026-07-22T02:19:28","95d9d88f-a5e9-4a1f-a5e3-d31635a7afc6"
"2026-07-22T19:58:12","1693600006","Av. Siqueira Campos","","Palmas","BR","2","0","5","327","-1","-10.294325","-48.33214","1784081881897","2026-07-15T02:18:01","2613c8db-9637-40d4-8e38-c2092c8c0dfc"
"2026-07-22T19:58:12","697417892","TO-080","Palmas","Luzimangues (Porto Nacional)","BR","7","28.52","2","3309","264","-10.185774","-48.429526","1784749416629","2026-07-22T19:43:36",
"2026-07-22T19:58:12","642996038","",,"Palmas","BR","1","0","5","36","-1","-10.258352","-48.316498","1784725868930","2026-07-22T13:11:08","341a3583-4137-4e82-bfbb-a67b5e845593"
"2026-07-22T19:58:12","698566740","Av. Tocantins","","Palmas","BR","7","17.99","2","772","74","-10.332001","-48.29682","1784750148238","2026-07-22T19:55:48",
"2026-07-22T19:58:12","592228244","",,"Palmas","BR","1","0","5","23","-1","-10.258348","-48.316227","1784686768210","2026-07-22T02:19:28","151ee59d-9fc8-4482-9e04-b365b1e458b5"
"2026-07-22T19:58:12","696090566","TO-080","Luzimangues (Porto Nacional)","Palmas","BR","7","41.51","1","8089","296","-10.185632","-48.419569","1784748469114","2026-07-22T19:27:49",
"2026-07-22T19:58:12","1694226848","",,"Palmas","BR","1","0","5","15","-1","-10.258365","-48.316918","1783904330428","2026-07-13T00:58:50","06d504d6-dac0-4c04-9329-7777206ab7a2"
"2026-07-22T19:58:12","223991394","",,"Palmas","BR","1","0","5","21","-1","-10.258363","-48.316757","1783180963404","2026-07-04T16:02:43","d984add8-2949-4ac0-81b5-2aa666f8ed15"
"2026-07-22T19:58:12","698508350","Marg. da TO-010","TO-010","Palmas","BR","2","20.54","2","751","81","-10.182277","-48.300864","1784750148808","2026-07-22T19:55:48",
"2026-07-22T19:58:12","1693573164","","","Palmas","BR","1","0","5","86","-1","-10.258278","-48.315151","1784081882190","2026-07-15T02:18:02","0584e645-bcd7-4670-a8e4-2c08a6763039"
"2026-07-22T19:58:12","698029796","Av. LO-25","","Palmas","BR","2","11.23","3","670","153","-10.24906","-48.339985","1784749855530","2026-07-22T19:50:55",
"2026-07-22T21:05:08","1764083300","Av. Siqueira Campos","","Palmas","BR","2","0","5","155","-1","-10.292304","-48.332966","1782872109418","2026-07-01T02:15:09","78af3b54-3dea-4f10-8eb5-5fb4a34eaabb"
"2026-07-22T21:05:08","704543452","Av. Siqueira Campos","Av. LO-12","Palmas","BR","2","18.89","2","803","85","-10.16917","-48.331172","1784753856499","2026-07-22T20:57:36",
"2026-07-22T21:05:08","704865248","Av. NS-1","","Palmas","BR","2","1.12","4","323","1006","-10.244478","-48.336476","1784754081220","2026-07-22T21:01:21",
"2026-07-22T21:05:08","1693600118","Av. Siqueira Campos",,"Palmas","BR","2","0","5","155","-1","-10.292304","-48.332966","1784081883010","2026-07-15T02:18:03","af3fc386-180b-4082-a64c-64efe9627b8d"
"2026-07-22T21:05:08","1764089184","",,"Palmas","BR","1","0","5","45","-1","-10.25844","-48.317041","1782872178272","2026-07-01T02:16:18","972e31c2-cd12-4c0a-b3ee-1530d2e74b4f"
"2026-07-22T21:05:08","1693596122","",,"Palmas","BR","1","0","5","36","-1","-10.258352","-48.316498","1784081881899","2026-07-15T02:18:01","f6a9d158-cb4d-43ec-b26e-e2687cf324bf"
"2026-07-22T21:05:08","1211995990","",,"Palmas","BR","1","0","5","21","-1","-10.258363","-48.316757","1782353685339","2026-06-25T02:14:45","a82a13e5-2525-4021-aa92-7892a48c9f70"
"2026-07-22T21:05:08","610101046","","Av. NS-10","Palmas","BR","1","0","5","70","-1","-10.258317","-48.317258","1784707218633","2026-07-22T08:00:18","3c3cc392-5d12-48d2-a44d-55f1688e96a0"
"2026-07-22T21:05:08","704220438","Perimetral 2","","Palmas","BR","2","9.79","3","384","111","-10.340065","-48.299234","1784753708444","2026-07-22T20:55:08",
"2026-07-22T21:05:08","592213244","",,"Palmas","BR","1","0","5","63","-1","-10.258354","-48.315834","1784686767492","2026-07-22T02:19:27","dc9d4e1f-8670-4b13-9612-de4df2989f38"
"2026-07-22T21:05:08","1088566738","",,"Palmas","BR","1","0","5","41","-1","-10.258569","-48.317408","1783562302500","2026-07-09T01:58:22","9740383b-d7ef-4ff2-9da7-1b82984db198"
"2026-07-22T21:05:08","704569228","ARSO 62 Al. 7","ARSO 62 Al. 4","Palmas","BR","1","4.12","4","164","129","-10.22187","-48.345514","1784753931671","2026-07-22T20:58:51",
"2026-07-22T21:05:08","1764118132","Av. Siqueira Campos","Desvio","Palmas","BR","2","0","5","327","-1","-10.294325","-48.33214","1782872110314","2026-07-01T02:15:10","2f08bda5-8a61-4942-836a-8f1ec7689705"
"2026-07-22T21:05:08","1877536026","",,"Palmas","BR","1","0","5","23","-1","-10.258348","-48.316227","1784194194365","2026-07-16T09:29:54","67a7d0d3-9d61-4acd-8315-250cecac9790"
"2026-07-22T21:05:08","1693600032","",,"Palmas","BR","1","0","5","63","-1","-10.258354","-48.315834","1784081881899","2026-07-15T02:18:01","205a09b3-2e2f-4b45-86aa-4ea82a9ecd25"
"2026-07-22T21:05:08","703107132","Av. Siqueira Campos","","Palmas","BR","2","11.06","3","986","266","-10.286768","-48.333076","1784753042444","2026-07-22T20:44:02",
"2026-07-22T21:05:08","1693600006","Av. Siqueira Campos","","Palmas","BR","2","0","5","327","-1","-10.294325","-48.33214","1784081881897","2026-07-15T02:18:01","2613c8db-9637-40d4-8e38-c2092c8c0dfc"
"2026-07-22T21:05:08","592201592","",,"Palmas","BR","1","0","5","86","-1","-10.258277","-48.315151","1784686768026","2026-07-22T02:19:28","95d9d88f-a5e9-4a1f-a5e3-d31635a7afc6"
"2026-07-22T21:05:08","642996038","",,"Palmas","BR","1","0","5","36","-1","-10.258352","-48.316498","1784725868930","2026-07-22T13:11:08","341a3583-4137-4e82-bfbb-a67b5e845593"
"2026-07-22T21:05:08","592228244","",,"Palmas","BR","1","0","5","23","-1","-10.258348","-48.316227","1784686768210","2026-07-22T02:19:28","151ee59d-9fc8-4482-9e04-b365b1e458b5"
"2026-07-22T21:05:08","223991394","",,"Palmas","BR","1","0","5","21","-1","-10.258363","-48.316757","1783180963404","2026-07-04T16:02:43","d984add8-2949-4ac0-81b5-2aa666f8ed15"
"2026-07-22T21:05:08","1694226848","",,"Palmas","BR","1","0","5","15","-1","-10.258365","-48.316918","1783904330428","2026-07-13T00:58:50","06d504d6-dac0-4c04-9329-7777206ab7a2"
"2026-07-22T21:05:08","1693573164","","","Palmas","BR","1","0","5","86","-1","-10.258278","-48.315151","1784081882190","2026-07-15T02:18:02","0584e645-bcd7-4670-a8e4-2c08a6763039"
"2026-07-22T21:05:08","703910890","Av. Siqueira Campos","Av. Parque","Palmas","BR","2","26.7","2","986","71","-10.289041","-48.333065","1784753485113","2026-07-22T20:51:25",
"2026-07-22T22:03:31","1764083300","Av. Siqueira Campos","","Palmas","BR","2","0","5","155","-1","-10.292304","-48.332966","1782872109418","2026-07-01T02:15:09","78af3b54-3dea-4f10-8eb5-5fb4a34eaabb"
"2026-07-22T22:03:31","1693600118","Av. Siqueira Campos",,"Palmas","BR","2","0","5","155","-1","-10.292304","-48.332966","1784081883010","2026-07-15T02:18:03","af3fc386-180b-4082-a64c-64efe9627b8d"
"2026-07-22T22:03:31","711943594","","Palmas","Palmas","BR","1","21.44","1","1029","79","-10.066656","-48.316277","1784757752446","2026-07-22T22:02:32",
"2026-07-22T22:03:31","1764089184","",,"Palmas","BR","1","0","5","45","-1","-10.25844","-48.317041","1782872178272","2026-07-01T02:16:18","972e31c2-cd12-4c0a-b3ee-1530d2e74b4f"
"2026-07-22T22:03:31","711335470","Av. Santa Rita","Av. Siqueira Campos","Palmas","BR","2","21.02","2","739","62","-10.337987","-48.322322","1784757444811","2026-07-22T21:57:24",
"2026-07-22T22:03:31","711646630","",,"Palmas","BR","1","6.17","3","449","308","-10.186242","-48.282132","1784757673040","2026-07-22T22:01:13",
"2026-07-22T22:03:31","711841762","Orla 14 Av. Orla","Orla 14 Al. 4","Palmas","BR","1","4.92","4","197","124","-10.186227","-48.363158","1784757751845","2026-07-22T22:02:31",
"2026-07-22T22:03:31","1693600032","",,"Palmas","BR","1","0","5","63","-1","-10.258354","-48.315834","1784081881899","2026-07-15T02:18:01","205a09b3-2e2f-4b45-86aa-4ea82a9ecd25"
"2026-07-22T22:03:31","1764118132","Av. Siqueira Campos","Desvio","Palmas","BR","2","0","5","327","-1","-10.294325","-48.33214","1782872110314","2026-07-01T02:15:10","2f08bda5-8a61-4942-836a-8f1ec7689705"
"2026-07-22T22:03:31","703107132","Av. Siqueira Campos","","Palmas","BR","2","12.37","3","986","232","-10.286768","-48.333076","1784753042444","2026-07-22T20:44:02",
"2026-07-22T22:03:31","642996038","",,"Palmas","BR","1","0","5","36","-1","-10.258352","-48.316498","1784725868930","2026-07-22T13:11:08","341a3583-4137-4e82-bfbb-a67b5e845593"
"2026-07-22T22:03:31","711199346","Rua Belo Horizonte","Rua 24","Taquarussu do Porto (Palmas)","BR","7","6.93","3","295","105","-10.314761","-48.157499","1784757372216","2026-07-22T21:56:12",
"2026-07-22T22:03:31","592228244","",,"Palmas","BR","1","0","5","23","-1","-10.258348","-48.316227","1784686768210","2026-07-22T02:19:28","151ee59d-9fc8-4482-9e04-b365b1e458b5"
"2026-07-22T22:03:31","711810292","BR-010","","Palmas","BR","6","33.11","2","2492","119","-10.347791","-48.300407","1784757750524","2026-07-22T22:02:30",
"2026-07-22T22:03:31","1694226848","",,"Palmas","BR","1","0","5","15","-1","-10.258365","-48.316918","1783904330428","2026-07-13T00:58:50","06d504d6-dac0-4c04-9329-7777206ab7a2"
"2026-07-22T22:03:31","1693573164","","","Palmas","BR","1","0","5","86","-1","-10.258278","-48.315151","1784081882190","2026-07-15T02:18:02","0584e645-bcd7-4670-a8e4-2c08a6763039"
"2026-07-22T22:03:31","1693596122","",,"Palmas","BR","1","0","5","36","-1","-10.258352","-48.316498","1784081881899","2026-07-15T02:18:01","f6a9d158-cb4d-43ec-b26e-e2687cf324bf"
"2026-07-22T22:03:31","610101046","","Av. NS-10","Palmas","BR","1","0","5","70","-1","-10.258317","-48.317258","1784707218633","2026-07-22T08:00:18","3c3cc392-5d12-48d2-a44d-55f1688e96a0"
"2026-07-22T22:03:31","1211995990","",,"Palmas","BR","1","0","5","21","-1","-10.258363","-48.316757","1782353685339","2026-06-25T02:14:45","a82a13e5-2525-4021-aa92-7892a48c9f70"
"2026-07-22T22:03:31","592213244","",,"Palmas","BR","1","0","5","63","-1","-10.258354","-48.315834","1784686767492","2026-07-22T02:19:27","dc9d4e1f-8670-4b13-9612-de4df2989f38"
"2026-07-22T22:03:31","1088566738","",,"Palmas","BR","1","0","5","41","-1","-10.258569","-48.317408","1783562302500","2026-07-09T01:58:22","9740383b-d7ef-4ff2-9da7-1b82984db198"
"2026-07-22T22:03:31","1877536026","",,"Palmas","BR","1","0","5","23","-1","-10.258348","-48.316227","1784194194365","2026-07-16T09:29:54","67a7d0d3-9d61-4acd-8315-250cecac9790"
"2026-07-22T22:03:31","707982528","Av. Siqueira Campos","Av. Parque","Palmas","BR","2","24.28","2","986","84","-10.286768","-48.333076","1784755806736","2026-07-22T21:30:06",
"2026-07-22T22:03:31","592201592","",,"Palmas","BR","1","0","5","86","-1","-10.258277","-48.315151","1784686768026","2026-07-22T02:19:28","95d9d88f-a5e9-4a1f-a5e3-d31635a7afc6"
"2026-07-22T22:03:31","1693600006","Av. Siqueira Campos","","Palmas","BR","2","0","5","327","-1","-10.294325","-48.33214","1784081881897","2026-07-15T02:18:01","2613c8db-9637-40d4-8e38-c2092c8c0dfc"
"2026-07-22T22:03:31","223991394","",,"Palmas","BR","1","0","5","21","-1","-10.258363","-48.316757","1783180963404","2026-07-04T16:02:43","d984add8-2949-4ac0-81b5-2aa666f8ed15"
"2026-07-22T22:03:31","710781926","Av. Tocantins","","Palmas","BR","7","11.43","3","401","78","-10.3373","-48.294572","1784757223103","2026-07-22T21:53:43",
"2026-07-22T23:11:11","719301598","","Palmas","Palmas","BR","1","15.61","3","1095","143","-10.056085","-48.332701","1784761837526","2026-07-22T23:10:37",
"2026-07-22T23:11:11","1764083300","Av. Siqueira Campos","","Palmas","BR","2","0","5","155","-1","-10.292304","-48.332966","1782872109418","2026-07-01T02:15:09","78af3b54-3dea-4f10-8eb5-5fb4a34eaabb"
"2026-07-22T23:11:11","1693600118","Av. Siqueira Campos",,"Palmas","BR","2","0","5","155","-1","-10.292304","-48.332966","1784081883010","2026-07-15T02:18:03","af3fc386-180b-4082-a64c-64efe9627b8d"
"2026-07-22T23:11:11","1764089184","",,"Palmas","BR","1","0","5","45","-1","-10.25844","-48.317041","1782872178272","2026-07-01T02:16:18","972e31c2-cd12-4c0a-b3ee-1530d2e74b4f"
"2026-07-22T23:11:11","1693596122","",,"Palmas","BR","1","0","5","36","-1","-10.258352","-48.316498","1784081881899","2026-07-15T02:18:01","f6a9d158-cb4d-43ec-b26e-e2687cf324bf"
"2026-07-22T23:11:11","1211995990","",,"Palmas","BR","1","0","5","21","-1","-10.258363","-48.316757","1782353685339","2026-06-25T02:14:45","a82a13e5-2525-4021-aa92-7892a48c9f70"
"2026-07-22T23:11:11","610101046","","Av. NS-10","Palmas","BR","1","0","5","70","-1","-10.258317","-48.317258","1784707218633","2026-07-22T08:00:18","3c3cc392-5d12-48d2-a44d-55f1688e96a0"
"2026-07-22T23:11:11","1088566738","",,"Palmas","BR","1","0","5","41","-1","-10.258569","-48.317408","1783562302500","2026-07-09T01:58:22","9740383b-d7ef-4ff2-9da7-1b82984db198"
"2026-07-22T23:11:11","592213244","",,"Palmas","BR","1","0","5","63","-1","-10.258354","-48.315834","1784686767492","2026-07-22T02:19:27","dc9d4e1f-8670-4b13-9612-de4df2989f38"
"2026-07-22T23:11:11","1764118132","Av. Siqueira Campos","Desvio","Palmas","BR","2","0","5","327","-1","-10.294325","-48.33214","1782872110314","2026-07-01T02:15:10","2f08bda5-8a61-4942-836a-8f1ec7689705"
"2026-07-22T23:11:11","1877536026","",,"Palmas","BR","1","0","5","23","-1","-10.258348","-48.316227","1784194194365","2026-07-16T09:29:54","67a7d0d3-9d61-4acd-8315-250cecac9790"
"2026-07-22T23:11:11","1693600032","",,"Palmas","BR","1","0","5","63","-1","-10.258354","-48.315834","1784081881899","2026-07-15T02:18:01","205a09b3-2e2f-4b45-86aa-4ea82a9ecd25"
"2026-07-22T23:11:11","592201592","",,"Palmas","BR","1","0","5","86","-1","-10.258277","-48.315151","1784686768026","2026-07-22T02:19:28","95d9d88f-a5e9-4a1f-a5e3-d31635a7afc6"
"2026-07-22T23:11:11","1693600006","Av. Siqueira Campos","","Palmas","BR","2","0","5","327","-1","-10.294325","-48.33214","1784081881897","2026-07-15T02:18:01","2613c8db-9637-40d4-8e38-c2092c8c0dfc"
"2026-07-22T23:11:11","642996038","",,"Palmas","BR","1","0","5","36","-1","-10.258352","-48.316498","1784725868930","2026-07-22T13:11:08","341a3583-4137-4e82-bfbb-a67b5e845593"
"2026-07-22T23:11:11","592228244","",,"Palmas","BR","1","0","5","23","-1","-10.258348","-48.316227","1784686768210","2026-07-22T02:19:28","151ee59d-9fc8-4482-9e04-b365b1e458b5"
"2026-07-22T23:11:11","223991394","",,"Palmas","BR","1","0","5","21","-1","-10.258363","-48.316757","1783180963404","2026-07-04T16:02:43","d984add8-2949-4ac0-81b5-2aa666f8ed15"
"2026-07-22T23:11:11","1694226848","",,"Palmas","BR","1","0","5","15","-1","-10.258365","-48.316918","1783904330428","2026-07-13T00:58:50","06d504d6-dac0-4c04-9329-7777206ab7a2"
"2026-07-22T23:11:11","1693573164","","","Palmas","BR","1","0","5","86","-1","-10.258278","-48.315151","1784081882190","2026-07-15T02:18:02","0584e645-bcd7-4670-a8e4-2c08a6763039"
"2026-07-23T00:11:51","1764083300","Av. Siqueira Campos","","Palmas","BR","2","0","5","155","-1","-10.292304","-48.332966","1782872109418","2026-07-01T02:15:09","78af3b54-3dea-4f10-8eb5-5fb4a34eaabb"
"2026-07-23T00:11:51","1693600118","Av. Siqueira Campos",,"Palmas","BR","2","0","5","155","-1","-10.292304","-48.332966","1784081883010","2026-07-15T02:18:03","af3fc386-180b-4082-a64c-64efe9627b8d"
"2026-07-23T00:11:51","1764089184","",,"Palmas","BR","1","0","5","45","-1","-10.25844","-48.317041","1782872178272","2026-07-01T02:16:18","972e31c2-cd12-4c0a-b3ee-1530d2e74b4f"
"2026-07-23T00:11:51","1693596122","",,"Palmas","BR","1","0","5","36","-1","-10.258352","-48.316498","1784081881899","2026-07-15T02:18:01","f6a9d158-cb4d-43ec-b26e-e2687cf324bf"
"2026-07-23T00:11:51","724294658","Av. E","Av. L","Palmas","BR","2","5.25","4","219","125","-10.303847","-48.317764","1784764822284","2026-07-23T00:00:22",
"2026-07-23T00:11:51","610101046","","Av. NS-10","Palmas","BR","1","0","5","70","-1","-10.258317","-48.317258","1784707218633","2026-07-22T08:00:18","3c3cc392-5d12-48d2-a44d-55f1688e96a0"
"2026-07-23T00:11:51","1211995990","",,"Palmas","BR","1","0","5","21","-1","-10.258363","-48.316757","1782353685339","2026-06-25T02:14:45","a82a13e5-2525-4021-aa92-7892a48c9f70"
"2026-07-23T00:11:51","592213244","",,"Palmas","BR","1","0","5","63","-1","-10.258354","-48.315834","1784686767492","2026-07-22T02:19:27","dc9d4e1f-8670-4b13-9612-de4df2989f38"
"2026-07-23T00:11:51","1088566738","",,"Palmas","BR","1","0","5","41","-1","-10.258569","-48.317408","1783562302500","2026-07-09T01:58:22","9740383b-d7ef-4ff2-9da7-1b82984db198"
"2026-07-23T00:11:51","1877536026","",,"Palmas","BR","1","0","5","23","-1","-10.258348","-48.316227","1784194194365","2026-07-16T09:29:54","67a7d0d3-9d61-4acd-8315-250cecac9790"
"2026-07-23T00:11:51","1693600032","",,"Palmas","BR","1","0","5","63","-1","-10.258354","-48.315834","1784081881899","2026-07-15T02:18:01","205a09b3-2e2f-4b45-86aa-4ea82a9ecd25"
"2026-07-23T00:11:51","724349086","BR-010","","Palmas","BR","6","23.17","2","797","67","-10.341232","-48.299578","1784764822155","2026-07-23T00:00:22",
"2026-07-23T00:11:51","1764118132","Av. Siqueira Campos","Desvio","Palmas","BR","2","0","5","327","-1","-10.294325","-48.33214","1782872110314","2026-07-01T02:15:10","2f08bda5-8a61-4942-836a-8f1ec7689705"
"2026-07-23T00:11:51","592201592","",,"Palmas","BR","1","0","5","86","-1","-10.258277","-48.315151","1784686768026","2026-07-22T02:19:28","95d9d88f-a5e9-4a1f-a5e3-d31635a7afc6"
"2026-07-23T00:11:51","1693600006","Av. Siqueira Campos","","Palmas","BR","2","0","5","327","-1","-10.294325","-48.33214","1784081881897","2026-07-15T02:18:01","2613c8db-9637-40d4-8e38-c2092c8c0dfc"
"2026-07-23T00:11:51","642996038","",,"Palmas","BR","1","0","5","36","-1","-10.258352","-48.316498","1784725868930","2026-07-22T13:11:08","341a3583-4137-4e82-bfbb-a67b5e845593"
"2026-07-23T00:11:51","592228244","",,"Palmas","BR","1","0","5","23","-1","-10.258348","-48.316227","1784686768210","2026-07-22T02:19:28","151ee59d-9fc8-4482-9e04-b365b1e458b5"
"2026-07-23T00:11:51","223991394","",,"Palmas","BR","1","0","5","21","-1","-10.258363","-48.316757","1783180963404","2026-07-04T16:02:43","d984add8-2949-4ac0-81b5-2aa666f8ed15"
"2026-07-23T00:11:51","1694226848","",,"Palmas","BR","1","0","5","15","-1","-10.258365","-48.316918","1783904330428","2026-07-13T00:58:50","06d504d6-dac0-4c04-9329-7777206ab7a2"
"2026-07-23T00:11:51","1693573164","","","Palmas","BR","1","0","5","86","-1","-10.258278","-48.315151","1784081882190","2026-07-15T02:18:02","0584e645-bcd7-4670-a8e4-2c08a6763039"
"2026-07-23T03:40:59","1764083300","Av. Siqueira Campos",,"Palmas","BR","2","0","5","155","-1","-10.292304","-48.332966","1782872109418","2026-07-01T02:15:09","78af3b54-3dea-4f10-8eb5-5fb4a34eaabb"
"2026-07-23T03:40:59","1693600118","Av. Siqueira Campos",,"Palmas","BR","2","0","5","155","-1","-10.292304","-48.332966","1784081883010","2026-07-15T02:18:03","af3fc386-180b-4082-a64c-64efe9627b8d"
"2026-07-23T03:40:59","1764089184","",,"Palmas","BR","1","0","5","45","-1","-10.25844","-48.317041","1782872178272","2026-07-01T02:16:18","972e31c2-cd12-4c0a-b3ee-1530d2e74b4f"
"2026-07-23T03:40:59","736367138","TO-010","","Palmas","BR","7","41.25","2","1542","75","-10.131658","-48.3053","1784777522592","2026-07-23T03:32:02",
"2026-07-23T03:40:59","1693596122","",,"Palmas","BR","1","0","5","36","-1","-10.258352","-48.316498","1784081881899","2026-07-15T02:18:01","f6a9d158-cb4d-43ec-b26e-e2687cf324bf"
"2026-07-23T03:40:59","1211995990","",,"Palmas","BR","1","0","5","21","-1","-10.258363","-48.316757","1782353685339","2026-06-25T02:14:45","a82a13e5-2525-4021-aa92-7892a48c9f70"
"2026-07-23T03:40:59","592213244","",,"Palmas","BR","1","0","5","63","-1","-10.258354","-48.315834","1784686767492","2026-07-22T02:19:27","dc9d4e1f-8670-4b13-9612-de4df2989f38"
"2026-07-23T03:40:59","1088566738","",,"Palmas","BR","1","0","5","41","-1","-10.258569","-48.317408","1783562302500","2026-07-09T01:58:22","9740383b-d7ef-4ff2-9da7-1b82984db198"
"2026-07-23T03:40:59","1877536026","",,"Palmas","BR","1","0","5","23","-1","-10.258348","-48.316227","1784194194365","2026-07-16T09:29:54","67a7d0d3-9d61-4acd-8315-250cecac9790"
"2026-07-23T03:40:59","1693600032","",,"Palmas","BR","1","0","5","63","-1","-10.258354","-48.315834","1784081881899","2026-07-15T02:18:01","205a09b3-2e2f-4b45-86aa-4ea82a9ecd25"
"2026-07-23T03:40:59","1764118132","Av. Siqueira Campos",,"Palmas","BR","2","0","5","327","-1","-10.294325","-48.33214","1782872110314","2026-07-01T02:15:10","2f08bda5-8a61-4942-836a-8f1ec7689705"
"2026-07-23T03:40:59","592201592","",,"Palmas","BR","1","0","5","86","-1","-10.258277","-48.315151","1784686768026","2026-07-22T02:19:28","95d9d88f-a5e9-4a1f-a5e3-d31635a7afc6"
"2026-07-23T03:40:59","1693600006","Av. Siqueira Campos","","Palmas","BR","2","0","5","327","-1","-10.294325","-48.33214","1784081881897","2026-07-15T02:18:01","2613c8db-9637-40d4-8e38-c2092c8c0dfc"
"2026-07-23T03:40:59","642996038","",,"Palmas","BR","1","0","5","36","-1","-10.258352","-48.316498","1784725868930","2026-07-22T13:11:08","341a3583-4137-4e82-bfbb-a67b5e845593"
"2026-07-23T03:40:59","733757796","","Av. NS-10","Palmas","BR","1","0","5","70","-1","-10.258317","-48.317258","1784773032602","2026-07-23T02:17:12","3c3cc392-5d12-48d2-a44d-55f1688e96a0"
"2026-07-23T03:40:59","592228244","",,"Palmas","BR","1","0","5","23","-1","-10.258348","-48.316227","1784686768210","2026-07-22T02:19:28","151ee59d-9fc8-4482-9e04-b365b1e458b5"
"2026-07-23T03:40:59","223991394","",,"Palmas","BR","1","0","5","21","-1","-10.258363","-48.316757","1783180963404","2026-07-04T16:02:43","d984add8-2949-4ac0-81b5-2aa666f8ed15"
"2026-07-23T03:40:59","1694226848","",,"Palmas","BR","1","0","5","15","-1","-10.258365","-48.316918","1783904330428","2026-07-13T00:58:50","06d504d6-dac0-4c04-9329-7777206ab7a2"
"2026-07-23T03:40:59","1693573164","","","Palmas","BR","1","0","5","86","-1","-10.258278","-48.315151","1784081882190","2026-07-15T02:18:02","0584e645-bcd7-4670-a8e4-2c08a6763039"
"2026-07-23T06:17:34","1764083300","Av. Siqueira Campos","Desvio","Palmas","BR","2","0","5","155","-1","-10.292304","-48.332966","1782872109418","2026-07-01T02:15:09","78af3b54-3dea-4f10-8eb5-5fb4a34eaabb"
"2026-07-23T06:17:34","1693600118","Av. Siqueira Campos",,"Palmas","BR","2","0","5","155","-1","-10.292304","-48.332966","1784081883010","2026-07-15T02:18:03","af3fc386-180b-4082-a64c-64efe9627b8d"
"2026-07-23T06:17:34","1764089184","",,"Palmas","BR","1","0","5","45","-1","-10.25844","-48.317041","1782872178272","2026-07-01T02:16:18","972e31c2-cd12-4c0a-b3ee-1530d2e74b4f"
"2026-07-23T06:17:34","1693596122","",,"Palmas","BR","1","0","5","36","-1","-10.258352","-48.316498","1784081881899","2026-07-15T02:18:01","f6a9d158-cb4d-43ec-b26e-e2687cf324bf"
"2026-07-23T06:17:34","1211995990","",,"Palmas","BR","1","0","5","21","-1","-10.258363","-48.316757","1782353685339","2026-06-25T02:14:45","a82a13e5-2525-4021-aa92-7892a48c9f70"
"2026-07-23T06:17:34","592213244","",,"Palmas","BR","1","0","5","63","-1","-10.258354","-48.315834","1784686767492","2026-07-22T02:19:27","dc9d4e1f-8670-4b13-9612-de4df2989f38"
"2026-07-23T06:17:34","1088566738","",,"Palmas","BR","1","0","5","41","-1","-10.258569","-48.317408","1783562302500","2026-07-09T01:58:22","9740383b-d7ef-4ff2-9da7-1b82984db198"
"2026-07-23T06:17:34","1877536026","",,"Palmas","BR","1","0","5","23","-1","-10.258348","-48.316227","1784194194365","2026-07-16T09:29:54","67a7d0d3-9d61-4acd-8315-250cecac9790"
"2026-07-23T06:17:34","1693600032","",,"Palmas","BR","1","0","5","63","-1","-10.258354","-48.315834","1784081881899","2026-07-15T02:18:01","205a09b3-2e2f-4b45-86aa-4ea82a9ecd25"
"2026-07-23T06:17:34","1764118132","Av. Siqueira Campos","Desvio","Palmas","BR","2","0","5","327","-1","-10.294325","-48.33214","1782872110314","2026-07-01T02:15:10","2f08bda5-8a61-4942-836a-8f1ec7689705"
"2026-07-23T06:17:34","592201592","",,"Palmas","BR","1","0","5","86","-1","-10.258277","-48.315151","1784686768026","2026-07-22T02:19:28","95d9d88f-a5e9-4a1f-a5e3-d31635a7afc6"
"2026-07-23T06:17:34","1693600006","Av. Siqueira Campos","","Palmas","BR","2","0","5","327","-1","-10.294325","-48.33214","1784081881897","2026-07-15T02:18:01","2613c8db-9637-40d4-8e38-c2092c8c0dfc"
"2026-07-23T06:17:34","642996038","",,"Palmas","BR","1","0","5","36","-1","-10.258352","-48.316498","1784725868930","2026-07-22T13:11:08","341a3583-4137-4e82-bfbb-a67b5e845593"
"2026-07-23T06:17:34","733757796","","Av. NS-10","Palmas","BR","1","0","5","70","-1","-10.258317","-48.317258","1784773032602","2026-07-23T02:17:12","3c3cc392-5d12-48d2-a44d-55f1688e96a0"
"2026-07-23T06:17:34","592228244","",,"Palmas","BR","1","0","5","23","-1","-10.258348","-48.316227","1784686768210","2026-07-22T02:19:28","151ee59d-9fc8-4482-9e04-b365b1e458b5"
"2026-07-23T06:17:34","223991394","",,"Palmas","BR","1","0","5","21","-1","-10.258363","-48.316757","1783180963404","2026-07-04T16:02:43","d984add8-2949-4ac0-81b5-2aa666f8ed15"
"2026-07-23T06:17:34","1694226848","",,"Palmas","BR","1","0","5","15","-1","-10.258365","-48.316918","1783904330428","2026-07-13T00:58:50","06d504d6-dac0-4c04-9329-7777206ab7a2"
"2026-07-23T06:17:34","1693573164","","","Palmas","BR","1","0","5","86","-1","-10.258278","-48.315151","1784081882190","2026-07-15T02:18:02","0584e645-bcd7-4670-a8e4-2c08a6763039"
"2026-07-23T08:46:01","749905138","",,"Palmas","BR","2","0","5","23","-1","-10.210252","-48.364385","1784791991840","2026-07-23T07:33:11","ad2bfc92-0717-41d3-9eec-860bfcb46c7d"
"2026-07-23T08:46:01","1764083300","Av. Siqueira Campos","","Palmas","BR","2","0","5","155","-1","-10.292304","-48.332966","1782872109418","2026-07-01T02:15:09","78af3b54-3dea-4f10-8eb5-5fb4a34eaabb"
"2026-07-23T08:46:01","749866160","",,"Palmas","BR","2","0","5","7","-1","-10.211032","-48.361172","1784791991766","2026-07-23T07:33:11","b25f74c3-61eb-446e-b35d-8ea9c2e59262"
"2026-07-23T08:46:01","1693600118","Av. Siqueira Campos",,"Palmas","BR","2","0","5","155","-1","-10.292304","-48.332966","1784081883010","2026-07-15T02:18:03","af3fc386-180b-4082-a64c-64efe9627b8d"
"2026-07-23T08:46:01","1764089184","",,"Palmas","BR","1","0","5","45","-1","-10.25844","-48.317041","1782872178272","2026-07-01T02:16:18","972e31c2-cd12-4c0a-b3ee-1530d2e74b4f"
"2026-07-23T08:46:01","749955382","","Av. LO-11","Palmas","BR","2","0","5","47","-1","-10.21005","-48.364167","1784791991739","2026-07-23T07:33:11","6bd4fa3b-b897-4cf1-8893-a8dfeeafdf12"
"2026-07-23T08:46:01","749967156","Av. LO-11","","Palmas","BR","2","0","5","284","-1","-10.210994","-48.36245","1784791991843","2026-07-23T07:33:11","25f74483-7afb-456f-97d0-978b6507dbb9"
"2026-07-23T08:46:01","749978750","","Av. NS-15","Palmas","BR","2","0","5","46","-1","-10.210282","-48.363646","1784791991863","2026-07-23T07:33:11","852f0f6a-2937-4dd1-bfa6-75524f9a2e01"
"2026-07-23T08:46:01","749971234","Av. LO-11","","Palmas","BR","2","0","5","278","-1","-10.210817","-48.362524","1784791991849","2026-07-23T07:33:11","3133e21c-ef65-416f-861b-a171a1b90715"
"2026-07-23T08:46:01","1693600032","",,"Palmas","BR","1","0","5","63","-1","-10.258354","-48.315834","1784081881899","2026-07-15T02:18:01","205a09b3-2e2f-4b45-86aa-4ea82a9ecd25"
"2026-07-23T08:46:01","1764118132","Av. Siqueira Campos","Desvio","Palmas","BR","2","0","5","327","-1","-10.294325","-48.33214","1782872110314","2026-07-01T02:15:10","2f08bda5-8a61-4942-836a-8f1ec7689705"
"2026-07-23T08:46:01","642996038","",,"Palmas","BR","1","0","5","36","-1","-10.258352","-48.316498","1784725868930","2026-07-22T13:11:08","341a3583-4137-4e82-bfbb-a67b5e845593"
"2026-07-23T08:46:01","749936230","Av. NS-15","","Palmas","BR","2","0","5","788","-1","-10.213941","-48.364657","1784791991946","2026-07-23T07:33:11","f89f8d97-6ea1-4985-b5c2-1756728016e6"
"2026-07-23T08:46:01","733757796","","Av. NS-10","Palmas","BR","1","0","5","70","-1","-10.258317","-48.317258","1784773032602","2026-07-23T02:17:12","3c3cc392-5d12-48d2-a44d-55f1688e96a0"
"2026-07-23T08:46:01","592228244","",,"Palmas","BR","1","0","5","23","-1","-10.258348","-48.316227","1784686768210","2026-07-22T02:19:28","151ee59d-9fc8-4482-9e04-b365b1e458b5"
"2026-07-23T08:46:01","749905130","Av. NS-15","","Palmas","BR","2","0","5","663","-1","-10.207318","-48.362764","1784791991776","2026-07-23T07:33:11","66a6681d-0a85-49ea-a9cc-9335dfdc09f9"
"2026-07-23T08:46:01","1694226848","",,"Palmas","BR","1","0","5","15","-1","-10.258365","-48.316918","1783904330428","2026-07-13T00:58:50","06d504d6-dac0-4c04-9329-7777206ab7a2"
"2026-07-23T08:46:01","1693573164","","","Palmas","BR","1","0","5","86","-1","-10.258278","-48.315151","1784081882190","2026-07-15T02:18:02","0584e645-bcd7-4670-a8e4-2c08a6763039"
"2026-07-23T08:46:01","755079526","Av. NS 15",,"Palmas","BR","2","5.4","4","183","112","-10.159094","-48.300359","1784795983689","2026-07-23T08:39:43",
"2026-07-23T08:46:01","1693596122","",,"Palmas","BR","1","0","5","36","-1","-10.258352","-48.316498","1784081881899","2026-07-15T02:18:01","f6a9d158-cb4d-43ec-b26e-e2687cf324bf"
"2026-07-23T08:46:01","1211995990","",,"Palmas","BR","1","0","5","21","-1","-10.258363","-48.316757","1782353685339","2026-06-25T02:14:45","a82a13e5-2525-4021-aa92-7892a48c9f70"
"2026-07-23T08:46:01","749947742","","Av. LO-11","Palmas","BR","2","0","5","7","-1","-10.211091","-48.361175","1784791992000","2026-07-23T07:33:12","7defd6f4-ea61-499e-ad30-acece510ed7e"
"2026-07-23T08:46:01","592213244","",,"Palmas","BR","1","0","5","63","-1","-10.258354","-48.315834","1784686767492","2026-07-22T02:19:27","dc9d4e1f-8670-4b13-9612-de4df2989f38"
"2026-07-23T08:46:01","1088566738","",,"Palmas","BR","1","0","5","41","-1","-10.258569","-48.317408","1783562302500","2026-07-09T01:58:22","9740383b-d7ef-4ff2-9da7-1b82984db198"
"2026-07-23T08:46:01","754894670","TO-030","Palmas","Palmas","BR","7","55.61","1","8112","299","-10.320812","-48.233863","1784795918816","2026-07-23T08:38:38",
"2026-07-23T08:46:01","1877536026","",,"Palmas","BR","1","0","5","23","-1","-10.258348","-48.316227","1784194194365","2026-07-16T09:29:54","67a7d0d3-9d61-4acd-8315-250cecac9790"
"2026-07-23T08:46:01","749901184","","Av. LO-11","Palmas","BR","2","0","5","47","-1","-10.21073","-48.363836","1784791991879","2026-07-23T07:33:11","854be46b-bea9-4a3d-865b-03b7f468e862"
"2026-07-23T08:46:01","592201592","",,"Palmas","BR","1","0","5","86","-1","-10.258277","-48.315151","1784686768026","2026-07-22T02:19:28","95d9d88f-a5e9-4a1f-a5e3-d31635a7afc6"
"2026-07-23T08:46:01","1693600006","Av. Siqueira Campos","","Palmas","BR","2","0","5","327","-1","-10.294325","-48.33214","1784081881897","2026-07-15T02:18:01","2613c8db-9637-40d4-8e38-c2092c8c0dfc"
"2026-07-23T08:46:01","749913030","",,"Palmas","BR","2","0","5","23","-1","-10.210454","-48.364407","1784791991769","2026-07-23T07:33:11","bf78b3e7-8098-415b-afc9-57ef3993247c"
"2026-07-23T08:46:01","749940164","","Av. NS-15","Palmas","BR","2","0","5","18","-1","-10.210634","-48.364333","1784791991859","2026-07-23T07:33:11","4d6a5f6c-b860-4c6e-a164-cb45adf8a68d"
"2026-07-23T08:46:01","749862088","Av. NS-15","","Palmas","BR","2","0","5","659","-1","-10.208164","-48.362847","1784791991746","2026-07-23T07:33:11","bd47e53c-0f19-417a-bb4c-1e3976e716a6"
"2026-07-23T08:46:01","223991394","",,"Palmas","BR","1","0","5","21","-1","-10.258363","-48.316757","1783180963404","2026-07-04T16:02:43","d984add8-2949-4ac0-81b5-2aa666f8ed15"
"2026-07-23T08:46:01","749850570","","Av. NS-15","Palmas","BR","2","0","5","30","-1","-10.217789","-48.364638","1784791991895","2026-07-23T07:33:11","430a4d77-1fe9-4979-9009-6df9856da8ff"
"2026-07-23T08:46:01","749870030","Av. NS-15","","Palmas","BR","2","0","5","809","-1","-10.213597","-48.364879","1784791991784","2026-07-23T07:33:11","e339d7f7-76ca-402e-9ded-c46ad2568a16"
"2026-07-23T10:52:24","1764083300","Av. Siqueira Campos","","Palmas","BR","2","0","5","155","-1","-10.292304","-48.332966","1782872109418","2026-07-01T02:15:09","78af3b54-3dea-4f10-8eb5-5fb4a34eaabb"
"2026-07-23T10:52:24","1693600118","Av. Siqueira Campos",,"Palmas","BR","2","0","5","155","-1","-10.292304","-48.332966","1784081883010","2026-07-15T02:18:03","af3fc386-180b-4082-a64c-64efe9627b8d"
"2026-07-23T10:52:24","1764089184","",,"Palmas","BR","1","0","5","45","-1","-10.25844","-48.317041","1782872178272","2026-07-01T02:16:18","972e31c2-cd12-4c0a-b3ee-1530d2e74b4f"
"2026-07-23T10:52:24","1693596122","",,"Palmas","BR","1","0","5","36","-1","-10.258352","-48.316498","1784081881899","2026-07-15T02:18:01","f6a9d158-cb4d-43ec-b26e-e2687cf324bf"
"2026-07-23T10:52:24","1211995990","",,"Palmas","BR","1","0","5","21","-1","-10.258363","-48.316757","1782353685339","2026-06-25T02:14:45","a82a13e5-2525-4021-aa92-7892a48c9f70"
"2026-07-23T10:52:24","592213244","",,"Palmas","BR","1","0","5","63","-1","-10.258354","-48.315834","1784686767492","2026-07-22T02:19:27","dc9d4e1f-8670-4b13-9612-de4df2989f38"
"2026-07-23T10:52:24","1088566738","",,"Palmas","BR","1","0","5","41","-1","-10.258569","-48.317408","1783562302500","2026-07-09T01:58:22","9740383b-d7ef-4ff2-9da7-1b82984db198"
"2026-07-23T10:52:24","1693600032","",,"Palmas","BR","1","0","5","63","-1","-10.258354","-48.315834","1784081881899","2026-07-15T02:18:01","205a09b3-2e2f-4b45-86aa-4ea82a9ecd25"
"2026-07-23T10:52:24","1877536026","",,"Palmas","BR","1","0","5","23","-1","-10.258348","-48.316227","1784194194365","2026-07-16T09:29:54","67a7d0d3-9d61-4acd-8315-250cecac9790"
"2026-07-23T10:52:24","1764118132","Av. Siqueira Campos","Desvio","Palmas","BR","2","0","5","327","-1","-10.294325","-48.33214","1782872110314","2026-07-01T02:15:10","2f08bda5-8a61-4942-836a-8f1ec7689705"
"2026-07-23T10:52:24","767645330","BR-010","","Palmas","BR","6","7.98","4","296","111","-10.329662","-48.298129","1784803752997","2026-07-23T10:49:12",
"2026-07-23T10:52:24","592201592","",,"Palmas","BR","1","0","5","86","-1","-10.258277","-48.315151","1784686768026","2026-07-22T02:19:28","95d9d88f-a5e9-4a1f-a5e3-d31635a7afc6"
"2026-07-23T10:52:24","1693600006","Av. Siqueira Campos","","Palmas","BR","2","0","5","327","-1","-10.294325","-48.33214","1784081881897","2026-07-15T02:18:01","2613c8db-9637-40d4-8e38-c2092c8c0dfc"
"2026-07-23T10:52:24","642996038","",,"Palmas","BR","1","0","5","36","-1","-10.258352","-48.316498","1784725868930","2026-07-22T13:11:08","341a3583-4137-4e82-bfbb-a67b5e845593"
"2026-07-23T10:52:24","733757796","","Av. NS-10","Palmas","BR","1","0","5","70","-1","-10.258317","-48.317258","1784773032602","2026-07-23T02:17:12","3c3cc392-5d12-48d2-a44d-55f1688e96a0"
"2026-07-23T10:52:24","592228244","",,"Palmas","BR","1","0","5","23","-1","-10.258348","-48.316227","1784686768210","2026-07-22T02:19:28","151ee59d-9fc8-4482-9e04-b365b1e458b5"
"2026-07-23T10:52:24","1694226848","",,"Palmas","BR","1","0","5","15","-1","-10.258365","-48.316918","1783904330428","2026-07-13T00:58:50","06d504d6-dac0-4c04-9329-7777206ab7a2"
"2026-07-23T10:52:24","223991394","",,"Palmas","BR","1","0","5","21","-1","-10.258363","-48.316757","1783180963404","2026-07-04T16:02:43","d984add8-2949-4ac0-81b5-2aa666f8ed15"
"2026-07-23T10:52:24","1693573164","","","Palmas","BR","1","0","5","86","-1","-10.258278","-48.315151","1784081882190","2026-07-15T02:18:02","0584e645-bcd7-4670-a8e4-2c08a6763039"
"2026-07-23T12:15:28","1764083300","Av. Siqueira Campos","","Palmas","BR","2","0","5","155","-1","-10.292304","-48.332966","1782872109418","2026-07-01T02:15:09","78af3b54-3dea-4f10-8eb5-5fb4a34eaabb"
"2026-07-23T12:15:28","1693600118","Av. Siqueira Campos",,"Palmas","BR","2","0","5","155","-1","-10.292304","-48.332966","1784081883010","2026-07-15T02:18:03","af3fc386-180b-4082-a64c-64efe9627b8d"
"2026-07-23T12:15:28","777769150","BR-010","","Palmas","BR","6","28.76","2","2492","160","-10.347791","-48.300407","1784808497722","2026-07-23T12:08:17",
"2026-07-23T12:15:28","1764089184","",,"Palmas","BR","1","0","5","45","-1","-10.25844","-48.317041","1782872178272","2026-07-01T02:16:18","972e31c2-cd12-4c0a-b3ee-1530d2e74b4f"
"2026-07-23T12:15:28","1693596122","",,"Palmas","BR","1","0","5","36","-1","-10.258352","-48.316498","1784081881899","2026-07-15T02:18:01","f6a9d158-cb4d-43ec-b26e-e2687cf324bf"
"2026-07-23T12:15:28","1211995990","",,"Palmas","BR","1","0","5","21","-1","-10.258363","-48.316757","1782353685339","2026-06-25T02:14:45","a82a13e5-2525-4021-aa92-7892a48c9f70"
"2026-07-23T12:15:28","592213244","",,"Palmas","BR","1","0","5","63","-1","-10.258354","-48.315834","1784686767492","2026-07-22T02:19:27","dc9d4e1f-8670-4b13-9612-de4df2989f38"
"2026-07-23T12:15:28","1088566738","",,"Palmas","BR","1","0","5","41","-1","-10.258569","-48.317408","1783562302500","2026-07-09T01:58:22","9740383b-d7ef-4ff2-9da7-1b82984db198"
"2026-07-23T12:15:28","1877536026","",,"Palmas","BR","1","0","5","23","-1","-10.258348","-48.316227","1784194194365","2026-07-16T09:29:54","67a7d0d3-9d61-4acd-8315-250cecac9790"
"2026-07-23T12:15:28","1764118132","Av. Siqueira Campos","Desvio","Palmas","BR","2","0","5","327","-1","-10.294325","-48.33214","1782872110314","2026-07-01T02:15:10","2f08bda5-8a61-4942-836a-8f1ec7689705"
"2026-07-23T12:15:28","1693600032","",,"Palmas","BR","1","0","5","63","-1","-10.258354","-48.315834","1784081881899","2026-07-15T02:18:01","205a09b3-2e2f-4b45-86aa-4ea82a9ecd25"
"2026-07-23T12:15:28","777706158","","Palmas","Taquarussu do Porto (Palmas)","BR","1","22.81","2","1811","1033","-10.320161","-48.172978","1784808497899","2026-07-23T12:08:17",
"2026-07-23T12:15:28","1693600006","Av. Siqueira Campos","","Palmas","BR","2","0","5","327","-1","-10.294325","-48.33214","1784081881897","2026-07-15T02:18:01","2613c8db-9637-40d4-8e38-c2092c8c0dfc"
"2026-07-23T12:15:28","592201592","",,"Palmas","BR","1","0","5","86","-1","-10.258277","-48.315151","1784686768026","2026-07-22T02:19:28","95d9d88f-a5e9-4a1f-a5e3-d31635a7afc6"
"2026-07-23T12:15:28","642996038","",,"Palmas","BR","1","0","5","36","-1","-10.258352","-48.316498","1784725868930","2026-07-22T13:11:08","341a3583-4137-4e82-bfbb-a67b5e845593"
"2026-07-23T12:15:28","733757796","","Av. NS-10","Palmas","BR","1","0","5","70","-1","-10.258317","-48.317258","1784773032602","2026-07-23T02:17:12","3c3cc392-5d12-48d2-a44d-55f1688e96a0"
"2026-07-23T12:15:28","592228244","",,"Palmas","BR","1","0","5","23","-1","-10.258348","-48.316227","1784686768210","2026-07-22T02:19:28","151ee59d-9fc8-4482-9e04-b365b1e458b5"
"2026-07-23T12:15:28","778504190","","Av. M","Palmas","BR","1","8.06","3","336","90","-10.310686","-48.310561","1784808790446","2026-07-23T12:13:10",
"2026-07-23T12:15:28","223991394","",,"Palmas","BR","1","0","5","21","-1","-10.258363","-48.316757","1783180963404","2026-07-04T16:02:43","d984add8-2949-4ac0-81b5-2aa666f8ed15"
"2026-07-23T12:15:28","1694226848","",,"Palmas","BR","1","0","5","15","-1","-10.258365","-48.316918","1783904330428","2026-07-13T00:58:50","06d504d6-dac0-4c04-9329-7777206ab7a2"
"2026-07-23T12:15:28","1693573164","","","Palmas","BR","1","0","5","86","-1","-10.258278","-48.315151","1784081882190","2026-07-15T02:18:02","0584e645-bcd7-4670-a8e4-2c08a6763039"
"2026-07-23T14:32:28","1764083300","Av. Siqueira Campos","","Palmas","BR","2","0","5","155","-1","-10.292304","-48.332966","1782872109418","2026-07-01T02:15:09","78af3b54-3dea-4f10-8eb5-5fb4a34eaabb"
"2026-07-23T14:32:28","1693600118","Av. Siqueira Campos",,"Palmas","BR","2","0","5","155","-1","-10.292304","-48.332966","1784081883010","2026-07-15T02:18:03","af3fc386-180b-4082-a64c-64efe9627b8d"
"2026-07-23T14:32:28","1764089184","",,"Palmas","BR","1","0","5","45","-1","-10.25844","-48.317041","1782872178272","2026-07-01T02:16:18","972e31c2-cd12-4c0a-b3ee-1530d2e74b4f"
"2026-07-23T14:32:28","798715548","TO-080","Luzimangues (Porto Nacional)","Palmas","BR","7","28.86","2","3676","257","-10.185772","-48.429246","1784816185405","2026-07-23T14:16:25",
"2026-07-23T14:32:28","801226854","TO-080","Palmas","Luzimangues (Porto Nacional)","BR","7","46.91","1","8089","216","-10.185632","-48.419569","1784817012032","2026-07-23T14:30:12",
"2026-07-23T14:32:28","1693596122","",,"Palmas","BR","1","0","5","36","-1","-10.258352","-48.316498","1784081881899","2026-07-15T02:18:01","f6a9d158-cb4d-43ec-b26e-e2687cf324bf"
"2026-07-23T14:32:28","1211995990","",,"Palmas","BR","1","0","5","21","-1","-10.258363","-48.316757","1782353685339","2026-06-25T02:14:45","a82a13e5-2525-4021-aa92-7892a48c9f70"
"2026-07-23T14:32:28","799281546","TO-030","Palmas","Palmas","BR","7","63.03","1","5087","94","-10.323367","-48.234968","1784816410784","2026-07-23T14:20:10",
"2026-07-23T14:32:28","799761124","ARSE 21 Al. 10","ARSE 21 Al. 13 Jaó","Palmas","BR","1","5.93","3","223","96","-10.196417","-48.328879","1784816559696","2026-07-23T14:22:39",
"2026-07-23T14:32:28","1088566738","",,"Palmas","BR","1","0","5","41","-1","-10.258569","-48.317408","1783562302500","2026-07-09T01:58:22","9740383b-d7ef-4ff2-9da7-1b82984db198"
"2026-07-23T14:32:28","592213244","",,"Palmas","BR","1","0","5","63","-1","-10.258354","-48.315834","1784686767492","2026-07-22T02:19:27","dc9d4e1f-8670-4b13-9612-de4df2989f38"
"2026-07-23T14:32:28","1877536026","",,"Palmas","BR","1","0","5","23","-1","-10.258348","-48.316227","1784194194365","2026-07-16T09:29:54","67a7d0d3-9d61-4acd-8315-250cecac9790"
"2026-07-23T14:32:28","1764118132","Av. Siqueira Campos","Desvio","Palmas","BR","2","0","5","327","-1","-10.294325","-48.33214","1782872110314","2026-07-01T02:15:10","2f08bda5-8a61-4942-836a-8f1ec7689705"
"2026-07-23T14:32:28","1693600032","",,"Palmas","BR","1","0","5","63","-1","-10.258354","-48.315834","1784081881899","2026-07-15T02:18:01","205a09b3-2e2f-4b45-86aa-4ea82a9ecd25"
"2026-07-23T14:32:28","799006412","Av. LO-7","ARSE 33 Al. 13","Palmas","BR","2","7.79","1","300","63","-10.200423","-48.314073","1784816335798","2026-07-23T14:18:55",
"2026-07-23T14:32:28","1693600006","Av. Siqueira Campos","","Palmas","BR","2","0","5","327","-1","-10.294325","-48.33214","1784081881897","2026-07-15T02:18:01","2613c8db-9637-40d4-8e38-c2092c8c0dfc"
"2026-07-23T14:32:28","592201592","",,"Palmas","BR","1","0","5","86","-1","-10.258277","-48.315151","1784686768026","2026-07-22T02:19:28","95d9d88f-a5e9-4a1f-a5e3-d31635a7afc6"
"2026-07-23T14:32:28","642996038","",,"Palmas","BR","1","0","5","36","-1","-10.258352","-48.316498","1784725868930","2026-07-22T13:11:08","341a3583-4137-4e82-bfbb-a67b5e845593"
"2026-07-23T14:32:28","592228244","",,"Palmas","BR","1","0","5","23","-1","-10.258348","-48.316227","1784686768210","2026-07-22T02:19:28","151ee59d-9fc8-4482-9e04-b365b1e458b5"
"2026-07-23T14:32:28","733757796","","Av. NS-10","Palmas","BR","1","0","5","70","-1","-10.258317","-48.317258","1784773032602","2026-07-23T02:17:12","3c3cc392-5d12-48d2-a44d-55f1688e96a0"
"2026-07-23T14:32:28","800512044","",,"Palmas","BR","1","15.36","2","1661","194","-10.288108","-48.351893","1784816787628","2026-07-23T14:26:27",
"2026-07-23T14:32:28","223991394","",,"Palmas","BR","1","0","5","21","-1","-10.258363","-48.316757","1783180963404","2026-07-04T16:02:43","d984add8-2949-4ac0-81b5-2aa666f8ed15"
"2026-07-23T14:32:28","1694226848","",,"Palmas","BR","1","0","5","15","-1","-10.258365","-48.316918","1783904330428","2026-07-13T00:58:50","06d504d6-dac0-4c04-9329-7777206ab7a2"
"2026-07-23T14:32:28","1693573164","","","Palmas","BR","1","0","5","86","-1","-10.258278","-48.315151","1784081882190","2026-07-15T02:18:02","0584e645-bcd7-4670-a8e4-2c08a6763039"
"2026-07-23T16:09:20","1764083300","Av. Siqueira Campos","","Palmas","BR","2","0","5","155","-1","-10.292304","-48.332966","1782872109418","2026-07-01T02:15:09","78af3b54-3dea-4f10-8eb5-5fb4a34eaabb"
"2026-07-23T16:09:20","1693600118","Av. Siqueira Campos",,"Palmas","BR","2","0","5","155","-1","-10.292304","-48.332966","1784081883010","2026-07-15T02:18:03","af3fc386-180b-4082-a64c-64efe9627b8d"
"2026-07-23T16:09:20","1764089184","",,"Palmas","BR","1","0","5","45","-1","-10.25844","-48.317041","1782872178272","2026-07-01T02:16:18","972e31c2-cd12-4c0a-b3ee-1530d2e74b4f"
"2026-07-23T16:09:20","1087989118","","Taquarussu do Porto (Palmas)","Taquarussu do Porto (Palmas)","BR","1","34.06","1","1523","65","-10.285145","-48.138142","1784822682048","2026-07-23T16:04:42",
"2026-07-23T16:09:20","1693596122","",,"Palmas","BR","1","0","5","36","-1","-10.258352","-48.316498","1784081881899","2026-07-15T02:18:01","f6a9d158-cb4d-43ec-b26e-e2687cf324bf"
"2026-07-23T16:09:20","1211995990","",,"Palmas","BR","1","0","5","21","-1","-10.258363","-48.316757","1782353685339","2026-06-25T02:14:45","a82a13e5-2525-4021-aa92-7892a48c9f70"
"2026-07-23T16:09:20","1088566738","",,"Palmas","BR","1","0","5","41","-1","-10.258569","-48.317408","1783562302500","2026-07-09T01:58:22","9740383b-d7ef-4ff2-9da7-1b82984db198"
"2026-07-23T16:09:20","592213244","",,"Palmas","BR","1","0","5","63","-1","-10.258354","-48.315834","1784686767492","2026-07-22T02:19:27","dc9d4e1f-8670-4b13-9612-de4df2989f38"
"2026-07-23T16:09:20","1877536026","",,"Palmas","BR","1","0","5","23","-1","-10.258348","-48.316227","1784194194365","2026-07-16T09:29:54","67a7d0d3-9d61-4acd-8315-250cecac9790"
"2026-07-23T16:09:20","1764118132","Av. Siqueira Campos","Desvio","Palmas","BR","2","0","5","327","-1","-10.294325","-48.33214","1782872110314","2026-07-01T02:15:10","2f08bda5-8a61-4942-836a-8f1ec7689705"
"2026-07-23T16:09:20","1693600032","",,"Palmas","BR","1","0","5","63","-1","-10.258354","-48.315834","1784081881899","2026-07-15T02:18:01","205a09b3-2e2f-4b45-86aa-4ea82a9ecd25"
"2026-07-23T16:09:20","1693600006","Av. Siqueira Campos","","Palmas","BR","2","0","5","327","-1","-10.294325","-48.33214","1784081881897","2026-07-15T02:18:01","2613c8db-9637-40d4-8e38-c2092c8c0dfc"
"2026-07-23T16:09:20","592201592","",,"Palmas","BR","1","0","5","86","-1","-10.258277","-48.315151","1784686768026","2026-07-22T02:19:28","95d9d88f-a5e9-4a1f-a5e3-d31635a7afc6"
"2026-07-23T16:09:20","642996038","",,"Palmas","BR","1","0","5","36","-1","-10.258352","-48.316498","1784725868930","2026-07-22T13:11:08","341a3583-4137-4e82-bfbb-a67b5e845593"
"2026-07-23T16:09:20","592228244","",,"Palmas","BR","1","0","5","23","-1","-10.258348","-48.316227","1784686768210","2026-07-22T02:19:28","151ee59d-9fc8-4482-9e04-b365b1e458b5"
"2026-07-23T16:09:20","733757796","","Av. NS-10","Palmas","BR","1","0","5","70","-1","-10.258317","-48.317258","1784773032602","2026-07-23T02:17:12","3c3cc392-5d12-48d2-a44d-55f1688e96a0"
"2026-07-23T16:09:20","223991394","",,"Palmas","BR","1","0","5","21","-1","-10.258363","-48.316757","1783180963404","2026-07-04T16:02:43","d984add8-2949-4ac0-81b5-2aa666f8ed15"
"2026-07-23T16:09:20","1694226848","",,"Palmas","BR","1","0","5","15","-1","-10.258365","-48.316918","1783904330428","2026-07-13T00:58:50","06d504d6-dac0-4c04-9329-7777206ab7a2"
"2026-07-23T16:09:20","1693573164","","","Palmas","BR","1","0","5","86","-1","-10.258278","-48.315151","1784081882190","2026-07-15T02:18:02","0584e645-bcd7-4670-a8e4-2c08a6763039"
"2026-07-23T16:09:20","1088689914","Av. NS-4","","Palmas","BR","2","5.19","4","297","185","-10.266464","-48.324229","1784822904402","2026-07-23T16:08:24",
"2026-07-23T17:42:56","1103647016","ACSV-NE 51 Al. 17 A","ARNE 51 Rua 4","Palmas","BR","1","2.81","3","166","157","-10.166911","-48.320021","1784828454776","2026-07-23T17:40:54",
"2026-07-23T17:42:56","1764083300","Av. Siqueira Campos","","Palmas","BR","2","0","5","155","-1","-10.292304","-48.332966","1782872109418","2026-07-01T02:15:09","78af3b54-3dea-4f10-8eb5-5fb4a34eaabb"
"2026-07-23T17:42:56","1693600118","Av. Siqueira Campos",,"Palmas","BR","2","0","5","155","-1","-10.292304","-48.332966","1784081883010","2026-07-15T02:18:03","af3fc386-180b-4082-a64c-64efe9627b8d"
"2026-07-23T17:42:56","1764089184","",,"Palmas","BR","1","0","5","45","-1","-10.25844","-48.317041","1782872178272","2026-07-01T02:16:18","972e31c2-cd12-4c0a-b3ee-1530d2e74b4f"
"2026-07-23T17:42:56","1693596122","",,"Palmas","BR","1","0","5","36","-1","-10.258352","-48.316498","1784081881899","2026-07-15T02:18:01","f6a9d158-cb4d-43ec-b26e-e2687cf324bf"
"2026-07-23T17:42:56","1211995990","",,"Palmas","BR","1","0","5","21","-1","-10.258363","-48.316757","1782353685339","2026-06-25T02:14:45","a82a13e5-2525-4021-aa92-7892a48c9f70"
"2026-07-23T17:42:56","592213244","",,"Palmas","BR","1","0","5","63","-1","-10.258354","-48.315834","1784686767492","2026-07-22T02:19:27","dc9d4e1f-8670-4b13-9612-de4df2989f38"
"2026-07-23T17:42:56","1088566738","",,"Palmas","BR","1","0","5","41","-1","-10.258569","-48.317408","1783562302500","2026-07-09T01:58:22","9740383b-d7ef-4ff2-9da7-1b82984db198"
"2026-07-23T17:42:56","1877536026","",,"Palmas","BR","1","0","5","23","-1","-10.258348","-48.316227","1784194194365","2026-07-16T09:29:54","67a7d0d3-9d61-4acd-8315-250cecac9790"
"2026-07-23T17:42:56","1693600032","",,"Palmas","BR","1","0","5","63","-1","-10.258354","-48.315834","1784081881899","2026-07-15T02:18:01","205a09b3-2e2f-4b45-86aa-4ea82a9ecd25"
"2026-07-23T17:42:56","1764118132","Av. Siqueira Campos","Desvio","Palmas","BR","2","0","5","327","-1","-10.294325","-48.33214","1782872110314","2026-07-01T02:15:10","2f08bda5-8a61-4942-836a-8f1ec7689705"
"2026-07-23T17:42:56","1693600006","Av. Siqueira Campos","","Palmas","BR","2","0","5","327","-1","-10.294325","-48.33214","1784081881897","2026-07-15T02:18:01","2613c8db-9637-40d4-8e38-c2092c8c0dfc"
"2026-07-23T17:42:56","592201592","",,"Palmas","BR","1","0","5","86","-1","-10.258277","-48.315151","1784686768026","2026-07-22T02:19:28","95d9d88f-a5e9-4a1f-a5e3-d31635a7afc6"
"2026-07-23T17:42:56","642996038","",,"Palmas","BR","1","0","5","36","-1","-10.258352","-48.316498","1784725868930","2026-07-22T13:11:08","341a3583-4137-4e82-bfbb-a67b5e845593"
"2026-07-23T17:42:56","1101709426","TO-010","Palmas","Palmas","BR","7","27.28","3","1919","174","-10.082915","-48.316905","1784827638889","2026-07-23T17:27:18",
"2026-07-23T17:42:56","592228244","",,"Palmas","BR","1","0","5","23","-1","-10.258348","-48.316227","1784686768210","2026-07-22T02:19:28","151ee59d-9fc8-4482-9e04-b365b1e458b5"
"2026-07-23T17:42:56","733757796","","Av. NS-10","Palmas","BR","1","0","5","70","-1","-10.258317","-48.317258","1784773032602","2026-07-23T02:17:12","3c3cc392-5d12-48d2-a44d-55f1688e96a0"
"2026-07-23T17:42:56","1694226848","",,"Palmas","BR","1","0","5","15","-1","-10.258365","-48.316918","1783904330428","2026-07-13T00:58:50","06d504d6-dac0-4c04-9329-7777206ab7a2"
"2026-07-23T17:42:56","223991394","",,"Palmas","BR","1","0","5","21","-1","-10.258363","-48.316757","1783180963404","2026-07-04T16:02:43","d984add8-2949-4ac0-81b5-2aa666f8ed15"
"2026-07-23T17:42:56","1693573164","","","Palmas","BR","1","0","5","86","-1","-10.258278","-48.315151","1784081882190","2026-07-15T02:18:02","0584e645-bcd7-4670-a8e4-2c08a6763039"
"2026-07-23T17:42:56","1103408154","ACSE 1 Rua SE-5","Av. NS-2","Palmas","BR","1","12.4","2","431","79","-10.187284","-48.327131","1784828379493","2026-07-23T17:39:39",
"2026-07-23T18:48:47","1764083300","Av. Siqueira Campos","","Palmas","BR","2","0","5","155","-1","-10.292304","-48.332966","1782872109418","2026-07-01T02:15:09","78af3b54-3dea-4f10-8eb5-5fb4a34eaabb"
"2026-07-23T18:48:47","1110214702","TO-010","Av. NS 15","Palmas","BR","7","54.01","1","3765","93","-10.144889","-48.302358","1784832003315","2026-07-23T18:40:03",
"2026-07-23T18:48:47","1693600118","Av. Siqueira Campos",,"Palmas","BR","2","0","5","155","-1","-10.292304","-48.332966","1784081883010","2026-07-15T02:18:03","af3fc386-180b-4082-a64c-64efe9627b8d"
"2026-07-23T18:48:47","1764089184","",,"Palmas","BR","1","0","5","45","-1","-10.25844","-48.317041","1782872178272","2026-07-01T02:16:18","972e31c2-cd12-4c0a-b3ee-1530d2e74b4f"
"2026-07-23T18:48:47","1693596122","",,"Palmas","BR","1","0","5","36","-1","-10.258352","-48.316498","1784081881899","2026-07-15T02:18:01","f6a9d158-cb4d-43ec-b26e-e2687cf324bf"
"2026-07-23T18:48:47","1108283718","TO-080","Palmas","Luzimangues (Porto Nacional)","BR","7","36.82","1","5515","261","-10.185761","-48.427846","1784830895596","2026-07-23T18:21:35",
"2026-07-23T18:48:47","1211995990","",,"Palmas","BR","1","0","5","21","-1","-10.258363","-48.316757","1782353685339","2026-06-25T02:14:45","a82a13e5-2525-4021-aa92-7892a48c9f70"
"2026-07-23T18:48:47","1110871384","TO-080","Luzimangues (Porto Nacional)","Palmas","BR","7","37.13","1","3309","150","-10.185774","-48.429526","1784832450273","2026-07-23T18:47:30",
"2026-07-23T18:48:47","592213244","",,"Palmas","BR","1","0","5","63","-1","-10.258354","-48.315834","1784686767492","2026-07-22T02:19:27","dc9d4e1f-8670-4b13-9612-de4df2989f38"
"2026-07-23T18:48:47","1088566738","",,"Palmas","BR","1","0","5","41","-1","-10.258569","-48.317408","1783562302500","2026-07-09T01:58:22","9740383b-d7ef-4ff2-9da7-1b82984db198"
"2026-07-23T18:48:47","1110569184","Av. LO-15","","Palmas","BR","2","6.02","4","637","331","-10.223959","-48.321624","1784832302520","2026-07-23T18:45:02",
"2026-07-23T18:48:47","1877536026","",,"Palmas","BR","1","0","5","23","-1","-10.258348","-48.316227","1784194194365","2026-07-16T09:29:54","67a7d0d3-9d61-4acd-8315-250cecac9790"
"2026-07-23T18:48:47","1693600032","",,"Palmas","BR","1","0","5","63","-1","-10.258354","-48.315834","1784081881899","2026-07-15T02:18:01","205a09b3-2e2f-4b45-86aa-4ea82a9ecd25"
"2026-07-23T18:48:47","1764118132","Av. Siqueira Campos","Desvio","Palmas","BR","2","0","5","327","-1","-10.294325","-48.33214","1782872110314","2026-07-01T02:15:10","2f08bda5-8a61-4942-836a-8f1ec7689705"
"2026-07-23T18:48:47","592201592","",,"Palmas","BR","1","0","5","86","-1","-10.258277","-48.315151","1784686768026","2026-07-22T02:19:28","95d9d88f-a5e9-4a1f-a5e3-d31635a7afc6"
"2026-07-23T18:48:47","1693600006","Av. Siqueira Campos","","Palmas","BR","2","0","5","327","-1","-10.294325","-48.33214","1784081881897","2026-07-15T02:18:01","2613c8db-9637-40d4-8e38-c2092c8c0dfc"
"2026-07-23T18:48:47","642996038","",,"Palmas","BR","1","0","5","36","-1","-10.258352","-48.316498","1784725868930","2026-07-22T13:11:08","341a3583-4137-4e82-bfbb-a67b5e845593"
"2026-07-23T18:48:47","733757796","","Av. NS-10","Palmas","BR","1","0","5","70","-1","-10.258317","-48.317258","1784773032602","2026-07-23T02:17:12","3c3cc392-5d12-48d2-a44d-55f1688e96a0"
"2026-07-23T18:48:47","592228244","",,"Palmas","BR","1","0","5","23","-1","-10.258348","-48.316227","1784686768210","2026-07-22T02:19:28","151ee59d-9fc8-4482-9e04-b365b1e458b5"
"2026-07-23T18:48:47","223991394","",,"Palmas","BR","1","0","5","21","-1","-10.258363","-48.316757","1783180963404","2026-07-04T16:02:43","d984add8-2949-4ac0-81b5-2aa666f8ed15"
"2026-07-23T18:48:47","1694226848","",,"Palmas","BR","1","0","5","15","-1","-10.258365","-48.316918","1783904330428","2026-07-13T00:58:50","06d504d6-dac0-4c04-9329-7777206ab7a2"
"2026-07-23T18:48:47","1693573164","","","Palmas","BR","1","0","5","86","-1","-10.258278","-48.315151","1784081882190","2026-07-15T02:18:02","0584e645-bcd7-4670-a8e4-2c08a6763039"
"2026-07-23T18:48:47","1110549804","Av. NS-15",,"Palmas","BR","2","9.93","2","464","108","-10.22043","-48.364459","1784832302023","2026-07-23T18:45:02",
"2026-07-23T20:01:54","1764083300","Av. Siqueira Campos","","Palmas","BR","2","0","5","155","-1","-10.292304","-48.332966","1782872109418","2026-07-01T02:15:09","78af3b54-3dea-4f10-8eb5-5fb4a34eaabb"
"2026-07-23T20:01:54","1693600118","Av. Siqueira Campos",,"Palmas","BR","2","0","5","155","-1","-10.292304","-48.332966","1784081883010","2026-07-15T02:18:03","af3fc386-180b-4082-a64c-64efe9627b8d"
"2026-07-23T20:01:54","1116879254","TO-040","Palmas","Palmas","BR","7","39.03","1","2323","69","-10.491612","-48.336126","1784836359859","2026-07-23T19:52:39",
"2026-07-23T20:01:54","1764089184","",,"Palmas","BR","1","0","5","45","-1","-10.25844","-48.317041","1782872178272","2026-07-01T02:16:18","972e31c2-cd12-4c0a-b3ee-1530d2e74b4f"
"2026-07-23T20:01:54","1693596122","",,"Palmas","BR","1","0","5","36","-1","-10.258352","-48.316498","1784081881899","2026-07-15T02:18:01","f6a9d158-cb4d-43ec-b26e-e2687cf324bf"
"2026-07-23T20:01:54","1211995990","",,"Palmas","BR","1","0","5","21","-1","-10.258363","-48.316757","1782353685339","2026-06-25T02:14:45","a82a13e5-2525-4021-aa92-7892a48c9f70"
"2026-07-23T20:01:54","1116991320","Av. E","R. 3","Palmas","BR","2","5.78","4","215","112","-10.305149","-48.302578","1784836437771","2026-07-23T19:53:57",
"2026-07-23T20:01:54","592213244","",,"Palmas","BR","1","0","5","63","-1","-10.258354","-48.315834","1784686767492","2026-07-22T02:19:27","dc9d4e1f-8670-4b13-9612-de4df2989f38"
"2026-07-23T20:01:54","1088566738","",,"Palmas","BR","1","0","5","41","-1","-10.258569","-48.317408","1783562302500","2026-07-09T01:58:22","9740383b-d7ef-4ff2-9da7-1b82984db198"
"2026-07-23T20:01:54","1877536026","",,"Palmas","BR","1","0","5","23","-1","-10.258348","-48.316227","1784194194365","2026-07-16T09:29:54","67a7d0d3-9d61-4acd-8315-250cecac9790"
"2026-07-23T20:01:54","1693600032","",,"Palmas","BR","1","0","5","63","-1","-10.258354","-48.315834","1784081881899","2026-07-15T02:18:01","205a09b3-2e2f-4b45-86aa-4ea82a9ecd25"
"2026-07-23T20:01:54","1764118132","Av. Siqueira Campos","Desvio","Palmas","BR","2","0","5","327","-1","-10.294325","-48.33214","1782872110314","2026-07-01T02:15:10","2f08bda5-8a61-4942-836a-8f1ec7689705"
"2026-07-23T20:01:54","592201592","",,"Palmas","BR","1","0","5","86","-1","-10.258277","-48.315151","1784686768026","2026-07-22T02:19:28","95d9d88f-a5e9-4a1f-a5e3-d31635a7afc6"
"2026-07-23T20:01:54","1693600006","Av. Siqueira Campos","","Palmas","BR","2","0","5","327","-1","-10.294325","-48.33214","1784081881897","2026-07-15T02:18:01","2613c8db-9637-40d4-8e38-c2092c8c0dfc"
"2026-07-23T20:01:54","642996038","",,"Palmas","BR","1","0","5","36","-1","-10.258352","-48.316498","1784725868930","2026-07-22T13:11:08","341a3583-4137-4e82-bfbb-a67b5e845593"
"2026-07-23T20:01:54","733757796","","Av. NS-10","Palmas","BR","1","0","5","70","-1","-10.258317","-48.317258","1784773032602","2026-07-23T02:17:12","3c3cc392-5d12-48d2-a44d-55f1688e96a0"
"2026-07-23T20:01:54","592228244","",,"Palmas","BR","1","0","5","23","-1","-10.258348","-48.316227","1784686768210","2026-07-22T02:19:28","151ee59d-9fc8-4482-9e04-b365b1e458b5"
"2026-07-23T20:01:54","1115534982","TO-080","Luzimangues (Porto Nacional)","Palmas","BR","7","28.64","2","3860","293","-10.18577","-48.429106","1784835473700","2026-07-23T19:37:53",
"2026-07-23T20:01:54","1694226848","",,"Palmas","BR","1","0","5","15","-1","-10.258365","-48.316918","1783904330428","2026-07-13T00:58:50","06d504d6-dac0-4c04-9329-7777206ab7a2"
"2026-07-23T20:01:54","223991394","",,"Palmas","BR","1","0","5","21","-1","-10.258363","-48.316757","1783180963404","2026-07-04T16:02:43","d984add8-2949-4ac0-81b5-2aa666f8ed15"
"2026-07-23T20:01:54","1693573164","","","Palmas","BR","1","0","5","86","-1","-10.258278","-48.315151","1784081882190","2026-07-15T02:18:02","0584e645-bcd7-4670-a8e4-2c08a6763039"
"2026-07-23T21:09:34","1764083300","Av. Siqueira Campos","","Palmas","BR","2","0","5","155","-1","-10.292304","-48.332966","1782872109418","2026-07-01T02:15:09","78af3b54-3dea-4f10-8eb5-5fb4a34eaabb"
"2026-07-23T21:09:34","1693600118","Av. Siqueira Campos",,"Palmas","BR","2","0","5","155","-1","-10.292304","-48.332966","1784081883010","2026-07-15T02:18:03","af3fc386-180b-4082-a64c-64efe9627b8d"
"2026-07-23T21:09:34","1764089184","",,"Palmas","BR","1","0","5","45","-1","-10.25844","-48.317041","1782872178272","2026-07-01T02:16:18","972e31c2-cd12-4c0a-b3ee-1530d2e74b4f"
"2026-07-23T21:09:34","1124177422","ACSE 1 Rua SE-5","Av. NS-2","Palmas","BR","1","14.83","2","586","68","-10.187296","-48.328","1784840630479","2026-07-23T21:03:50",
"2026-07-23T21:09:34","1123824238","BR-010","","Palmas","BR","6","4.96","4","530","344","-10.330555","-48.298252","1784840403768","2026-07-23T21:00:03",
"2026-07-23T21:09:34","1124084754","Marg. da TO-050","Av. LO-13","Palmas","BR","2","39.04","1","2047","65","-10.208828","-48.308339","1784840556255","2026-07-23T21:02:36",
"2026-07-23T21:09:34","1693600032","",,"Palmas","BR","1","0","5","63","-1","-10.258354","-48.315834","1784081881899","2026-07-15T02:18:01","205a09b3-2e2f-4b45-86aa-4ea82a9ecd25"
"2026-07-23T21:09:34","1764118132","Av. Siqueira Campos","Desvio","Palmas","BR","2","0","5","327","-1","-10.294325","-48.33214","1782872110314","2026-07-01T02:15:10","2f08bda5-8a61-4942-836a-8f1ec7689705"
"2026-07-23T21:09:34","642996038","",,"Palmas","BR","1","0","5","36","-1","-10.258352","-48.316498","1784725868930","2026-07-22T13:11:08","341a3583-4137-4e82-bfbb-a67b5e845593"
"2026-07-23T21:09:34","592228244","",,"Palmas","BR","1","0","5","23","-1","-10.258348","-48.316227","1784686768210","2026-07-22T02:19:28","151ee59d-9fc8-4482-9e04-b365b1e458b5"
"2026-07-23T21:09:34","733757796","","Av. NS-10","Palmas","BR","1","0","5","70","-1","-10.258317","-48.317258","1784773032602","2026-07-23T02:17:12","3c3cc392-5d12-48d2-a44d-55f1688e96a0"
"2026-07-23T21:09:34","1124510236","Av. Tocantins","","Palmas","BR","7","8.04","3","774","264","-10.331791","-48.296805","1784840706025","2026-07-23T21:05:06",
"2026-07-23T21:09:34","1124938262","ARNE 51 Al. 2","ARNE 51 Al. 17","Palmas","BR","1","4.48","3","176","111","-10.166125","-48.322904","1784840931334","2026-07-23T21:08:51",
"2026-07-23T21:09:34","1694226848","",,"Palmas","BR","1","0","5","15","-1","-10.258365","-48.316918","1783904330428","2026-07-13T00:58:50","06d504d6-dac0-4c04-9329-7777206ab7a2"
"2026-07-23T21:09:34","1124742038","ARSO 42 Al. 4",,"Palmas","BR","1","4.91","3","194","109","-10.210455","-48.345769","1784840930835","2026-07-23T21:08:50",
"2026-07-23T21:09:34","1123173550","R. 26","","Palmas","BR","2","9.24","3","465","142","-10.320929","-48.296848","1784840104910","2026-07-23T20:55:04",
"2026-07-23T21:09:34","1693573164","","","Palmas","BR","1","0","5","86","-1","-10.258278","-48.315151","1784081882190","2026-07-15T02:18:02","0584e645-bcd7-4670-a8e4-2c08a6763039"
"2026-07-23T21:09:34","1119591268","TO-080","Palmas","Luzimangues (Porto Nacional)","BR","7","44.55","1","8089","249","-10.185632","-48.419569","1784838074036","2026-07-23T20:21:14",
"2026-07-23T21:09:34","1693596122","",,"Palmas","BR","1","0","5","36","-1","-10.258352","-48.316498","1784081881899","2026-07-15T02:18:01","f6a9d158-cb4d-43ec-b26e-e2687cf324bf"
"2026-07-23T21:09:34","1117787018","Av. Siqueira Campos","","Palmas","BR","2","18.47","3","1041","144","-10.285809","-48.333083","1784836957440","2026-07-23T20:02:37",
"2026-07-23T21:09:34","1211995990","",,"Palmas","BR","1","0","5","21","-1","-10.258363","-48.316757","1782353685339","2026-06-25T02:14:45","a82a13e5-2525-4021-aa92-7892a48c9f70"
"2026-07-23T21:09:34","1124879520","ACSU-SO 20 Rua NS-A","Av. LO-3","Palmas","BR","1","6.97","3","250","93","-10.19331","-48.334923","1784840932937","2026-07-23T21:08:52",
"2026-07-23T21:09:34","592213244","",,"Palmas","BR","1","0","5","63","-1","-10.258354","-48.315834","1784686767492","2026-07-22T02:19:27","dc9d4e1f-8670-4b13-9612-de4df2989f38"
"2026-07-23T21:09:34","1088566738","",,"Palmas","BR","1","0","5","41","-1","-10.258569","-48.317408","1783562302500","2026-07-09T01:58:22","9740383b-d7ef-4ff2-9da7-1b82984db198"
"2026-07-23T21:09:34","1877536026","",,"Palmas","BR","1","0","5","23","-1","-10.258348","-48.316227","1784194194365","2026-07-16T09:29:54","67a7d0d3-9d61-4acd-8315-250cecac9790"
"2026-07-23T21:09:34","1693600006","Av. Siqueira Campos","","Palmas","BR","2","0","5","327","-1","-10.294325","-48.33214","1784081881897","2026-07-15T02:18:01","2613c8db-9637-40d4-8e38-c2092c8c0dfc"
"2026-07-23T21:09:34","592201592","",,"Palmas","BR","1","0","5","86","-1","-10.258277","-48.315151","1784686768026","2026-07-22T02:19:28","95d9d88f-a5e9-4a1f-a5e3-d31635a7afc6"
"2026-07-23T21:09:34","1124587186","ARSE 51 Al. 3","ARSE 51 Al. 6","Palmas","BR","1","3.04","4","156","166","-10.2142","-48.328699","1784840779122","2026-07-23T21:06:19",
"2026-07-23T21:09:34","223991394","",,"Palmas","BR","1","0","5","21","-1","-10.258363","-48.316757","1783180963404","2026-07-04T16:02:43","d984add8-2949-4ac0-81b5-2aa666f8ed15"
"2026-07-23T22:12:01","1764083300","Av. Siqueira Campos","","Palmas","BR","2","0","5","155","-1","-10.292304","-48.332966","1782872109418","2026-07-01T02:15:09","78af3b54-3dea-4f10-8eb5-5fb4a34eaabb"
"2026-07-23T22:12:01","1132152440","R. Mangubas","Av. Ipanema","Palmas","BR","1","4.47","4","185","125","-10.349278","-48.289491","1784844525652","2026-07-23T22:08:45",
"2026-07-23T22:12:01","1693600118","Av. Siqueira Campos",,"Palmas","BR","2","0","5","155","-1","-10.292304","-48.332966","1784081883010","2026-07-15T02:18:03","af3fc386-180b-4082-a64c-64efe9627b8d"
"2026-07-23T22:12:01","1764089184","",,"Palmas","BR","1","0","5","45","-1","-10.25844","-48.317041","1782872178272","2026-07-01T02:16:18","972e31c2-cd12-4c0a-b3ee-1530d2e74b4f"
"2026-07-23T22:12:01","1693600032","",,"Palmas","BR","1","0","5","63","-1","-10.258354","-48.315834","1784081881899","2026-07-15T02:18:01","205a09b3-2e2f-4b45-86aa-4ea82a9ecd25"
"2026-07-23T22:12:01","1764118132","Av. Siqueira Campos","Desvio","Palmas","BR","2","0","5","327","-1","-10.294325","-48.33214","1782872110314","2026-07-01T02:15:10","2f08bda5-8a61-4942-836a-8f1ec7689705"
"2026-07-23T22:12:01","642996038","",,"Palmas","BR","1","0","5","36","-1","-10.258352","-48.316498","1784725868930","2026-07-22T13:11:08","341a3583-4137-4e82-bfbb-a67b5e845593"
"2026-07-23T22:12:01","733757796","","Av. NS-10","Palmas","BR","1","0","5","70","-1","-10.258317","-48.317258","1784773032602","2026-07-23T02:17:12","3c3cc392-5d12-48d2-a44d-55f1688e96a0"
"2026-07-23T22:12:01","592228244","",,"Palmas","BR","1","0","5","23","-1","-10.258348","-48.316227","1784686768210","2026-07-22T02:19:28","151ee59d-9fc8-4482-9e04-b365b1e458b5"
"2026-07-23T22:12:01","1694226848","",,"Palmas","BR","1","0","5","15","-1","-10.258365","-48.316918","1783904330428","2026-07-13T00:58:50","06d504d6-dac0-4c04-9329-7777206ab7a2"
"2026-07-23T22:12:01","1132090470","ARSE 13 Al. 12","ARSE 13 Al. 11","Palmas","BR","1","4.88","4","198","123","-10.189704","-48.315826","1784844447825","2026-07-23T22:07:27",
"2026-07-23T22:12:01","1693573164","","","Palmas","BR","1","0","5","86","-1","-10.258278","-48.315151","1784081882190","2026-07-15T02:18:02","0584e645-bcd7-4670-a8e4-2c08a6763039"
"2026-07-23T22:12:01","1693596122","",,"Palmas","BR","1","0","5","36","-1","-10.258352","-48.316498","1784081881899","2026-07-15T02:18:01","f6a9d158-cb4d-43ec-b26e-e2687cf324bf"
"2026-07-23T22:12:01","1117787018","Av. Siqueira Campos","","Palmas","BR","2","22.32","2","986","104","-10.286768","-48.333076","1784836957440","2026-07-23T20:02:37",
"2026-07-23T22:12:01","1211995990","",,"Palmas","BR","1","0","5","21","-1","-10.258363","-48.316757","1782353685339","2026-06-25T02:14:45","a82a13e5-2525-4021-aa92-7892a48c9f70"
"2026-07-23T22:12:01","592213244","",,"Palmas","BR","1","0","5","63","-1","-10.258354","-48.315834","1784686767492","2026-07-22T02:19:27","dc9d4e1f-8670-4b13-9612-de4df2989f38"
"2026-07-23T22:12:01","1088566738","",,"Palmas","BR","1","0","5","41","-1","-10.258569","-48.317408","1783562302500","2026-07-09T01:58:22","9740383b-d7ef-4ff2-9da7-1b82984db198"
"2026-07-23T22:12:01","1132467506","Orla 14 Av. Orla","","Palmas","BR","1","0.64","4","212","1159","-10.188309","-48.363184","1784844671869","2026-07-23T22:11:11",
"2026-07-23T22:12:01","1877536026","",,"Palmas","BR","1","0","5","23","-1","-10.258348","-48.316227","1784194194365","2026-07-16T09:29:54","67a7d0d3-9d61-4acd-8315-250cecac9790"
"2026-07-23T22:12:01","1131586118","ACSU-SO 40 Rua NS A","","Palmas","BR","1","6.46","3","305","102","-10.209695","-48.334759","1784844298564","2026-07-23T22:04:58",
"2026-07-23T22:12:01","592201592","",,"Palmas","BR","1","0","5","86","-1","-10.258277","-48.315151","1784686768026","2026-07-22T02:19:28","95d9d88f-a5e9-4a1f-a5e3-d31635a7afc6"
"2026-07-23T22:12:01","1693600006","Av. Siqueira Campos","","Palmas","BR","2","0","5","327","-1","-10.294325","-48.33214","1784081881897","2026-07-15T02:18:01","2613c8db-9637-40d4-8e38-c2092c8c0dfc"
"2026-07-23T22:12:01","1132287816","ACNE 1 Rua NE-1","ACNE 1 Rua NE-4","Palmas","BR","1","5.88","3","253","120","-10.183451","-48.328753","1784844593846","2026-07-23T22:09:53",
"2026-07-23T22:12:01","1128952370","Av. Siqueira Campos","Av. LO-33","Palmas","BR","2","31.79","2","1897","88","-10.280908","-48.332777","1784842963425","2026-07-23T21:42:43",
"2026-07-23T22:12:01","223991394","",,"Palmas","BR","1","0","5","21","-1","-10.258363","-48.316757","1783180963404","2026-07-04T16:02:43","d984add8-2949-4ac0-81b5-2aa666f8ed15"
"2026-07-23T22:12:01","1132369600","Av. Embrapa",,"Palmas","BR","1","6.4","3","262","101","-10.148581","-48.318047","1784844671159","2026-07-23T22:11:11",
"2026-07-23T23:09:45","1764083300","Av. Siqueira Campos","","Palmas","BR","2","0","5","155","-1","-10.292304","-48.332966","1782872109418","2026-07-01T02:15:09","78af3b54-3dea-4f10-8eb5-5fb4a34eaabb"
"2026-07-23T23:09:45","1138982976","ARSE 41 Al. 2","","Palmas","BR","1","0.55","4","213","4047","-10.208393","-48.326795","1784848111230","2026-07-23T23:08:31",
"2026-07-23T23:09:45","1693600118","Av. Siqueira Campos",,"Palmas","BR","2","0","5","155","-1","-10.292304","-48.332966","1784081883010","2026-07-15T02:18:03","af3fc386-180b-4082-a64c-64efe9627b8d"
"2026-07-23T23:09:45","1764089184","",,"Palmas","BR","1","0","5","45","-1","-10.25844","-48.317041","1782872178272","2026-07-01T02:16:18","972e31c2-cd12-4c0a-b3ee-1530d2e74b4f"
"2026-07-23T23:09:45","1139082562","Orla 14 Av. Orla","","Palmas","BR","1","3.79","4","212","177","-10.188309","-48.363184","1784848181626","2026-07-23T23:09:41",
"2026-07-23T23:09:45","1693596122","",,"Palmas","BR","1","0","5","36","-1","-10.258352","-48.316498","1784081881899","2026-07-15T02:18:01","f6a9d158-cb4d-43ec-b26e-e2687cf324bf"
"2026-07-23T23:09:45","1139094508","TO-030","Palmas","Palmas","BR","7","66.1","1","3633","101","-10.324704","-48.240955","1784848181817","2026-07-23T23:09:41",
"2026-07-23T23:09:45","1139114222","TO-020","Palmas","Palmas","BR","6","3.53","4","181","255","-10.248278","-48.247986","1784848181969","2026-07-23T23:09:41",
"2026-07-23T23:09:45","1211995990","",,"Palmas","BR","1","0","5","21","-1","-10.258363","-48.316757","1782353685339","2026-06-25T02:14:45","a82a13e5-2525-4021-aa92-7892a48c9f70"
"2026-07-23T23:09:45","1139027850","Av. Siqueira Campos","","Palmas","BR","2","33.06","1","1462","75","-10.282533","-48.333108","1784848180365","2026-07-23T23:09:40",
"2026-07-23T23:09:45","1134086792","Av. Embrapa",,"Palmas","BR","1","2.12","4","175","269","-10.148922","-48.316336","1784845489942","2026-07-23T22:24:49",
"2026-07-23T23:09:45","592213244","",,"Palmas","BR","1","0","5","63","-1","-10.258354","-48.315834","1784686767492","2026-07-22T02:19:27","dc9d4e1f-8670-4b13-9612-de4df2989f38"
"2026-07-23T23:09:45","1088566738","",,"Palmas","BR","1","0","5","41","-1","-10.258569","-48.317408","1783562302500","2026-07-09T01:58:22","9740383b-d7ef-4ff2-9da7-1b82984db198"
"2026-07-23T23:09:45","1764118132","Av. Siqueira Campos","Desvio","Palmas","BR","2","0","5","327","-1","-10.294325","-48.33214","1782872110314","2026-07-01T02:15:10","2f08bda5-8a61-4942-836a-8f1ec7689705"
"2026-07-23T23:09:45","1877536026","",,"Palmas","BR","1","0","5","23","-1","-10.258348","-48.316227","1784194194365","2026-07-16T09:29:54","67a7d0d3-9d61-4acd-8315-250cecac9790"
"2026-07-23T23:09:45","1693600032","",,"Palmas","BR","1","0","5","63","-1","-10.258354","-48.315834","1784081881899","2026-07-15T02:18:01","205a09b3-2e2f-4b45-86aa-4ea82a9ecd25"
"2026-07-23T23:09:45","1693600006","Av. Siqueira Campos","","Palmas","BR","2","0","5","327","-1","-10.294325","-48.33214","1784081881897","2026-07-15T02:18:01","2613c8db-9637-40d4-8e38-c2092c8c0dfc"
"2026-07-23T23:09:45","592201592","",,"Palmas","BR","1","0","5","86","-1","-10.258277","-48.315151","1784686768026","2026-07-22T02:19:28","95d9d88f-a5e9-4a1f-a5e3-d31635a7afc6"
"2026-07-23T23:09:45","642996038","",,"Palmas","BR","1","0","5","36","-1","-10.258352","-48.316498","1784725868930","2026-07-22T13:11:08","341a3583-4137-4e82-bfbb-a67b5e845593"
"2026-07-23T23:09:45","1137947268","",,"Palmas","BR","1","16.26","1","543","69","-10.322695","-48.265178","1784847533337","2026-07-23T22:58:53",
"2026-07-23T23:09:45","592228244","",,"Palmas","BR","1","0","5","23","-1","-10.258348","-48.316227","1784686768210","2026-07-22T02:19:28","151ee59d-9fc8-4482-9e04-b365b1e458b5"
"2026-07-23T23:09:45","733757796","","Av. NS-10","Palmas","BR","1","0","5","70","-1","-10.258317","-48.317258","1784773032602","2026-07-23T02:17:12","3c3cc392-5d12-48d2-a44d-55f1688e96a0"
"2026-07-23T23:09:45","223991394","",,"Palmas","BR","1","0","5","21","-1","-10.258363","-48.316757","1783180963404","2026-07-04T16:02:43","d984add8-2949-4ac0-81b5-2aa666f8ed15"
"2026-07-23T23:09:45","1694226848","",,"Palmas","BR","1","0","5","15","-1","-10.258365","-48.316918","1783904330428","2026-07-13T00:58:50","06d504d6-dac0-4c04-9329-7777206ab7a2"
"2026-07-23T23:09:45","1693573164","","","Palmas","BR","1","0","5","86","-1","-10.258278","-48.315151","1784081882190","2026-07-15T02:18:02","0584e645-bcd7-4670-a8e4-2c08a6763039"
"2026-07-24T00:08:05","1764083300","Av. Siqueira Campos","","Palmas","BR","2","0","5","155","-1","-10.292304","-48.332966","1782872109418","2026-07-01T02:15:09","78af3b54-3dea-4f10-8eb5-5fb4a34eaabb"
"2026-07-24T00:08:05","1693600118","Av. Siqueira Campos",,"Palmas","BR","2","0","5","155","-1","-10.292304","-48.332966","1784081883010","2026-07-15T02:18:03","af3fc386-180b-4082-a64c-64efe9627b8d"
"2026-07-24T00:08:05","1764089184","",,"Palmas","BR","1","0","5","45","-1","-10.25844","-48.317041","1782872178272","2026-07-01T02:16:18","972e31c2-cd12-4c0a-b3ee-1530d2e74b4f"
"2026-07-24T00:08:05","1693596122","",,"Palmas","BR","1","0","5","36","-1","-10.258352","-48.316498","1784081881899","2026-07-15T02:18:01","f6a9d158-cb4d-43ec-b26e-e2687cf324bf"
"2026-07-24T00:08:05","1144094362","Av. NS-15","","Palmas","BR","2","27.58","2","1029","73","-10.166619","-48.353682","1784851358702","2026-07-24T00:02:38",
"2026-07-24T00:08:05","1211995990","",,"Palmas","BR","1","0","5","21","-1","-10.258363","-48.316757","1782353685339","2026-06-25T02:14:45","a82a13e5-2525-4021-aa92-7892a48c9f70"
"2026-07-24T00:08:05","592213244","",,"Palmas","BR","1","0","5","63","-1","-10.258354","-48.315834","1784686767492","2026-07-22T02:19:27","dc9d4e1f-8670-4b13-9612-de4df2989f38"
"2026-07-24T00:08:05","1088566738","",,"Palmas","BR","1","0","5","41","-1","-10.258569","-48.317408","1783562302500","2026-07-09T01:58:22","9740383b-d7ef-4ff2-9da7-1b82984db198"
"2026-07-24T00:08:05","1877536026","",,"Palmas","BR","1","0","5","23","-1","-10.258348","-48.316227","1784194194365","2026-07-16T09:29:54","67a7d0d3-9d61-4acd-8315-250cecac9790"
"2026-07-24T00:08:05","1693600032","",,"Palmas","BR","1","0","5","63","-1","-10.258354","-48.315834","1784081881899","2026-07-15T02:18:01","205a09b3-2e2f-4b45-86aa-4ea82a9ecd25"
"2026-07-24T00:08:05","1764118132","Av. Siqueira Campos","Desvio","Palmas","BR","2","0","5","327","-1","-10.294325","-48.33214","1782872110314","2026-07-01T02:15:10","2f08bda5-8a61-4942-836a-8f1ec7689705"
"2026-07-24T00:08:05","592201592","",,"Palmas","BR","1","0","5","86","-1","-10.258277","-48.315151","1784686768026","2026-07-22T02:19:28","95d9d88f-a5e9-4a1f-a5e3-d31635a7afc6"
"2026-07-24T00:08:05","1693600006","Av. Siqueira Campos","","Palmas","BR","2","0","5","327","-1","-10.294325","-48.33214","1784081881897","2026-07-15T02:18:01","2613c8db-9637-40d4-8e38-c2092c8c0dfc"
"2026-07-24T00:08:05","1143581916","Av. NS-15","","Palmas","BR","2","26.2","2","1453","121","-10.158076","-48.351936","1784851079962","2026-07-23T23:57:59",
"2026-07-24T00:08:05","642996038","",,"Palmas","BR","1","0","5","36","-1","-10.258352","-48.316498","1784725868930","2026-07-22T13:11:08","341a3583-4137-4e82-bfbb-a67b5e845593"
"2026-07-24T00:08:05","733757796","","Av. NS-10","Palmas","BR","1","0","5","70","-1","-10.258317","-48.317258","1784773032602","2026-07-23T02:17:12","3c3cc392-5d12-48d2-a44d-55f1688e96a0"
"2026-07-24T00:08:05","592228244","",,"Palmas","BR","1","0","5","23","-1","-10.258348","-48.316227","1784686768210","2026-07-22T02:19:28","151ee59d-9fc8-4482-9e04-b365b1e458b5"
"2026-07-24T00:08:05","223991394","",,"Palmas","BR","1","0","5","21","-1","-10.258363","-48.316757","1783180963404","2026-07-04T16:02:43","d984add8-2949-4ac0-81b5-2aa666f8ed15"
"2026-07-24T00:08:05","1694226848","",,"Palmas","BR","1","0","5","15","-1","-10.258365","-48.316918","1783904330428","2026-07-13T00:58:50","06d504d6-dac0-4c04-9329-7777206ab7a2"
"2026-07-24T00:08:05","1693573164","","","Palmas","BR","1","0","5","86","-1","-10.258278","-48.315151","1784081882190","2026-07-15T02:18:02","0584e645-bcd7-4670-a8e4-2c08a6763039"
"2026-07-24T03:37:16","1154264940","Av. LO-14","","Palmas","BR","2","17.92","2","598","62","-10.166618","-48.319706","1784864200899","2026-07-24T03:36:40",
"2026-07-24T03:37:16","1764083300","Av. Siqueira Campos","","Palmas","BR","2","0","5","155","-1","-10.292304","-48.332966","1782872109418","2026-07-01T02:15:09","78af3b54-3dea-4f10-8eb5-5fb4a34eaabb"
"2026-07-24T03:37:16","1693600118","Av. Siqueira Campos","","Palmas","BR","2","0","5","155","-1","-10.292304","-48.332966","1784081883010","2026-07-15T02:18:03","af3fc386-180b-4082-a64c-64efe9627b8d"
"2026-07-24T03:37:16","1764089184","",,"Palmas","BR","1","0","5","45","-1","-10.25844","-48.317041","1782872178272","2026-07-01T02:16:18","972e31c2-cd12-4c0a-b3ee-1530d2e74b4f"
"2026-07-24T03:37:16","1693596122","",,"Palmas","BR","1","0","5","36","-1","-10.258352","-48.316498","1784081881899","2026-07-15T02:18:01","f6a9d158-cb4d-43ec-b26e-e2687cf324bf"
"2026-07-24T03:37:16","1211995990","",,"Palmas","BR","1","0","5","21","-1","-10.258363","-48.316757","1782353685339","2026-06-25T02:14:45","a82a13e5-2525-4021-aa92-7892a48c9f70"
"2026-07-24T03:37:16","592213244","",,"Palmas","BR","1","0","5","63","-1","-10.258354","-48.315834","1784686767492","2026-07-22T02:19:27","dc9d4e1f-8670-4b13-9612-de4df2989f38"
"2026-07-24T03:37:16","1088566738","",,"Palmas","BR","1","0","5","41","-1","-10.258569","-48.317408","1783562302500","2026-07-09T01:58:22","9740383b-d7ef-4ff2-9da7-1b82984db198"
"2026-07-24T03:37:16","1154136058","Perimetral 2","","Palmas","BR","2","16.08","3","1360","198","-10.334163","-48.298496","1784863810678","2026-07-24T03:30:10",
"2026-07-24T03:37:16","1877536026","",,"Palmas","BR","1","0","5","23","-1","-10.258348","-48.316227","1784194194365","2026-07-16T09:29:54","67a7d0d3-9d61-4acd-8315-250cecac9790"
"2026-07-24T03:37:16","1693600032","",,"Palmas","BR","1","0","5","63","-1","-10.258354","-48.315834","1784081881899","2026-07-15T02:18:01","205a09b3-2e2f-4b45-86aa-4ea82a9ecd25"
"2026-07-24T03:37:16","1764118132","Av. Siqueira Campos","","Palmas","BR","2","0","5","327","-1","-10.294325","-48.33214","1782872110314","2026-07-01T02:15:10","2f08bda5-8a61-4942-836a-8f1ec7689705"
"2026-07-24T03:37:16","592201592","",,"Palmas","BR","1","0","5","86","-1","-10.258277","-48.315151","1784686768026","2026-07-22T02:19:28","95d9d88f-a5e9-4a1f-a5e3-d31635a7afc6"
"2026-07-24T03:37:16","1693600006","Av. Siqueira Campos","","Palmas","BR","2","0","5","327","-1","-10.294325","-48.33214","1784081881897","2026-07-15T02:18:01","2613c8db-9637-40d4-8e38-c2092c8c0dfc"
"2026-07-24T03:37:16","642996038","",,"Palmas","BR","1","0","5","36","-1","-10.258352","-48.316498","1784725868930","2026-07-22T13:11:08","341a3583-4137-4e82-bfbb-a67b5e845593"
"2026-07-24T03:37:16","733757796","","Av. NS-10","Palmas","BR","1","0","5","70","-1","-10.258317","-48.317258","1784773032602","2026-07-23T02:17:12","3c3cc392-5d12-48d2-a44d-55f1688e96a0"
"2026-07-24T03:37:16","592228244","",,"Palmas","BR","1","0","5","23","-1","-10.258348","-48.316227","1784686768210","2026-07-22T02:19:28","151ee59d-9fc8-4482-9e04-b365b1e458b5"
"2026-07-24T03:37:16","1694226848","",,"Palmas","BR","1","0","5","15","-1","-10.258365","-48.316918","1783904330428","2026-07-13T00:58:50","06d504d6-dac0-4c04-9329-7777206ab7a2"
"2026-07-24T03:37:16","223991394","",,"Palmas","BR","1","0","5","21","-1","-10.258363","-48.316757","1783180963404","2026-07-04T16:02:43","d984add8-2949-4ac0-81b5-2aa666f8ed15"
"2026-07-24T03:37:16","1154117878","Av. NS-8","","Palmas","BR","2","11.64","3","431","94","-10.160898","-48.31239","1784863875524","2026-07-24T03:31:15",
"2026-07-24T03:37:16","1693573164","","","Palmas","BR","1","0","5","86","-1","-10.258278","-48.315151","1784081882190","2026-07-15T02:18:02","0584e645-bcd7-4670-a8e4-2c08a6763039"
"2026-07-24T06:11:34","1764083300","Av. Siqueira Campos","","Palmas","BR","2","0","5","155","-1","-10.292304","-48.332966","1782872109418","2026-07-01T02:15:09","78af3b54-3dea-4f10-8eb5-5fb4a34eaabb"
"2026-07-24T06:11:34","1693600118","Av. Siqueira Campos","","Palmas","BR","2","0","5","155","-1","-10.292304","-48.332966","1784081883010","2026-07-15T02:18:03","af3fc386-180b-4082-a64c-64efe9627b8d"
"2026-07-24T06:11:34","1764089184","",,"Palmas","BR","1","0","5","45","-1","-10.25844","-48.317041","1782872178272","2026-07-01T02:16:18","972e31c2-cd12-4c0a-b3ee-1530d2e74b4f"
"2026-07-24T06:11:34","1693596122","",,"Palmas","BR","1","0","5","36","-1","-10.258352","-48.316498","1784081881899","2026-07-15T02:18:01","f6a9d158-cb4d-43ec-b26e-e2687cf324bf"
"2026-07-24T06:11:34","1211995990","",,"Palmas","BR","1","0","5","21","-1","-10.258363","-48.316757","1782353685339","2026-06-25T02:14:45","a82a13e5-2525-4021-aa92-7892a48c9f70"
"2026-07-24T06:11:34","592213244","",,"Palmas","BR","1","0","5","63","-1","-10.258354","-48.315834","1784686767492","2026-07-22T02:19:27","dc9d4e1f-8670-4b13-9612-de4df2989f38"
"2026-07-24T06:11:34","1088566738","",,"Palmas","BR","1","0","5","41","-1","-10.258569","-48.317408","1783562302500","2026-07-09T01:58:22","9740383b-d7ef-4ff2-9da7-1b82984db198"
"2026-07-24T06:11:34","1877536026","",,"Palmas","BR","1","0","5","23","-1","-10.258348","-48.316227","1784194194365","2026-07-16T09:29:54","67a7d0d3-9d61-4acd-8315-250cecac9790"
"2026-07-24T06:11:34","1693600032","",,"Palmas","BR","1","0","5","63","-1","-10.258354","-48.315834","1784081881899","2026-07-15T02:18:01","205a09b3-2e2f-4b45-86aa-4ea82a9ecd25"
"2026-07-24T06:11:34","1764118132","Av. Siqueira Campos","","Palmas","BR","2","0","5","327","-1","-10.294325","-48.33214","1782872110314","2026-07-01T02:15:10","2f08bda5-8a61-4942-836a-8f1ec7689705"
"2026-07-24T06:11:34","592201592","",,"Palmas","BR","1","0","5","86","-1","-10.258277","-48.315151","1784686768026","2026-07-22T02:19:28","95d9d88f-a5e9-4a1f-a5e3-d31635a7afc6"
"2026-07-24T06:11:34","1693600006","Av. Siqueira Campos","","Palmas","BR","2","0","5","327","-1","-10.294325","-48.33214","1784081881897","2026-07-15T02:18:01","2613c8db-9637-40d4-8e38-c2092c8c0dfc"
"2026-07-24T06:11:34","642996038","",,"Palmas","BR","1","0","5","36","-1","-10.258352","-48.316498","1784725868930","2026-07-22T13:11:08","341a3583-4137-4e82-bfbb-a67b5e845593"
"2026-07-24T06:11:34","733757796","","Av. NS-10","Palmas","BR","1","0","5","70","-1","-10.258317","-48.317258","1784773032602","2026-07-23T02:17:12","3c3cc392-5d12-48d2-a44d-55f1688e96a0"
"2026-07-24T06:11:34","592228244","",,"Palmas","BR","1","0","5","23","-1","-10.258348","-48.316227","1784686768210","2026-07-22T02:19:28","151ee59d-9fc8-4482-9e04-b365b1e458b5"
"2026-07-24T06:11:34","1694226848","",,"Palmas","BR","1","0","5","15","-1","-10.258365","-48.316918","1783904330428","2026-07-13T00:58:50","06d504d6-dac0-4c04-9329-7777206ab7a2"
"2026-07-24T06:11:34","223991394","",,"Palmas","BR","1","0","5","21","-1","-10.258363","-48.316757","1783180963404","2026-07-04T16:02:43","d984add8-2949-4ac0-81b5-2aa666f8ed15"
"2026-07-24T06:11:34","1693573164","","","Palmas","BR","1","0","5","86","-1","-10.258278","-48.315151","1784081882190","2026-07-15T02:18:02","0584e645-bcd7-4670-a8e4-2c08a6763039"
"2026-07-24T08:39:47","1764083300","Av. Siqueira Campos","","Palmas","BR","2","0","5","155","-1","-10.292304","-48.332966","1782872109418","2026-07-01T02:15:09","78af3b54-3dea-4f10-8eb5-5fb4a34eaabb"
"2026-07-24T08:39:47","1693600118","Av. Siqueira Campos","","Palmas","BR","2","0","5","155","-1","-10.292304","-48.332966","1784081883010","2026-07-15T02:18:03","af3fc386-180b-4082-a64c-64efe9627b8d"
"2026-07-24T08:39:47","1764089184","",,"Palmas","BR","1","0","5","45","-1","-10.25844","-48.317041","1782872178272","2026-07-01T02:16:18","972e31c2-cd12-4c0a-b3ee-1530d2e74b4f"
"2026-07-24T08:39:47","1693596122","",,"Palmas","BR","1","0","5","36","-1","-10.258352","-48.316498","1784081881899","2026-07-15T02:18:01","f6a9d158-cb4d-43ec-b26e-e2687cf324bf"
"2026-07-24T08:39:47","1211995990","",,"Palmas","BR","1","0","5","21","-1","-10.258363","-48.316757","1782353685339","2026-06-25T02:14:45","a82a13e5-2525-4021-aa92-7892a48c9f70"
"2026-07-24T08:39:47","1169301596","TO-050","Palmas","Palmas","BR","7","69.08","1","7743","117","-10.457697","-48.320175","1784882346580","2026-07-24T08:39:06",
"2026-07-24T08:39:47","1168811460","Av. Tocantins",,"Palmas","BR","7","8.78","3","367","111","-10.349082","-48.290354","1784881895419","2026-07-24T08:31:35",
"2026-07-24T08:39:47","1088566738","",,"Palmas","BR","1","0","5","41","-1","-10.258569","-48.317408","1783562302500","2026-07-09T01:58:22","9740383b-d7ef-4ff2-9da7-1b82984db198"
"2026-07-24T08:39:47","592213244","",,"Palmas","BR","1","0","5","63","-1","-10.258354","-48.315834","1784686767492","2026-07-22T02:19:27","dc9d4e1f-8670-4b13-9612-de4df2989f38"
"2026-07-24T08:39:47","1693600032","",,"Palmas","BR","1","0","5","63","-1","-10.258354","-48.315834","1784081881899","2026-07-15T02:18:01","205a09b3-2e2f-4b45-86aa-4ea82a9ecd25"
"2026-07-24T08:39:47","1764118132","Av. Siqueira Campos","","Palmas","BR","2","0","5","327","-1","-10.294325","-48.33214","1782872110314","2026-07-01T02:15:10","2f08bda5-8a61-4942-836a-8f1ec7689705"
"2026-07-24T08:39:47","1877536026","",,"Palmas","BR","1","0","5","23","-1","-10.258348","-48.316227","1784194194365","2026-07-16T09:29:54","67a7d0d3-9d61-4acd-8315-250cecac9790"
"2026-07-24T08:39:47","592201592","",,"Palmas","BR","1","0","5","86","-1","-10.258277","-48.315151","1784686768026","2026-07-22T02:19:28","95d9d88f-a5e9-4a1f-a5e3-d31635a7afc6"
"2026-07-24T08:39:47","1693600006","Av. Siqueira Campos","","Palmas","BR","2","0","5","327","-1","-10.294325","-48.33214","1784081881897","2026-07-15T02:18:01","2613c8db-9637-40d4-8e38-c2092c8c0dfc"
"2026-07-24T08:39:47","642996038","",,"Palmas","BR","1","0","5","36","-1","-10.258352","-48.316498","1784725868930","2026-07-22T13:11:08","341a3583-4137-4e82-bfbb-a67b5e845593"
"2026-07-24T08:39:47","733757796","","Av. NS-10","Palmas","BR","1","0","5","70","-1","-10.258317","-48.317258","1784773032602","2026-07-23T02:17:12","3c3cc392-5d12-48d2-a44d-55f1688e96a0"
"2026-07-24T08:39:47","592228244","",,"Palmas","BR","1","0","5","23","-1","-10.258348","-48.316227","1784686768210","2026-07-22T02:19:28","151ee59d-9fc8-4482-9e04-b365b1e458b5"
"2026-07-24T08:39:47","223991394","",,"Palmas","BR","1","0","5","21","-1","-10.258363","-48.316757","1783180963404","2026-07-04T16:02:43","d984add8-2949-4ac0-81b5-2aa666f8ed15"
"2026-07-24T08:39:47","1694226848","",,"Palmas","BR","1","0","5","15","-1","-10.258365","-48.316918","1783904330428","2026-07-13T00:58:50","06d504d6-dac0-4c04-9329-7777206ab7a2"
"2026-07-24T08:39:47","1693573164","","","Palmas","BR","1","0","5","86","-1","-10.258278","-48.315151","1784081882190","2026-07-15T02:18:02","0584e645-bcd7-4670-a8e4-2c08a6763039"
"2026-07-24T10:36:37","1764083300","Av. Siqueira Campos","","Palmas","BR","2","0","5","155","-1","-10.292304","-48.332966","1782872109418","2026-07-01T02:15:09","78af3b54-3dea-4f10-8eb5-5fb4a34eaabb"
"2026-07-24T10:36:37","1693600118","Av. Siqueira Campos","","Palmas","BR","2","0","5","155","-1","-10.292304","-48.332966","1784081883010","2026-07-15T02:18:03","af3fc386-180b-4082-a64c-64efe9627b8d"
"2026-07-24T10:36:37","1764089184","",,"Palmas","BR","1","0","5","45","-1","-10.25844","-48.317041","1782872178272","2026-07-01T02:16:18","972e31c2-cd12-4c0a-b3ee-1530d2e74b4f"
"2026-07-24T10:36:37","1693596122","",,"Palmas","BR","1","0","5","36","-1","-10.258352","-48.316498","1784081881899","2026-07-15T02:18:01","f6a9d158-cb4d-43ec-b26e-e2687cf324bf"
"2026-07-24T10:36:37","1211995990","",,"Palmas","BR","1","0","5","21","-1","-10.258363","-48.316757","1782353685339","2026-06-25T02:14:45","a82a13e5-2525-4021-aa92-7892a48c9f70"
"2026-07-24T10:36:37","1088566738","",,"Palmas","BR","1","0","5","41","-1","-10.258569","-48.317408","1783562302500","2026-07-09T01:58:22","9740383b-d7ef-4ff2-9da7-1b82984db198"
"2026-07-24T10:36:37","592213244","",,"Palmas","BR","1","0","5","63","-1","-10.258354","-48.315834","1784686767492","2026-07-22T02:19:27","dc9d4e1f-8670-4b13-9612-de4df2989f38"
"2026-07-24T10:36:37","1877536026","",,"Palmas","BR","1","0","5","23","-1","-10.258348","-48.316227","1784194194365","2026-07-16T09:29:54","67a7d0d3-9d61-4acd-8315-250cecac9790"
"2026-07-24T10:36:37","1693600032","",,"Palmas","BR","1","0","5","63","-1","-10.258354","-48.315834","1784081881899","2026-07-15T02:18:01","205a09b3-2e2f-4b45-86aa-4ea82a9ecd25"
"2026-07-24T10:36:37","1764118132","Av. Siqueira Campos","","Palmas","BR","2","0","5","327","-1","-10.294325","-48.33214","1782872110314","2026-07-01T02:15:10","2f08bda5-8a61-4942-836a-8f1ec7689705"
"2026-07-24T10:36:37","1693600006","Av. Siqueira Campos","","Palmas","BR","2","0","5","327","-1","-10.294325","-48.33214","1784081881897","2026-07-15T02:18:01","2613c8db-9637-40d4-8e38-c2092c8c0dfc"
"2026-07-24T10:36:37","592201592","",,"Palmas","BR","1","0","5","86","-1","-10.258277","-48.315151","1784686768026","2026-07-22T02:19:28","95d9d88f-a5e9-4a1f-a5e3-d31635a7afc6"
"2026-07-24T10:36:37","642996038","",,"Palmas","BR","1","0","5","36","-1","-10.258352","-48.316498","1784725868930","2026-07-22T13:11:08","341a3583-4137-4e82-bfbb-a67b5e845593"
"2026-07-24T10:36:37","592228244","",,"Palmas","BR","1","0","5","23","-1","-10.258348","-48.316227","1784686768210","2026-07-22T02:19:28","151ee59d-9fc8-4482-9e04-b365b1e458b5"
"2026-07-24T10:36:37","733757796","","Av. NS-10","Palmas","BR","1","0","5","70","-1","-10.258317","-48.317258","1784773032602","2026-07-23T02:17:12","3c3cc392-5d12-48d2-a44d-55f1688e96a0"
"2026-07-24T10:36:37","1694226848","",,"Palmas","BR","1","0","5","15","-1","-10.258365","-48.316918","1783904330428","2026-07-13T00:58:50","06d504d6-dac0-4c04-9329-7777206ab7a2"
"2026-07-24T10:36:37","223991394","",,"Palmas","BR","1","0","5","21","-1","-10.258363","-48.316757","1783180963404","2026-07-04T16:02:43","d984add8-2949-4ac0-81b5-2aa666f8ed15"
"2026-07-24T10:36:37","1693573164","","","Palmas","BR","1","0","5","86","-1","-10.258278","-48.315151","1784081882190","2026-07-15T02:18:02","0584e645-bcd7-4670-a8e4-2c08a6763039"
"2026-07-24T12:04:56","1764083300","Av. Siqueira Campos","","Palmas","BR","2","0","5","155","-1","-10.292304","-48.332966","1782872109418","2026-07-01T02:15:09","78af3b54-3dea-4f10-8eb5-5fb4a34eaabb"
"2026-07-24T12:04:56","1693600118","Av. Siqueira Campos","","Palmas","BR","2","0","5","155","-1","-10.292304","-48.332966","1784081883010","2026-07-15T02:18:03","af3fc386-180b-4082-a64c-64efe9627b8d"
"2026-07-24T12:04:56","1764089184","",,"Palmas","BR","1","0","5","45","-1","-10.25844","-48.317041","1782872178272","2026-07-01T02:16:18","972e31c2-cd12-4c0a-b3ee-1530d2e74b4f"
"2026-07-24T12:04:56","1693596122","",,"Palmas","BR","1","0","5","36","-1","-10.258352","-48.316498","1784081881899","2026-07-15T02:18:01","f6a9d158-cb4d-43ec-b26e-e2687cf324bf"
"2026-07-24T12:04:56","1211995990","",,"Palmas","BR","1","0","5","21","-1","-10.258363","-48.316757","1782353685339","2026-06-25T02:14:45","a82a13e5-2525-4021-aa92-7892a48c9f70"
"2026-07-24T12:04:56","1195953094","Av. Tocantins","","Palmas","BR","7","12.37","3","487","95","-10.333325","-48.296568","1784893952881","2026-07-24T11:52:32",
"2026-07-24T12:04:56","592213244","",,"Palmas","BR","1","0","5","63","-1","-10.258354","-48.315834","1784686767492","2026-07-22T02:19:27","dc9d4e1f-8670-4b13-9612-de4df2989f38"
"2026-07-24T12:04:56","1088566738","",,"Palmas","BR","1","0","5","41","-1","-10.258569","-48.317408","1783562302500","2026-07-09T01:58:22","9740383b-d7ef-4ff2-9da7-1b82984db198"
"2026-07-24T12:04:56","1693600032","",,"Palmas","BR","1","0","5","63","-1","-10.258354","-48.315834","1784081881899","2026-07-15T02:18:01","205a09b3-2e2f-4b45-86aa-4ea82a9ecd25"
"2026-07-24T12:04:56","1877536026","",,"Palmas","BR","1","0","5","23","-1","-10.258348","-48.316227","1784194194365","2026-07-16T09:29:54","67a7d0d3-9d61-4acd-8315-250cecac9790"
"2026-07-24T12:04:56","1764118132","Av. Siqueira Campos","","Palmas","BR","2","0","5","327","-1","-10.294325","-48.33214","1782872110314","2026-07-01T02:15:10","2f08bda5-8a61-4942-836a-8f1ec7689705"
"2026-07-24T12:04:56","592201592","",,"Palmas","BR","1","0","5","86","-1","-10.258277","-48.315151","1784686768026","2026-07-22T02:19:28","95d9d88f-a5e9-4a1f-a5e3-d31635a7afc6"
"2026-07-24T12:04:56","1693600006","Av. Siqueira Campos","","Palmas","BR","2","0","5","327","-1","-10.294325","-48.33214","1784081881897","2026-07-15T02:18:01","2613c8db-9637-40d4-8e38-c2092c8c0dfc"
"2026-07-24T12:04:56","642996038","",,"Palmas","BR","1","0","5","36","-1","-10.258352","-48.316498","1784725868930","2026-07-22T13:11:08","341a3583-4137-4e82-bfbb-a67b5e845593"
"2026-07-24T12:04:56","733757796","","Av. NS-10","Palmas","BR","1","0","5","70","-1","-10.258317","-48.317258","1784773032602","2026-07-23T02:17:12","3c3cc392-5d12-48d2-a44d-55f1688e96a0"
"2026-07-24T12:04:56","592228244","",,"Palmas","BR","1","0","5","23","-1","-10.258348","-48.316227","1784686768210","2026-07-22T02:19:28","151ee59d-9fc8-4482-9e04-b365b1e458b5"
"2026-07-24T12:04:56","1196452682","Av. Siqueira Campos","Av. LO-29","Palmas","BR","2","36.43","2","1336","48","-10.250464","-48.333375","1784894097995","2026-07-24T11:54:57",
"2026-07-24T12:04:56","1694226848","",,"Palmas","BR","1","0","5","15","-1","-10.258365","-48.316918","1783904330428","2026-07-13T00:58:50","06d504d6-dac0-4c04-9329-7777206ab7a2"
"2026-07-24T12:04:56","223991394","",,"Palmas","BR","1","0","5","21","-1","-10.258363","-48.316757","1783180963404","2026-07-04T16:02:43","d984add8-2949-4ac0-81b5-2aa666f8ed15"
"2026-07-24T12:04:56","1693573164","","","Palmas","BR","1","0","5","86","-1","-10.258278","-48.315151","1784081882190","2026-07-15T02:18:02","0584e645-bcd7-4670-a8e4-2c08a6763039"
"2026-07-24T12:04:56","1197092932","TO-080","Palmas","Luzimangues (Porto Nacional)","BR","7","39.95","1","6618","258","-10.185693","-48.423778","1784894317702","2026-07-24T11:58:37",
"2026-07-24T14:04:32","1764083300","Av. Siqueira Campos","","Palmas","BR","2","0","5","155","-1","-10.292304","-48.332966","1782872109418","2026-07-01T02:15:09","78af3b54-3dea-4f10-8eb5-5fb4a34eaabb"
"2026-07-24T14:04:32","1693600118","Av. Siqueira Campos","","Palmas","BR","2","0","5","155","-1","-10.292304","-48.332966","1784081883010","2026-07-15T02:18:03","af3fc386-180b-4082-a64c-64efe9627b8d"
"2026-07-24T14:04:32","1764089184","",,"Palmas","BR","1","0","5","45","-1","-10.25844","-48.317041","1782872178272","2026-07-01T02:16:18","972e31c2-cd12-4c0a-b3ee-1530d2e74b4f"
"2026-07-24T14:04:32","1215242056","TO-080","Luzimangues (Porto Nacional)","Palmas","BR","7","34.51","2","3676","203","-10.185772","-48.429246","1784899513467","2026-07-24T13:25:13",
"2026-07-24T14:04:32","1693596122","",,"Palmas","BR","1","0","5","36","-1","-10.258352","-48.316498","1784081881899","2026-07-15T02:18:01","f6a9d158-cb4d-43ec-b26e-e2687cf324bf"
"2026-07-24T14:04:32","1211995990","",,"Palmas","BR","1","0","5","21","-1","-10.258363","-48.316757","1782353685339","2026-06-25T02:14:45","a82a13e5-2525-4021-aa92-7892a48c9f70"
"2026-07-24T14:04:32","1223928286","TO-080","Palmas","Luzimangues (Porto Nacional)","BR","7","21.62","3","3125","361","-10.185775","-48.429666","1784901711342","2026-07-24T14:01:51",
"2026-07-24T14:04:32","592213244","",,"Palmas","BR","1","0","5","63","-1","-10.258354","-48.315834","1784686767492","2026-07-22T02:19:27","dc9d4e1f-8670-4b13-9612-de4df2989f38"
"2026-07-24T14:04:32","1088566738","",,"Palmas","BR","1","0","5","41","-1","-10.258569","-48.317408","1783562302500","2026-07-09T01:58:22","9740383b-d7ef-4ff2-9da7-1b82984db198"
"2026-07-24T14:04:32","1877536026","",,"Palmas","BR","1","0","5","23","-1","-10.258348","-48.316227","1784194194365","2026-07-16T09:29:54","67a7d0d3-9d61-4acd-8315-250cecac9790"
"2026-07-24T14:04:32","1693600032","",,"Palmas","BR","1","0","5","63","-1","-10.258354","-48.315834","1784081881899","2026-07-15T02:18:01","205a09b3-2e2f-4b45-86aa-4ea82a9ecd25"
"2026-07-24T14:04:32","1764118132","Av. Siqueira Campos","","Palmas","BR","2","0","5","327","-1","-10.294325","-48.33214","1782872110314","2026-07-01T02:15:10","2f08bda5-8a61-4942-836a-8f1ec7689705"
"2026-07-24T14:04:32","592201592","",,"Palmas","BR","1","0","5","86","-1","-10.258277","-48.315151","1784686768026","2026-07-22T02:19:28","95d9d88f-a5e9-4a1f-a5e3-d31635a7afc6"
"2026-07-24T14:04:32","1693600006","Av. Siqueira Campos","","Palmas","BR","2","0","5","327","-1","-10.294325","-48.33214","1784081881897","2026-07-15T02:18:01","2613c8db-9637-40d4-8e38-c2092c8c0dfc"
"2026-07-24T14:04:32","642996038","",,"Palmas","BR","1","0","5","36","-1","-10.258352","-48.316498","1784725868930","2026-07-22T13:11:08","341a3583-4137-4e82-bfbb-a67b5e845593"
"2026-07-24T14:04:32","733757796","","Av. NS-10","Palmas","BR","1","0","5","70","-1","-10.258317","-48.317258","1784773032602","2026-07-23T02:17:12","3c3cc392-5d12-48d2-a44d-55f1688e96a0"
"2026-07-24T14:04:32","592228244","",,"Palmas","BR","1","0","5","23","-1","-10.258348","-48.316227","1784686768210","2026-07-22T02:19:28","151ee59d-9fc8-4482-9e04-b365b1e458b5"
"2026-07-24T14:04:32","1694226848","",,"Palmas","BR","1","0","5","15","-1","-10.258365","-48.316918","1783904330428","2026-07-13T00:58:50","06d504d6-dac0-4c04-9329-7777206ab7a2"
"2026-07-24T14:04:32","223991394","",,"Palmas","BR","1","0","5","21","-1","-10.258363","-48.316757","1783180963404","2026-07-04T16:02:43","d984add8-2949-4ac0-81b5-2aa666f8ed15"
"2026-07-24T14:04:32","1693573164","","","Palmas","BR","1","0","5","86","-1","-10.258278","-48.315151","1784081882190","2026-07-15T02:18:02","0584e645-bcd7-4670-a8e4-2c08a6763039"
"2026-07-24T15:36:43","1764083300","Av. Siqueira Campos","","Palmas","BR","2","0","5","155","-1","-10.292304","-48.332966","1782872109418","2026-07-01T02:15:09","78af3b54-3dea-4f10-8eb5-5fb4a34eaabb"
"2026-07-24T15:36:43","1693600118","Av. Siqueira Campos","","Palmas","BR","2","0","5","155","-1","-10.292304","-48.332966","1784081883010","2026-07-15T02:18:03","af3fc386-180b-4082-a64c-64efe9627b8d"
"2026-07-24T15:36:43","1764089184","",,"Palmas","BR","1","0","5","45","-1","-10.25844","-48.317041","1782872178272","2026-07-01T02:16:18","972e31c2-cd12-4c0a-b3ee-1530d2e74b4f"
"2026-07-24T15:36:43","1693596122","",,"Palmas","BR","1","0","5","36","-1","-10.258352","-48.316498","1784081881899","2026-07-15T02:18:01","f6a9d158-cb4d-43ec-b26e-e2687cf324bf"
"2026-07-24T15:36:43","1211995990","",,"Palmas","BR","1","0","5","21","-1","-10.258363","-48.316757","1782353685339","2026-06-25T02:14:45","a82a13e5-2525-4021-aa92-7892a48c9f70"
"2026-07-24T15:36:43","1247200472","Av. NS-10","","Palmas","BR","2","9.58","3","331","100","-10.197134","-48.308787","1784907315254","2026-07-24T15:35:15",
"2026-07-24T15:36:43","1088566738","",,"Palmas","BR","1","0","5","41","-1","-10.258569","-48.317408","1783562302500","2026-07-09T01:58:22","9740383b-d7ef-4ff2-9da7-1b82984db198"
"2026-07-24T15:36:43","592213244","",,"Palmas","BR","1","0","5","63","-1","-10.258354","-48.315834","1784686767492","2026-07-22T02:19:27","dc9d4e1f-8670-4b13-9612-de4df2989f38"
"2026-07-24T15:36:43","1877536026","",,"Palmas","BR","1","0","5","23","-1","-10.258348","-48.316227","1784194194365","2026-07-16T09:29:54","67a7d0d3-9d61-4acd-8315-250cecac9790"
"2026-07-24T15:36:43","1693600032","",,"Palmas","BR","1","0","5","63","-1","-10.258354","-48.315834","1784081881899","2026-07-15T02:18:01","205a09b3-2e2f-4b45-86aa-4ea82a9ecd25"
"2026-07-24T15:36:43","1764118132","Av. Siqueira Campos","","Palmas","BR","2","0","5","327","-1","-10.294325","-48.33214","1782872110314","2026-07-01T02:15:10","2f08bda5-8a61-4942-836a-8f1ec7689705"
"2026-07-24T15:36:43","592201592","",,"Palmas","BR","1","0","5","86","-1","-10.258277","-48.315151","1784686768026","2026-07-22T02:19:28","95d9d88f-a5e9-4a1f-a5e3-d31635a7afc6"
"2026-07-24T15:36:43","1693600006","Av. Siqueira Campos","","Palmas","BR","2","0","5","327","-1","-10.294325","-48.33214","1784081881897","2026-07-15T02:18:01","2613c8db-9637-40d4-8e38-c2092c8c0dfc"
"2026-07-24T15:36:43","642996038","",,"Palmas","BR","1","0","5","36","-1","-10.258352","-48.316498","1784725868930","2026-07-22T13:11:08","341a3583-4137-4e82-bfbb-a67b5e845593"
"2026-07-24T15:36:43","592228244","",,"Palmas","BR","1","0","5","23","-1","-10.258348","-48.316227","1784686768210","2026-07-22T02:19:28","151ee59d-9fc8-4482-9e04-b365b1e458b5"
"2026-07-24T15:36:43","733757796","","Av. NS-10","Palmas","BR","1","0","5","70","-1","-10.258317","-48.317258","1784773032602","2026-07-23T02:17:12","3c3cc392-5d12-48d2-a44d-55f1688e96a0"
"2026-07-24T15:36:43","223991394","",,"Palmas","BR","1","0","5","21","-1","-10.258363","-48.316757","1783180963404","2026-07-04T16:02:43","d984add8-2949-4ac0-81b5-2aa666f8ed15"
"2026-07-24T15:36:43","1694226848","",,"Palmas","BR","1","0","5","15","-1","-10.258365","-48.316918","1783904330428","2026-07-13T00:58:50","06d504d6-dac0-4c04-9329-7777206ab7a2"
"2026-07-24T15:36:43","1693573164","","","Palmas","BR","1","0","5","86","-1","-10.258278","-48.315151","1784081882190","2026-07-15T02:18:02","0584e645-bcd7-4670-a8e4-2c08a6763039"
"2026-07-24T17:09:25","1764083300","Av. Siqueira Campos","","Palmas","BR","2","0","5","155","-1","-10.292304","-48.332966","1782872109418","2026-07-01T02:15:09","78af3b54-3dea-4f10-8eb5-5fb4a34eaabb"
"2026-07-24T17:09:25","1693600118","Av. Siqueira Campos","","Palmas","BR","2","0","5","155","-1","-10.292304","-48.332966","1784081883010","2026-07-15T02:18:03","af3fc386-180b-4082-a64c-64efe9627b8d"
"2026-07-24T17:09:25","1764089184","",,"Palmas","BR","1","0","5","45","-1","-10.25844","-48.317041","1782872178272","2026-07-01T02:16:18","972e31c2-cd12-4c0a-b3ee-1530d2e74b4f"
"2026-07-24T17:09:25","1693596122","",,"Palmas","BR","1","0","5","36","-1","-10.258352","-48.316498","1784081881899","2026-07-15T02:18:01","f6a9d158-cb4d-43ec-b26e-e2687cf324bf"
"2026-07-24T17:09:25","1211995990","",,"Palmas","BR","1","0","5","21","-1","-10.258363","-48.316757","1782353685339","2026-06-25T02:14:45","a82a13e5-2525-4021-aa92-7892a48c9f70"
"2026-07-24T17:09:25","592213244","",,"Palmas","BR","1","0","5","63","-1","-10.258354","-48.315834","1784686767492","2026-07-22T02:19:27","dc9d4e1f-8670-4b13-9612-de4df2989f38"
"2026-07-24T17:09:25","1088566738","",,"Palmas","BR","1","0","5","41","-1","-10.258569","-48.317408","1783562302500","2026-07-09T01:58:22","9740383b-d7ef-4ff2-9da7-1b82984db198"
"2026-07-24T17:09:25","1877536026","",,"Palmas","BR","1","0","5","23","-1","-10.258348","-48.316227","1784194194365","2026-07-16T09:29:54","67a7d0d3-9d61-4acd-8315-250cecac9790"
"2026-07-24T17:09:25","1693600032","",,"Palmas","BR","1","0","5","63","-1","-10.258354","-48.315834","1784081881899","2026-07-15T02:18:01","205a09b3-2e2f-4b45-86aa-4ea82a9ecd25"
"2026-07-24T17:09:25","1764118132","Av. Siqueira Campos","","Palmas","BR","2","0","5","327","-1","-10.294325","-48.33214","1782872110314","2026-07-01T02:15:10","2f08bda5-8a61-4942-836a-8f1ec7689705"
"2026-07-24T17:09:25","592201592","",,"Palmas","BR","1","0","5","86","-1","-10.258277","-48.315151","1784686768026","2026-07-22T02:19:28","95d9d88f-a5e9-4a1f-a5e3-d31635a7afc6"
"2026-07-24T17:09:25","1693600006","Av. Siqueira Campos","","Palmas","BR","2","0","5","327","-1","-10.294325","-48.33214","1784081881897","2026-07-15T02:18:01","2613c8db-9637-40d4-8e38-c2092c8c0dfc"
"2026-07-24T17:09:25","642996038","",,"Palmas","BR","1","0","5","36","-1","-10.258352","-48.316498","1784725868930","2026-07-22T13:11:08","341a3583-4137-4e82-bfbb-a67b5e845593"
"2026-07-24T17:09:25","733757796","","Av. NS-10","Palmas","BR","1","0","5","70","-1","-10.258317","-48.317258","1784773032602","2026-07-23T02:17:12","3c3cc392-5d12-48d2-a44d-55f1688e96a0"
"2026-07-24T17:09:25","592228244","",,"Palmas","BR","1","0","5","23","-1","-10.258348","-48.316227","1784686768210","2026-07-22T02:19:28","151ee59d-9fc8-4482-9e04-b365b1e458b5"
"2026-07-24T17:09:25","1268483490","Av. NS-15",,"Palmas","BR","1","6.71","3","241","89","-10.263564","-48.35601","1784912941731","2026-07-24T17:09:01",
"2026-07-24T17:09:25","223991394","",,"Palmas","BR","1","0","5","21","-1","-10.258363","-48.316757","1783180963404","2026-07-04T16:02:43","d984add8-2949-4ac0-81b5-2aa666f8ed15"
"2026-07-24T17:09:25","1694226848","",,"Palmas","BR","1","0","5","15","-1","-10.258365","-48.316918","1783904330428","2026-07-13T00:58:50","06d504d6-dac0-4c04-9329-7777206ab7a2"
"2026-07-24T17:09:25","1693573164","","","Palmas","BR","1","0","5","86","-1","-10.258278","-48.315151","1784081882190","2026-07-15T02:18:02","0584e645-bcd7-4670-a8e4-2c08a6763039"
"2026-07-24T17:09:25","1268417444","BR-010","","Palmas","BR","6","23.41","2","797","66","-10.341232","-48.299578","1784912943140","2026-07-24T17:09:03",
"2026-07-24T18:42:30","1764083300","Av. Siqueira Campos","","Palmas","BR","2","0","5","155","-1","-10.292304","-48.332966","1782872109418","2026-07-01T02:15:09","78af3b54-3dea-4f10-8eb5-5fb4a34eaabb"
"2026-07-24T18:42:30","1693600118","Av. Siqueira Campos","","Palmas","BR","2","0","5","155","-1","-10.292304","-48.332966","1784081883010","2026-07-15T02:18:03","af3fc386-180b-4082-a64c-64efe9627b8d"
"2026-07-24T18:42:30","1764089184","",,"Palmas","BR","1","0","5","45","-1","-10.25844","-48.317041","1782872178272","2026-07-01T02:16:18","972e31c2-cd12-4c0a-b3ee-1530d2e74b4f"
"2026-07-24T18:42:30","1693596122","",,"Palmas","BR","1","0","5","36","-1","-10.258352","-48.316498","1784081881899","2026-07-15T02:18:01","f6a9d158-cb4d-43ec-b26e-e2687cf324bf"
"2026-07-24T18:42:30","1211995990","",,"Palmas","BR","1","0","5","21","-1","-10.258363","-48.316757","1782353685339","2026-06-25T02:14:45","a82a13e5-2525-4021-aa92-7892a48c9f70"
"2026-07-24T18:42:30","1282892476","BR-010","","Palmas","BR","6","18.88","2","945","110","-10.344271","-48.299939","1784918054879","2026-07-24T18:34:14",
"2026-07-24T18:42:30","592213244","",,"Palmas","BR","1","0","5","63","-1","-10.258354","-48.315834","1784686767492","2026-07-22T02:19:27","dc9d4e1f-8670-4b13-9612-de4df2989f38"
"2026-07-24T18:42:30","1088566738","",,"Palmas","BR","1","0","5","41","-1","-10.258569","-48.317408","1783562302500","2026-07-09T01:58:22","9740383b-d7ef-4ff2-9da7-1b82984db198"
"2026-07-24T18:42:30","1877536026","",,"Palmas","BR","1","0","5","23","-1","-10.258348","-48.316227","1784194194365","2026-07-16T09:29:54","67a7d0d3-9d61-4acd-8315-250cecac9790"
"2026-07-24T18:42:30","1693600032","",,"Palmas","BR","1","0","5","63","-1","-10.258354","-48.315834","1784081881899","2026-07-15T02:18:01","205a09b3-2e2f-4b45-86aa-4ea82a9ecd25"
"2026-07-24T18:42:30","1764118132","Av. Siqueira Campos","","Palmas","BR","2","0","5","327","-1","-10.294325","-48.33214","1782872110314","2026-07-01T02:15:10","2f08bda5-8a61-4942-836a-8f1ec7689705"
"2026-07-24T18:42:30","592201592","",,"Palmas","BR","1","0","5","86","-1","-10.258277","-48.315151","1784686768026","2026-07-22T02:19:28","95d9d88f-a5e9-4a1f-a5e3-d31635a7afc6"
"2026-07-24T18:42:30","1693600006","Av. Siqueira Campos","","Palmas","BR","2","0","5","327","-1","-10.294325","-48.33214","1784081881897","2026-07-15T02:18:01","2613c8db-9637-40d4-8e38-c2092c8c0dfc"
"2026-07-24T18:42:30","642996038","",,"Palmas","BR","1","0","5","36","-1","-10.258352","-48.316498","1784725868930","2026-07-22T13:11:08","341a3583-4137-4e82-bfbb-a67b5e845593"
"2026-07-24T18:42:30","1276542432","TO-080","Luzimangues (Porto Nacional)","Palmas","BR","7","26.39","2","4044","350","-10.185769","-48.428966","1784915536024","2026-07-24T17:52:16",
"2026-07-24T18:42:30","1284026206","Av. E","","Palmas","BR","2","13.08","2","444","75","-10.307334","-48.317847","1784918498889","2026-07-24T18:41:38",
"2026-07-24T18:42:30","1282305238","ASR-SE 15 Av. SR-2","ASR-SE 15 Rua SR-3","Palmas","BR","2","4.9","4","179","116","-10.18601","-48.304105","1784917827300","2026-07-24T18:30:27",
"2026-07-24T18:42:30","733757796","","Av. NS-10","Palmas","BR","1","0","5","70","-1","-10.258317","-48.317258","1784773032602","2026-07-23T02:17:12","3c3cc392-5d12-48d2-a44d-55f1688e96a0"
"2026-07-24T18:42:30","592228244","",,"Palmas","BR","1","0","5","23","-1","-10.258348","-48.316227","1784686768210","2026-07-22T02:19:28","151ee59d-9fc8-4482-9e04-b365b1e458b5"
"2026-07-24T18:42:30","1694226848","",,"Palmas","BR","1","0","5","15","-1","-10.258365","-48.316918","1783904330428","2026-07-13T00:58:50","06d504d6-dac0-4c04-9329-7777206ab7a2"
"2026-07-24T18:42:30","223991394","",,"Palmas","BR","1","0","5","21","-1","-10.258363","-48.316757","1783180963404","2026-07-04T16:02:43","d984add8-2949-4ac0-81b5-2aa666f8ed15"
"2026-07-24T18:42:30","1693573164","","","Palmas","BR","1","0","5","86","-1","-10.258278","-48.315151","1784081882190","2026-07-15T02:18:02","0584e645-bcd7-4670-a8e4-2c08a6763039"
"2026-07-24T20:01:04","1764083300","Av. Siqueira Campos","","Palmas","BR","2","0","5","155","-1","-10.292304","-48.332966","1782872109418","2026-07-01T02:15:09","78af3b54-3dea-4f10-8eb5-5fb4a34eaabb"
"2026-07-24T20:01:04","1693600118","Av. Siqueira Campos","","Palmas","BR","2","0","5","155","-1","-10.292304","-48.332966","1784081883010","2026-07-15T02:18:03","af3fc386-180b-4082-a64c-64efe9627b8d"
"2026-07-24T20:01:04","1764089184","",,"Palmas","BR","1","0","5","45","-1","-10.25844","-48.317041","1782872178272","2026-07-01T02:16:18","972e31c2-cd12-4c0a-b3ee-1530d2e74b4f"
"2026-07-24T20:01:04","1294034854","ACSE 1 Rua SE-1","Av. NS-2","Palmas","BR","1","4.04","4","162","120","-10.1856","-48.329529","1784923196285","2026-07-24T19:59:56",
"2026-07-24T20:01:04","1693596122","",,"Palmas","BR","1","0","5","36","-1","-10.258352","-48.316498","1784081881899","2026-07-15T02:18:01","f6a9d158-cb4d-43ec-b26e-e2687cf324bf"
"2026-07-24T20:01:04","1291510514","Av. Siqueira Campos","","Palmas","BR","2","15.6","3","1010","175","-10.287734","-48.333069","1784921996717","2026-07-24T19:39:56",
"2026-07-24T20:01:04","1293780982","ARSE 41 Al. 2","","Palmas","BR","1","8.68","2","426","137","-10.208914","-48.325932","1784923124987","2026-07-24T19:58:44",
"2026-07-24T20:01:04","1211995990","",,"Palmas","BR","1","0","5","21","-1","-10.258363","-48.316757","1782353685339","2026-06-25T02:14:45","a82a13e5-2525-4021-aa92-7892a48c9f70"
"2026-07-24T20:01:04","1293910290","Av. Tocantins","","Palmas","BR","7","17.62","2","774","75","-10.331791","-48.296805","1784923122267","2026-07-24T19:58:42",
"2026-07-24T20:01:04","1293207396","TO-080","Palmas","Luzimangues (Porto Nacional)","BR","7","16.24","3","8089","1388","-10.185632","-48.419569","1784922824280","2026-07-24T19:53:44",
"2026-07-24T20:01:04","1088566738","",,"Palmas","BR","1","0","5","41","-1","-10.258569","-48.317408","1783562302500","2026-07-09T01:58:22","9740383b-d7ef-4ff2-9da7-1b82984db198"
"2026-07-24T20:01:04","592213244","",,"Palmas","BR","1","0","5","63","-1","-10.258354","-48.315834","1784686767492","2026-07-22T02:19:27","dc9d4e1f-8670-4b13-9612-de4df2989f38"
"2026-07-24T20:01:04","1764118132","Av. Siqueira Campos","","Palmas","BR","2","0","5","327","-1","-10.294325","-48.33214","1782872110314","2026-07-01T02:15:10","2f08bda5-8a61-4942-836a-8f1ec7689705"
"2026-07-24T20:01:04","1877536026","",,"Palmas","BR","1","0","5","23","-1","-10.258348","-48.316227","1784194194365","2026-07-16T09:29:54","67a7d0d3-9d61-4acd-8315-250cecac9790"
"2026-07-24T20:01:04","1693600032","",,"Palmas","BR","1","0","5","63","-1","-10.258354","-48.315834","1784081881899","2026-07-15T02:18:01","205a09b3-2e2f-4b45-86aa-4ea82a9ecd25"
"2026-07-24T20:01:04","1293878956","Av. I","R. 28","Palmas","BR","2","8.57","3","353","113","-10.315253","-48.321634","1784923123330","2026-07-24T19:58:43",
"2026-07-24T20:01:04","592201592","",,"Palmas","BR","1","0","5","86","-1","-10.258277","-48.315151","1784686768026","2026-07-22T02:19:28","95d9d88f-a5e9-4a1f-a5e3-d31635a7afc6"
"2026-07-24T20:01:04","1693600006","Av. Siqueira Campos","","Palmas","BR","2","0","5","327","-1","-10.294325","-48.33214","1784081881897","2026-07-15T02:18:01","2613c8db-9637-40d4-8e38-c2092c8c0dfc"
"2026-07-24T20:01:04","642996038","",,"Palmas","BR","1","0","5","36","-1","-10.258352","-48.316498","1784725868930","2026-07-22T13:11:08","341a3583-4137-4e82-bfbb-a67b5e845593"
"2026-07-24T20:01:04","1276542432","TO-080","Luzimangues (Porto Nacional)","Palmas","BR","7","26.09","2","4412","378","-10.185767","-48.428686","1784915536024","2026-07-24T17:52:16",
"2026-07-24T20:01:04","592228244","",,"Palmas","BR","1","0","5","23","-1","-10.258348","-48.316227","1784686768210","2026-07-22T02:19:28","151ee59d-9fc8-4482-9e04-b365b1e458b5"
"2026-07-24T20:01:04","733757796","","Av. NS-10","Palmas","BR","1","0","5","70","-1","-10.258317","-48.317258","1784773032602","2026-07-23T02:17:12","3c3cc392-5d12-48d2-a44d-55f1688e96a0"
"2026-07-24T20:01:04","223991394","",,"Palmas","BR","1","0","5","21","-1","-10.258363","-48.316757","1783180963404","2026-07-04T16:02:43","d984add8-2949-4ac0-81b5-2aa666f8ed15"
"2026-07-24T20:01:04","1694226848","",,"Palmas","BR","1","0","5","15","-1","-10.258365","-48.316918","1783904330428","2026-07-13T00:58:50","06d504d6-dac0-4c04-9329-7777206ab7a2"
"2026-07-24T20:01:04","1693573164","","","Palmas","BR","1","0","5","86","-1","-10.258278","-48.315151","1784081882190","2026-07-15T02:18:02","0584e645-bcd7-4670-a8e4-2c08a6763039"
"2026-07-24T21:06:30","1764083300","Av. Siqueira Campos","","Palmas","BR","2","0","5","155","-1","-10.292304","-48.332966","1782872109418","2026-07-01T02:15:09","78af3b54-3dea-4f10-8eb5-5fb4a34eaabb"
"2026-07-24T21:06:30","1693600118","Av. Siqueira Campos","","Palmas","BR","2","0","5","155","-1","-10.292304","-48.332966","1784081883010","2026-07-15T02:18:03","af3fc386-180b-4082-a64c-64efe9627b8d"
"2026-07-24T21:06:30","1764089184","",,"Palmas","BR","1","0","5","45","-1","-10.25844","-48.317041","1782872178272","2026-07-01T02:16:18","972e31c2-cd12-4c0a-b3ee-1530d2e74b4f"
"2026-07-24T21:06:30","1302668608","Av. Tocantins","","Palmas","BR","7","15.1","2","557","72","-10.331309","-48.296957","1784926981928","2026-07-24T21:03:01",
"2026-07-24T21:06:30","1302989036","Av. Tocantins","","Palmas","BR","7","11.77","3","401","74","-10.3373","-48.294572","1784927131155","2026-07-24T21:05:31",
"2026-07-24T21:06:30","1301870800","ACSU-SO 20 Rua NS-A","Av. LO-3","Palmas","BR","1","8.35","3","325","96","-10.194129","-48.334915","1784926601968","2026-07-24T20:56:41",
"2026-07-24T21:06:30","1291510514","Av. Siqueira Campos","","Palmas","BR","2","10.6","4","986","279","-10.286768","-48.333076","1784921996717","2026-07-24T19:39:56",
"2026-07-24T21:06:30","1693596122","",,"Palmas","BR","1","0","5","36","-1","-10.258352","-48.316498","1784081881899","2026-07-15T02:18:01","f6a9d158-cb4d-43ec-b26e-e2687cf324bf"
"2026-07-24T21:06:30","1211995990","",,"Palmas","BR","1","0","5","21","-1","-10.258363","-48.316757","1782353685339","2026-06-25T02:14:45","a82a13e5-2525-4021-aa92-7892a48c9f70"
"2026-07-24T21:06:30","592213244","",,"Palmas","BR","1","0","5","63","-1","-10.258354","-48.315834","1784686767492","2026-07-22T02:19:27","dc9d4e1f-8670-4b13-9612-de4df2989f38"
"2026-07-24T21:06:30","1088566738","",,"Palmas","BR","1","0","5","41","-1","-10.258569","-48.317408","1783562302500","2026-07-09T01:58:22","9740383b-d7ef-4ff2-9da7-1b82984db198"
"2026-07-24T21:06:30","1877536026","",,"Palmas","BR","1","0","5","23","-1","-10.258348","-48.316227","1784194194365","2026-07-16T09:29:54","67a7d0d3-9d61-4acd-8315-250cecac9790"
"2026-07-24T21:06:30","1693600032","",,"Palmas","BR","1","0","5","63","-1","-10.258354","-48.315834","1784081881899","2026-07-15T02:18:01","205a09b3-2e2f-4b45-86aa-4ea82a9ecd25"
"2026-07-24T21:06:30","1764118132","Av. Siqueira Campos","","Palmas","BR","2","0","5","327","-1","-10.294325","-48.33214","1782872110314","2026-07-01T02:15:10","2f08bda5-8a61-4942-836a-8f1ec7689705"
"2026-07-24T21:06:30","592201592","",,"Palmas","BR","1","0","5","86","-1","-10.258277","-48.315151","1784686768026","2026-07-22T02:19:28","95d9d88f-a5e9-4a1f-a5e3-d31635a7afc6"
"2026-07-24T21:06:30","1693600006","Av. Siqueira Campos","","Palmas","BR","2","0","5","327","-1","-10.294325","-48.33214","1784081881897","2026-07-15T02:18:01","2613c8db-9637-40d4-8e38-c2092c8c0dfc"
"2026-07-24T21:06:30","642996038","",,"Palmas","BR","1","0","5","36","-1","-10.258352","-48.316498","1784725868930","2026-07-22T13:11:08","341a3583-4137-4e82-bfbb-a67b5e845593"
"2026-07-24T21:06:30","1276542432","TO-080","Luzimangues (Porto Nacional)","Palmas","BR","7","38.54","1","5331","234","-10.185762","-48.427986","1784915536024","2026-07-24T17:52:16",
"2026-07-24T21:06:30","733757796","","Av. NS-10","Palmas","BR","1","0","5","70","-1","-10.258317","-48.317258","1784773032602","2026-07-23T02:17:12","3c3cc392-5d12-48d2-a44d-55f1688e96a0"
"2026-07-24T21:06:30","1302081188","ARSE 152 Al. 22","ARSE 152 Avenida 01","Palmas","BR","1","6.21","3","300","142","-10.276439","-48.321893","1784926752751","2026-07-24T20:59:12",
"2026-07-24T21:06:30","592228244","",,"Palmas","BR","1","0","5","23","-1","-10.258348","-48.316227","1784686768210","2026-07-22T02:19:28","151ee59d-9fc8-4482-9e04-b365b1e458b5"
"2026-07-24T21:06:30","1299749600","BR-010","","Palmas","BR","6","22.45","2","945","81","-10.344271","-48.299939","1784925774789","2026-07-24T20:42:54",
"2026-07-24T21:06:30","1694226848","",,"Palmas","BR","1","0","5","15","-1","-10.258365","-48.316918","1783904330428","2026-07-13T00:58:50","06d504d6-dac0-4c04-9329-7777206ab7a2"
"2026-07-24T21:06:30","223991394","",,"Palmas","BR","1","0","5","21","-1","-10.258363","-48.316757","1783180963404","2026-07-04T16:02:43","d984add8-2949-4ac0-81b5-2aa666f8ed15"
"2026-07-24T21:06:30","1693573164","","","Palmas","BR","1","0","5","86","-1","-10.258278","-48.315151","1784081882190","2026-07-15T02:18:02","0584e645-bcd7-4670-a8e4-2c08a6763039"
"2026-07-24T22:14:45","1310235864","BR-010","","Palmas","BR","6","26.57","2","2492","186","-10.347791","-48.300407","1784930223152","2026-07-24T21:57:03",
"2026-07-24T22:14:45","1764083300","Av. Siqueira Campos","","Palmas","BR","2","0","5","155","-1","-10.292304","-48.332966","1782872109418","2026-07-01T02:15:09","78af3b54-3dea-4f10-8eb5-5fb4a34eaabb"
"2026-07-24T22:14:45","1693600118","Av. Siqueira Campos","","Palmas","BR","2","0","5","155","-1","-10.292304","-48.332966","1784081883010","2026-07-15T02:18:03","af3fc386-180b-4082-a64c-64efe9627b8d"
"2026-07-24T22:14:45","1764089184","",,"Palmas","BR","1","0","5","45","-1","-10.25844","-48.317041","1782872178272","2026-07-01T02:16:18","972e31c2-cd12-4c0a-b3ee-1530d2e74b4f"
"2026-07-24T22:14:45","1312413042","Av. Goias","","Palmas","BR","2","17.5","2","629","72","-10.328028","-48.300837","1784931266074","2026-07-24T22:14:26",
"2026-07-24T22:14:45","1312167846","TO-010","Av. NS 15","Palmas","BR","7","63.65","1","4544","79","-10.134502","-48.304652","1784931115436","2026-07-24T22:11:55",
"2026-07-24T22:14:45","1312225508","Alameda das Aroeiras",,"Palmas","BR","1","7.56","2","260","80","-10.183263","-48.344959","1784931192430","2026-07-24T22:13:12",
"2026-07-24T22:14:45","1693600032","",,"Palmas","BR","1","0","5","63","-1","-10.258354","-48.315834","1784081881899","2026-07-15T02:18:01","205a09b3-2e2f-4b45-86aa-4ea82a9ecd25"
"2026-07-24T22:14:45","1764118132","Av. Siqueira Campos","","Palmas","BR","2","0","5","327","-1","-10.294325","-48.33214","1782872110314","2026-07-01T02:15:10","2f08bda5-8a61-4942-836a-8f1ec7689705"
"2026-07-24T22:14:45","642996038","",,"Palmas","BR","1","0","5","36","-1","-10.258352","-48.316498","1784725868930","2026-07-22T13:11:08","341a3583-4137-4e82-bfbb-a67b5e845593"
"2026-07-24T22:14:45","733757796","","Av. NS-10","Palmas","BR","1","0","5","70","-1","-10.258317","-48.317258","1784773032602","2026-07-23T02:17:12","3c3cc392-5d12-48d2-a44d-55f1688e96a0"
"2026-07-24T22:14:45","592228244","",,"Palmas","BR","1","0","5","23","-1","-10.258348","-48.316227","1784686768210","2026-07-22T02:19:28","151ee59d-9fc8-4482-9e04-b365b1e458b5"
"2026-07-24T22:14:45","1310790202","TO-010","Palmas","Palmas","BR","7","53.4","2","5432","159","-10.091127","-48.314606","1784930443108","2026-07-24T22:00:43",
"2026-07-24T22:14:45","1694226848","",,"Palmas","BR","1","0","5","15","-1","-10.258365","-48.316918","1783904330428","2026-07-13T00:58:50","06d504d6-dac0-4c04-9329-7777206ab7a2"
"2026-07-24T22:14:45","1693573164","","","Palmas","BR","1","0","5","86","-1","-10.258278","-48.315151","1784081882190","2026-07-15T02:18:02","0584e645-bcd7-4670-a8e4-2c08a6763039"
"2026-07-24T22:14:45","1312365720","ACSU-SO 20 Rua NS-A","Av. LO-3","Palmas","BR","1","10","3","384","88","-10.194433","-48.334914","1784931265108","2026-07-24T22:14:25",
"2026-07-24T22:14:45","1693596122","",,"Palmas","BR","1","0","5","36","-1","-10.258352","-48.316498","1784081881899","2026-07-15T02:18:01","f6a9d158-cb4d-43ec-b26e-e2687cf324bf"
"2026-07-24T22:14:45","1311058124","ARNE 12  Al. 1","ARNE 12 Al. 2","Palmas","BR","1","4.56","4","222","147","-10.177933","-48.323118","1784930670624","2026-07-24T22:04:30",
"2026-07-24T22:14:45","1211995990","",,"Palmas","BR","1","0","5","21","-1","-10.258363","-48.316757","1782353685339","2026-06-25T02:14:45","a82a13e5-2525-4021-aa92-7892a48c9f70"
"2026-07-24T22:14:45","592213244","",,"Palmas","BR","1","0","5","63","-1","-10.258354","-48.315834","1784686767492","2026-07-22T02:19:27","dc9d4e1f-8670-4b13-9612-de4df2989f38"
"2026-07-24T22:14:45","1088566738","",,"Palmas","BR","1","0","5","41","-1","-10.258569","-48.317408","1783562302500","2026-07-09T01:58:22","9740383b-d7ef-4ff2-9da7-1b82984db198"
"2026-07-24T22:14:45","1877536026","",,"Palmas","BR","1","0","5","23","-1","-10.258348","-48.316227","1784194194365","2026-07-16T09:29:54","67a7d0d3-9d61-4acd-8315-250cecac9790"
"2026-07-24T22:14:45","592201592","",,"Palmas","BR","1","0","5","86","-1","-10.258277","-48.315151","1784686768026","2026-07-22T02:19:28","95d9d88f-a5e9-4a1f-a5e3-d31635a7afc6"
"2026-07-24T22:14:45","1693600006","Av. Siqueira Campos","","Palmas","BR","2","0","5","327","-1","-10.294325","-48.33214","1784081881897","2026-07-15T02:18:01","2613c8db-9637-40d4-8e38-c2092c8c0dfc"
"2026-07-24T22:14:45","223991394","",,"Palmas","BR","1","0","5","21","-1","-10.258363","-48.316757","1783180963404","2026-07-04T16:02:43","d984add8-2949-4ac0-81b5-2aa666f8ed15"
"2026-07-24T23:16:18","1764083300","Av. Siqueira Campos","","Palmas","BR","2","0","5","155","-1","-10.292304","-48.332966","1782872109418","2026-07-01T02:15:09","78af3b54-3dea-4f10-8eb5-5fb4a34eaabb"
"2026-07-24T23:16:18","1319295200","Av. Siqueira Campos","Av. LO-16","Palmas","BR","2","19.61","2","986","101","-10.163375","-48.326199","1784934656959","2026-07-24T23:10:56",
"2026-07-24T23:16:18","1693600118","Av. Siqueira Campos","","Palmas","BR","2","0","5","155","-1","-10.292304","-48.332966","1784081883010","2026-07-15T02:18:03","af3fc386-180b-4082-a64c-64efe9627b8d"
"2026-07-24T23:16:18","1764089184","",,"Palmas","BR","1","0","5","45","-1","-10.25844","-48.317041","1782872178272","2026-07-01T02:16:18","972e31c2-cd12-4c0a-b3ee-1530d2e74b4f"
"2026-07-24T23:16:18","1693596122","",,"Palmas","BR","1","0","5","36","-1","-10.258352","-48.316498","1784081881899","2026-07-15T02:18:01","f6a9d158-cb4d-43ec-b26e-e2687cf324bf"
"2026-07-24T23:16:18","1211995990","",,"Palmas","BR","1","0","5","21","-1","-10.258363","-48.316757","1782353685339","2026-06-25T02:14:45","a82a13e5-2525-4021-aa92-7892a48c9f70"
"2026-07-24T23:16:18","1318926610","ACNO 1 Rua NO-5","Av. NS-1","Palmas","BR","1","6.36","3","250","105","-10.181827","-48.3386","1784934437515","2026-07-24T23:07:17",
"2026-07-24T23:16:18","592213244","",,"Palmas","BR","1","0","5","63","-1","-10.258354","-48.315834","1784686767492","2026-07-22T02:19:27","dc9d4e1f-8670-4b13-9612-de4df2989f38"
"2026-07-24T23:16:18","1088566738","",,"Palmas","BR","1","0","5","41","-1","-10.258569","-48.317408","1783562302500","2026-07-09T01:58:22","9740383b-d7ef-4ff2-9da7-1b82984db198"
"2026-07-24T23:16:18","1877536026","",,"Palmas","BR","1","0","5","23","-1","-10.258348","-48.316227","1784194194365","2026-07-16T09:29:54","67a7d0d3-9d61-4acd-8315-250cecac9790"
"2026-07-24T23:16:18","1693600032","",,"Palmas","BR","1","0","5","63","-1","-10.258354","-48.315834","1784081881899","2026-07-15T02:18:01","205a09b3-2e2f-4b45-86aa-4ea82a9ecd25"
"2026-07-24T23:16:18","1764118132","Av. Siqueira Campos","","Palmas","BR","2","0","5","327","-1","-10.294325","-48.33214","1782872110314","2026-07-01T02:15:10","2f08bda5-8a61-4942-836a-8f1ec7689705"
"2026-07-24T23:16:18","592201592","",,"Palmas","BR","1","0","5","86","-1","-10.258277","-48.315151","1784686768026","2026-07-22T02:19:28","95d9d88f-a5e9-4a1f-a5e3-d31635a7afc6"
"2026-07-24T23:16:18","1693600006","Av. Siqueira Campos","","Palmas","BR","2","0","5","327","-1","-10.294325","-48.33214","1784081881897","2026-07-15T02:18:01","2613c8db-9637-40d4-8e38-c2092c8c0dfc"
"2026-07-24T23:16:18","642996038","",,"Palmas","BR","1","0","5","36","-1","-10.258352","-48.316498","1784725868930","2026-07-22T13:11:08","341a3583-4137-4e82-bfbb-a67b5e845593"
"2026-07-24T23:16:18","1319202294","Perimetral 2","","Palmas","BR","2","7.04","3","334","139","-10.296355","-48.297074","1784934585575","2026-07-24T23:09:45",
"2026-07-24T23:16:18","592228244","",,"Palmas","BR","1","0","5","23","-1","-10.258348","-48.316227","1784686768210","2026-07-22T02:19:28","151ee59d-9fc8-4482-9e04-b365b1e458b5"
"2026-07-24T23:16:18","733757796","","Av. NS-10","Palmas","BR","1","0","5","70","-1","-10.258317","-48.317258","1784773032602","2026-07-23T02:17:12","3c3cc392-5d12-48d2-a44d-55f1688e96a0"
"2026-07-24T23:16:18","223991394","",,"Palmas","BR","1","0","5","21","-1","-10.258363","-48.316757","1783180963404","2026-07-04T16:02:43","d984add8-2949-4ac0-81b5-2aa666f8ed15"
"2026-07-24T23:16:18","1694226848","",,"Palmas","BR","1","0","5","15","-1","-10.258365","-48.316918","1783904330428","2026-07-13T00:58:50","06d504d6-dac0-4c04-9329-7777206ab7a2"
"2026-07-24T23:16:18","1318460266","BR-010","","Palmas","BR","6","20.76","2","797","81","-10.341232","-48.299578","1784934218097","2026-07-24T23:03:38",
"2026-07-24T23:16:18","1693573164","","","Palmas","BR","1","0","5","86","-1","-10.258278","-48.315151","1784081882190","2026-07-15T02:18:02","0584e645-bcd7-4670-a8e4-2c08a6763039"
"2026-07-25T00:15:18","1764083300","Av. Siqueira Campos","","Palmas","BR","2","0","5","155","-1","-10.292304","-48.332966","1782872109418","2026-07-01T02:15:09","78af3b54-3dea-4f10-8eb5-5fb4a34eaabb"
"2026-07-25T00:15:18","1693600118","Av. Siqueira Campos","","Palmas","BR","2","0","5","155","-1","-10.292304","-48.332966","1784081883010","2026-07-15T02:18:03","af3fc386-180b-4082-a64c-64efe9627b8d"
"2026-07-25T00:15:18","1764089184","",,"Palmas","BR","1","0","5","45","-1","-10.25844","-48.317041","1782872178272","2026-07-01T02:16:18","972e31c2-cd12-4c0a-b3ee-1530d2e74b4f"
"2026-07-25T00:15:18","1693596122","",,"Palmas","BR","1","0","5","36","-1","-10.258352","-48.316498","1784081881899","2026-07-15T02:18:01","f6a9d158-cb4d-43ec-b26e-e2687cf324bf"
"2026-07-25T00:15:18","1211995990","",,"Palmas","BR","1","0","5","21","-1","-10.258363","-48.316757","1782353685339","2026-06-25T02:14:45","a82a13e5-2525-4021-aa92-7892a48c9f70"
"2026-07-25T00:15:18","1325520236","",,"Palmas","BR","1","17.08","1","913","469","-10.208349","-48.270976","1784938400909","2026-07-25T00:13:20",
"2026-07-25T00:15:18","1325157426","Av. Siqueira Campos","Av. LO-4","Palmas","BR","2","3.98","4","196","156","-10.178438","-48.33345","1784938189986","2026-07-25T00:09:49",
"2026-07-25T00:15:18","1324787480","","Av. Siqueira Campos","Palmas","BR","2","40.91","1","2985","107","-10.304056","-48.350332","1784937904919","2026-07-25T00:05:04",
"2026-07-25T00:15:18","592213244","",,"Palmas","BR","1","0","5","63","-1","-10.258354","-48.315834","1784686767492","2026-07-22T02:19:27","dc9d4e1f-8670-4b13-9612-de4df2989f38"
"2026-07-25T00:15:18","1088566738","",,"Palmas","BR","1","0","5","41","-1","-10.258569","-48.317408","1783562302500","2026-07-09T01:58:22","9740383b-d7ef-4ff2-9da7-1b82984db198"
"2026-07-25T00:15:18","1877536026","",,"Palmas","BR","1","0","5","23","-1","-10.258348","-48.316227","1784194194365","2026-07-16T09:29:54","67a7d0d3-9d61-4acd-8315-250cecac9790"
"2026-07-25T00:15:18","1693600032","",,"Palmas","BR","1","0","5","63","-1","-10.258354","-48.315834","1784081881899","2026-07-15T02:18:01","205a09b3-2e2f-4b45-86aa-4ea82a9ecd25"
"2026-07-25T00:15:18","1764118132","Av. Siqueira Campos","","Palmas","BR","2","0","5","327","-1","-10.294325","-48.33214","1782872110314","2026-07-01T02:15:10","2f08bda5-8a61-4942-836a-8f1ec7689705"
"2026-07-25T00:15:18","592201592","",,"Palmas","BR","1","0","5","86","-1","-10.258277","-48.315151","1784686768026","2026-07-22T02:19:28","95d9d88f-a5e9-4a1f-a5e3-d31635a7afc6"
"2026-07-25T00:15:18","1693600006","Av. Siqueira Campos","","Palmas","BR","2","0","5","327","-1","-10.294325","-48.33214","1784081881897","2026-07-15T02:18:01","2613c8db-9637-40d4-8e38-c2092c8c0dfc"
"2026-07-25T00:15:18","642996038","",,"Palmas","BR","1","0","5","36","-1","-10.258352","-48.316498","1784725868930","2026-07-22T13:11:08","341a3583-4137-4e82-bfbb-a67b5e845593"
"2026-07-25T00:15:18","1324779598","Av. NS-10","","Palmas","BR","2","10.05","3","339","95","-10.259388","-48.317912","1784937904285","2026-07-25T00:05:04",
"2026-07-25T00:15:18","733757796","","Av. NS-10","Palmas","BR","1","0","5","70","-1","-10.258317","-48.317258","1784773032602","2026-07-23T02:17:12","3c3cc392-5d12-48d2-a44d-55f1688e96a0"
"2026-07-25T00:15:18","592228244","",,"Palmas","BR","1","0","5","23","-1","-10.258348","-48.316227","1784686768210","2026-07-22T02:19:28","151ee59d-9fc8-4482-9e04-b365b1e458b5"
"2026-07-25T00:15:18","1694226848","",,"Palmas","BR","1","0","5","15","-1","-10.258365","-48.316918","1783904330428","2026-07-13T00:58:50","06d504d6-dac0-4c04-9329-7777206ab7a2"
"2026-07-25T00:15:18","223991394","",,"Palmas","BR","1","0","5","21","-1","-10.258363","-48.316757","1783180963404","2026-07-04T16:02:43","d984add8-2949-4ac0-81b5-2aa666f8ed15"
"2026-07-25T00:15:18","1693573164","","","Palmas","BR","1","0","5","86","-1","-10.258278","-48.315151","1784081882190","2026-07-15T02:18:02","0584e645-bcd7-4670-a8e4-2c08a6763039"
"2026-07-25T03:37:15","1764083300","Av. Siqueira Campos","","Palmas","BR","2","0","5","155","-1","-10.292304","-48.332966","1782872109418","2026-07-01T02:15:09","78af3b54-3dea-4f10-8eb5-5fb4a34eaabb"
"2026-07-25T03:37:15","1334679982","",,"Palmas","BR","1","0","5","23","-1","-10.258348","-48.316227","1784946140276","2026-07-25T02:22:20","151ee59d-9fc8-4482-9e04-b365b1e458b5"
"2026-07-25T03:37:15","1693600118","Av. Siqueira Campos",,"Palmas","BR","2","0","5","155","-1","-10.292304","-48.332966","1784081883010","2026-07-15T02:18:03","af3fc386-180b-4082-a64c-64efe9627b8d"
"2026-07-25T03:37:15","1764089184","",,"Palmas","BR","1","0","5","45","-1","-10.25844","-48.317041","1782872178272","2026-07-01T02:16:18","972e31c2-cd12-4c0a-b3ee-1530d2e74b4f"
"2026-07-25T03:37:15","1334672196","",,"Palmas","BR","1","0","5","21","-1","-10.258363","-48.316757","1784946139276","2026-07-25T02:22:19","d984add8-2949-4ac0-81b5-2aa666f8ed15"
"2026-07-25T03:37:15","1211995990","",,"Palmas","BR","1","0","5","21","-1","-10.258363","-48.316757","1782353685339","2026-06-25T02:14:45","a82a13e5-2525-4021-aa92-7892a48c9f70"
"2026-07-25T03:37:15","1088566738","",,"Palmas","BR","1","0","5","41","-1","-10.258569","-48.317408","1783562302500","2026-07-09T01:58:22","9740383b-d7ef-4ff2-9da7-1b82984db198"
"2026-07-25T03:37:15","1334648956","",,"Palmas","BR","1","0","5","63","-1","-10.258354","-48.315834","1784946139508","2026-07-25T02:22:19","205a09b3-2e2f-4b45-86aa-4ea82a9ecd25"
"2026-07-25T03:37:15","1877536026","",,"Palmas","BR","1","0","5","23","-1","-10.258348","-48.316227","1784194194365","2026-07-16T09:29:54","67a7d0d3-9d61-4acd-8315-250cecac9790"
"2026-07-25T03:37:15","1764118132","Av. Siqueira Campos","Desvio","Palmas","BR","2","0","5","327","-1","-10.294325","-48.33214","1782872110314","2026-07-01T02:15:10","2f08bda5-8a61-4942-836a-8f1ec7689705"
"2026-07-25T03:37:15","1334648958","",,"Palmas","BR","1","0","5","36","-1","-10.258352","-48.316498","1784946139509","2026-07-25T02:22:19","f6a9d158-cb4d-43ec-b26e-e2687cf324bf"
"2026-07-25T03:37:15","1693600006","Av. Siqueira Campos","","Palmas","BR","2","0","5","327","-1","-10.294325","-48.33214","1784081881897","2026-07-15T02:18:01","2613c8db-9637-40d4-8e38-c2092c8c0dfc"
"2026-07-25T03:37:15","642996038","",,"Palmas","BR","1","0","5","36","-1","-10.258352","-48.316498","1784725868930","2026-07-22T13:11:08","341a3583-4137-4e82-bfbb-a67b5e845593"
"2026-07-25T03:37:15","1334710902","","","Palmas","BR","1","0","5","86","-1","-10.258278","-48.315151","1784946139950","2026-07-25T02:22:19","0584e645-bcd7-4670-a8e4-2c08a6763039"
"2026-07-25T03:37:15","733757796","","Av. NS-10","Palmas","BR","1","0","5","70","-1","-10.258317","-48.317258","1784773032602","2026-07-23T02:17:12","3c3cc392-5d12-48d2-a44d-55f1688e96a0"
"2026-07-25T03:37:15","1334641302","",,"Palmas","BR","1","0","5","86","-1","-10.258277","-48.315151","1784946139943","2026-07-25T02:22:19","95d9d88f-a5e9-4a1f-a5e3-d31635a7afc6"
"2026-07-25T03:37:15","1334653046","",,"Palmas","BR","1","0","5","63","-1","-10.258354","-48.315834","1784946139113","2026-07-25T02:22:19","dc9d4e1f-8670-4b13-9612-de4df2989f38"
"2026-07-25T03:37:15","1694226848","",,"Palmas","BR","1","0","5","15","-1","-10.258365","-48.316918","1783904330428","2026-07-13T00:58:50","06d504d6-dac0-4c04-9329-7777206ab7a2"
"2026-07-25T06:02:51","1764083300","Av. Siqueira Campos","","Palmas","BR","2","0","5","155","-1","-10.292304","-48.332966","1782872109418","2026-07-01T02:15:09","78af3b54-3dea-4f10-8eb5-5fb4a34eaabb"
"2026-07-25T06:02:51","1334679982","",,"Palmas","BR","1","0","5","23","-1","-10.258348","-48.316227","1784946140276","2026-07-25T02:22:20","151ee59d-9fc8-4482-9e04-b365b1e458b5"
"2026-07-25T06:02:51","1693600118","Av. Siqueira Campos",,"Palmas","BR","2","0","5","155","-1","-10.292304","-48.332966","1784081883010","2026-07-15T02:18:03","af3fc386-180b-4082-a64c-64efe9627b8d"
"2026-07-25T06:02:51","1764089184","",,"Palmas","BR","1","0","5","45","-1","-10.25844","-48.317041","1782872178272","2026-07-01T02:16:18","972e31c2-cd12-4c0a-b3ee-1530d2e74b4f"
"2026-07-25T06:02:51","1075322608","Marg. da TO-050","","Palmas","BR","2","19.08","3","893","97","-10.18929","-48.300313","1784959268032","2026-07-25T06:01:08",
"2026-07-25T06:02:51","1334672196","",,"Palmas","BR","1","0","5","21","-1","-10.258363","-48.316757","1784946139276","2026-07-25T02:22:19","d984add8-2949-4ac0-81b5-2aa666f8ed15"
"2026-07-25T06:02:51","1211995990","",,"Palmas","BR","1","0","5","21","-1","-10.258363","-48.316757","1782353685339","2026-06-25T02:14:45","a82a13e5-2525-4021-aa92-7892a48c9f70"
"2026-07-25T06:02:51","1088566738","",,"Palmas","BR","1","0","5","41","-1","-10.258569","-48.317408","1783562302500","2026-07-09T01:58:22","9740383b-d7ef-4ff2-9da7-1b82984db198"
"2026-07-25T06:02:51","1334648956","",,"Palmas","BR","1","0","5","63","-1","-10.258354","-48.315834","1784946139508","2026-07-25T02:22:19","205a09b3-2e2f-4b45-86aa-4ea82a9ecd25"
"2026-07-25T06:02:51","1877536026","",,"Palmas","BR","1","0","5","23","-1","-10.258348","-48.316227","1784194194365","2026-07-16T09:29:54","67a7d0d3-9d61-4acd-8315-250cecac9790"
"2026-07-25T06:02:51","1764118132","Av. Siqueira Campos","Desvio","Palmas","BR","2","0","5","327","-1","-10.294325","-48.33214","1782872110314","2026-07-01T02:15:10","2f08bda5-8a61-4942-836a-8f1ec7689705"
"2026-07-25T06:02:51","1334648958","",,"Palmas","BR","1","0","5","36","-1","-10.258352","-48.316498","1784946139509","2026-07-25T02:22:19","f6a9d158-cb4d-43ec-b26e-e2687cf324bf"
"2026-07-25T06:02:51","1693600006","Av. Siqueira Campos","","Palmas","BR","2","0","5","327","-1","-10.294325","-48.33214","1784081881897","2026-07-15T02:18:01","2613c8db-9637-40d4-8e38-c2092c8c0dfc"
"2026-07-25T06:02:51","642996038","",,"Palmas","BR","1","0","5","36","-1","-10.258352","-48.316498","1784725868930","2026-07-22T13:11:08","341a3583-4137-4e82-bfbb-a67b5e845593"
"2026-07-25T06:02:51","1334710902","","","Palmas","BR","1","0","5","86","-1","-10.258278","-48.315151","1784946139950","2026-07-25T02:22:19","0584e645-bcd7-4670-a8e4-2c08a6763039"
"2026-07-25T06:02:51","733757796","","Av. NS-10","Palmas","BR","1","0","5","70","-1","-10.258317","-48.317258","1784773032602","2026-07-23T02:17:12","3c3cc392-5d12-48d2-a44d-55f1688e96a0"
"2026-07-25T06:02:51","1334641302","",,"Palmas","BR","1","0","5","86","-1","-10.258277","-48.315151","1784946139943","2026-07-25T02:22:19","95d9d88f-a5e9-4a1f-a5e3-d31635a7afc6"
"2026-07-25T06:02:51","1334653046","",,"Palmas","BR","1","0","5","63","-1","-10.258354","-48.315834","1784946139113","2026-07-25T02:22:19","dc9d4e1f-8670-4b13-9612-de4df2989f38"
"2026-07-25T06:02:51","1694226848","",,"Palmas","BR","1","0","5","15","-1","-10.258365","-48.316918","1783904330428","2026-07-13T00:58:50","06d504d6-dac0-4c04-9329-7777206ab7a2"
"2026-07-25T08:18:24","1764083300","Av. Siqueira Campos","","Palmas","BR","2","0","5","155","-1","-10.292304","-48.332966","1782872109418","2026-07-01T02:15:09","78af3b54-3dea-4f10-8eb5-5fb4a34eaabb"
"2026-07-25T08:18:24","1693600118","Av. Siqueira Campos",,"Palmas","BR","2","0","5","155","-1","-10.292304","-48.332966","1784081883010","2026-07-15T02:18:03","af3fc386-180b-4082-a64c-64efe9627b8d"
"2026-07-25T08:18:24","1764089184","",,"Palmas","BR","1","0","5","45","-1","-10.25844","-48.317041","1782872178272","2026-07-01T02:16:18","972e31c2-cd12-4c0a-b3ee-1530d2e74b4f"
"2026-07-25T08:18:24","1334672196","",,"Palmas","BR","1","0","5","21","-1","-10.258363","-48.316757","1784946139276","2026-07-25T02:22:19","d984add8-2949-4ac0-81b5-2aa666f8ed15"
"2026-07-25T08:18:24","1764118132","Av. Siqueira Campos","Desvio","Palmas","BR","2","0","5","327","-1","-10.294325","-48.33214","1782872110314","2026-07-01T02:15:10","2f08bda5-8a61-4942-836a-8f1ec7689705"
"2026-07-25T08:18:24","1079775432","Av. NS-15","","Palmas","BR","2","0","5","788","-1","-10.213941","-48.364657","1784964810944","2026-07-25T07:33:30","b23d804f-23d2-4883-9927-a5808b17018d"
"2026-07-25T08:18:24","642996038","",,"Palmas","BR","1","0","5","36","-1","-10.258352","-48.316498","1784725868930","2026-07-22T13:11:08","341a3583-4137-4e82-bfbb-a67b5e845593"
"2026-07-25T08:18:24","1079779338","Av. NS-15","","Palmas","BR","2","0","5","663","-1","-10.207318","-48.362764","1784964810632","2026-07-25T07:33:30","a91ac08e-9994-47ba-b1d6-5a355e9949b7"
"2026-07-25T08:18:24","733757796","","Av. NS-10","Palmas","BR","1","0","5","70","-1","-10.258317","-48.317258","1784773032602","2026-07-23T02:17:12","3c3cc392-5d12-48d2-a44d-55f1688e96a0"
"2026-07-25T08:18:24","1334641302","",,"Palmas","BR","1","0","5","86","-1","-10.258277","-48.315151","1784946139943","2026-07-25T02:22:19","95d9d88f-a5e9-4a1f-a5e3-d31635a7afc6"
"2026-07-25T08:18:24","1694226848","",,"Palmas","BR","1","0","5","15","-1","-10.258365","-48.316918","1783904330428","2026-07-13T00:58:50","06d504d6-dac0-4c04-9329-7777206ab7a2"
"2026-07-25T08:18:24","1079748154","Av. NS-15","","Palmas","BR","2","0","5","659","-1","-10.208164","-48.362847","1784964810829","2026-07-25T07:33:30","84db015c-e9fa-4982-9510-1ab8c7d0ac9a"
"2026-07-25T08:18:24","1079690680","","Av. NS-15","Palmas","BR","2","0","5","18","-1","-10.210634","-48.364333","1784964810939","2026-07-25T07:33:30","496a351d-f838-4913-8452-b3b8c16bdfc6"
"2026-07-25T08:18:24","1079775422","",,"Palmas","BR","2","0","5","23","-1","-10.210454","-48.364407","1784964810641","2026-07-25T07:33:30","2348da0a-96ad-4f7a-91ab-c7ab66d11084"
"2026-07-25T08:18:24","1334679982","",,"Palmas","BR","1","0","5","23","-1","-10.258348","-48.316227","1784946140276","2026-07-25T02:22:20","151ee59d-9fc8-4482-9e04-b365b1e458b5"
"2026-07-25T08:18:24","1079701884","",,"Palmas","BR","2","0","5","47","-1","-10.21005","-48.364167","1784964810871","2026-07-25T07:33:30","5fbdb066-44a7-4746-bf9e-ba0b90d6a058"
"2026-07-25T08:18:24","1079751986","",,"Palmas","BR","2","0","5","23","-1","-10.210252","-48.364385","1784964810679","2026-07-25T07:33:30","433c8294-d332-497a-92cc-d31e78a4d1c4"
"2026-07-25T08:18:24","1079782966","","Av. LO-11","Palmas","BR","2","0","5","47","-1","-10.21073","-48.363836","1784964810953","2026-07-25T07:33:30","4c47671e-f3ec-4efd-9c90-c044d6799b7a"
"2026-07-25T08:18:24","1079713520","Av. LO-11","","Palmas","BR","2","0","5","278","-1","-10.210817","-48.362524","1784964810685","2026-07-25T07:33:30","e6e380ff-39a3-4c5d-a0aa-ef9c19553cc0"
"2026-07-25T08:18:24","1211995990","",,"Palmas","BR","1","0","5","21","-1","-10.258363","-48.316757","1782353685339","2026-06-25T02:14:45","a82a13e5-2525-4021-aa92-7892a48c9f70"
"2026-07-25T08:18:24","1088566738","",,"Palmas","BR","1","0","5","41","-1","-10.258569","-48.317408","1783562302500","2026-07-09T01:58:22","9740383b-d7ef-4ff2-9da7-1b82984db198"
"2026-07-25T08:18:24","1334648956","",,"Palmas","BR","1","0","5","63","-1","-10.258354","-48.315834","1784946139508","2026-07-25T02:22:19","205a09b3-2e2f-4b45-86aa-4ea82a9ecd25"
"2026-07-25T08:18:24","1079782958","","Av. NS-15","Palmas","BR","2","0","5","46","-1","-10.210282","-48.363646","1784964810757","2026-07-25T07:33:30","e460a00c-c14b-43a8-95cb-9e2efa488f35"
"2026-07-25T08:18:24","1877536026","",,"Palmas","BR","1","0","5","23","-1","-10.258348","-48.316227","1784194194365","2026-07-16T09:29:54","67a7d0d3-9d61-4acd-8315-250cecac9790"
"2026-07-25T08:18:24","1334648958","",,"Palmas","BR","1","0","5","36","-1","-10.258352","-48.316498","1784946139509","2026-07-25T02:22:19","f6a9d158-cb4d-43ec-b26e-e2687cf324bf"
"2026-07-25T08:18:24","1693600006","Av. Siqueira Campos","","Palmas","BR","2","0","5","327","-1","-10.294325","-48.33214","1784081881897","2026-07-15T02:18:01","2613c8db-9637-40d4-8e38-c2092c8c0dfc"
"2026-07-25T08:18:24","1079786852","Av. LO-11","","Palmas","BR","2","0","5","284","-1","-10.210994","-48.36245","1784964810681","2026-07-25T07:33:30","58e76d63-3033-4ad5-9b8d-f68ae9a75aaa"
"2026-07-25T08:18:24","1334710902","","","Palmas","BR","1","0","5","86","-1","-10.258278","-48.315151","1784946139950","2026-07-25T02:22:19","0584e645-bcd7-4670-a8e4-2c08a6763039"
"2026-07-25T08:18:24","1334653046","",,"Palmas","BR","1","0","5","63","-1","-10.258354","-48.315834","1784946139113","2026-07-25T02:22:19","dc9d4e1f-8670-4b13-9612-de4df2989f38"
"2026-07-25T08:18:24","1079717412","Av. NS-15","","Palmas","BR","2","0","5","809","-1","-10.213597","-48.364879","1784964810849","2026-07-25T07:33:30","04985208-ed6f-48b6-87e3-1c4bc8b1b0e7"
"2026-07-25T10:01:31","1764083300","Av. Siqueira Campos","","Palmas","BR","2","0","5","155","-1","-10.292304","-48.332966","1782872109418","2026-07-01T02:15:09","78af3b54-3dea-4f10-8eb5-5fb4a34eaabb"
"2026-07-25T10:01:31","1334679982","",,"Palmas","BR","1","0","5","23","-1","-10.258348","-48.316227","1784946140276","2026-07-25T02:22:20","151ee59d-9fc8-4482-9e04-b365b1e458b5"
"2026-07-25T10:01:31","1693600118","Av. Siqueira Campos",,"Palmas","BR","2","0","5","155","-1","-10.292304","-48.332966","1784081883010","2026-07-15T02:18:03","af3fc386-180b-4082-a64c-64efe9627b8d"
"2026-07-25T10:01:31","1764089184","",,"Palmas","BR","1","0","5","45","-1","-10.25844","-48.317041","1782872178272","2026-07-01T02:16:18","972e31c2-cd12-4c0a-b3ee-1530d2e74b4f"
"2026-07-25T10:01:31","1334672196","",,"Palmas","BR","1","0","5","21","-1","-10.258363","-48.316757","1784946139276","2026-07-25T02:22:19","d984add8-2949-4ac0-81b5-2aa666f8ed15"
"2026-07-25T10:01:31","1211995990","",,"Palmas","BR","1","0","5","21","-1","-10.258363","-48.316757","1782353685339","2026-06-25T02:14:45","a82a13e5-2525-4021-aa92-7892a48c9f70"
"2026-07-25T10:01:31","1088566738","",,"Palmas","BR","1","0","5","41","-1","-10.258569","-48.317408","1783562302500","2026-07-09T01:58:22","9740383b-d7ef-4ff2-9da7-1b82984db198"
"2026-07-25T10:01:31","1334648956","",,"Palmas","BR","1","0","5","63","-1","-10.258354","-48.315834","1784946139508","2026-07-25T02:22:19","205a09b3-2e2f-4b45-86aa-4ea82a9ecd25"
"2026-07-25T10:01:31","1764118132","Av. Siqueira Campos","Desvio","Palmas","BR","2","0","5","327","-1","-10.294325","-48.33214","1782872110314","2026-07-01T02:15:10","2f08bda5-8a61-4942-836a-8f1ec7689705"
"2026-07-25T10:01:31","1877536026","",,"Palmas","BR","1","0","5","23","-1","-10.258348","-48.316227","1784194194365","2026-07-16T09:29:54","67a7d0d3-9d61-4acd-8315-250cecac9790"
"2026-07-25T10:01:31","1334648958","",,"Palmas","BR","1","0","5","36","-1","-10.258352","-48.316498","1784946139509","2026-07-25T02:22:19","f6a9d158-cb4d-43ec-b26e-e2687cf324bf"
"2026-07-25T10:01:31","1693600006","Av. Siqueira Campos","","Palmas","BR","2","0","5","327","-1","-10.294325","-48.33214","1784081881897","2026-07-15T02:18:01","2613c8db-9637-40d4-8e38-c2092c8c0dfc"
"2026-07-25T10:01:31","642996038","",,"Palmas","BR","1","0","5","36","-1","-10.258352","-48.316498","1784725868930","2026-07-22T13:11:08","341a3583-4137-4e82-bfbb-a67b5e845593"
"2026-07-25T10:01:31","733757796","","Av. NS-10","Palmas","BR","1","0","5","70","-1","-10.258317","-48.317258","1784773032602","2026-07-23T02:17:12","3c3cc392-5d12-48d2-a44d-55f1688e96a0"
"2026-07-25T10:01:31","1334710902","","","Palmas","BR","1","0","5","86","-1","-10.258278","-48.315151","1784946139950","2026-07-25T02:22:19","0584e645-bcd7-4670-a8e4-2c08a6763039"
"2026-07-25T10:01:31","1694226848","",,"Palmas","BR","1","0","5","15","-1","-10.258365","-48.316918","1783904330428","2026-07-13T00:58:50","06d504d6-dac0-4c04-9329-7777206ab7a2"
"2026-07-25T10:01:31","1334653046","",,"Palmas","BR","1","0","5","63","-1","-10.258354","-48.315834","1784946139113","2026-07-25T02:22:19","dc9d4e1f-8670-4b13-9612-de4df2989f38"
"2026-07-25T10:01:31","1334641302","",,"Palmas","BR","1","0","5","86","-1","-10.258277","-48.315151","1784946139943","2026-07-25T02:22:19","95d9d88f-a5e9-4a1f-a5e3-d31635a7afc6"
"2026-07-25T11:14:08","1764083300","Av. Siqueira Campos","","Palmas","BR","2","0","5","155","-1","-10.292304","-48.332966","1782872109418","2026-07-01T02:15:09","78af3b54-3dea-4f10-8eb5-5fb4a34eaabb"
"2026-07-25T11:14:08","1334679982","",,"Palmas","BR","1","0","5","23","-1","-10.258348","-48.316227","1784946140276","2026-07-25T02:22:20","151ee59d-9fc8-4482-9e04-b365b1e458b5"
"2026-07-25T11:14:08","1693600118","Av. Siqueira Campos",,"Palmas","BR","2","0","5","155","-1","-10.292304","-48.332966","1784081883010","2026-07-15T02:18:03","af3fc386-180b-4082-a64c-64efe9627b8d"
"2026-07-25T11:14:08","1764089184","",,"Palmas","BR","1","0","5","45","-1","-10.25844","-48.317041","1782872178272","2026-07-01T02:16:18","972e31c2-cd12-4c0a-b3ee-1530d2e74b4f"
"2026-07-25T11:14:08","1334672196","",,"Palmas","BR","1","0","5","21","-1","-10.258363","-48.316757","1784946139276","2026-07-25T02:22:19","d984add8-2949-4ac0-81b5-2aa666f8ed15"
"2026-07-25T11:14:08","1211995990","",,"Palmas","BR","1","0","5","21","-1","-10.258363","-48.316757","1782353685339","2026-06-25T02:14:45","a82a13e5-2525-4021-aa92-7892a48c9f70"
"2026-07-25T11:14:08","1110699390","ACSE 1 Rua SE-1","Av. NS-2","Palmas","BR","1","5.42","4","254","143","-10.185602","-48.328744","1784977812902","2026-07-25T11:10:12",
"2026-07-25T11:14:08","1111260108","TO-080","Luzimangues (Porto Nacional)","Palmas","BR","7","32.42","2","3492","157","-10.185773","-48.429386","1784978023953","2026-07-25T11:13:43",
"2026-07-25T11:14:08","1111232844","Av. NS-8","","Palmas","BR","2","7.65","4","281","110","-10.182463","-48.313725","1784978023331","2026-07-25T11:13:43",
"2026-07-25T11:14:08","1088566738","",,"Palmas","BR","1","0","5","41","-1","-10.258569","-48.317408","1783562302500","2026-07-09T01:58:22","9740383b-d7ef-4ff2-9da7-1b82984db198"
"2026-07-25T11:14:08","1334648956","",,"Palmas","BR","1","0","5","63","-1","-10.258354","-48.315834","1784946139508","2026-07-25T02:22:19","205a09b3-2e2f-4b45-86aa-4ea82a9ecd25"
"2026-07-25T11:14:08","1764118132","Av. Siqueira Campos","Desvio","Palmas","BR","2","0","5","327","-1","-10.294325","-48.33214","1782872110314","2026-07-01T02:15:10","2f08bda5-8a61-4942-836a-8f1ec7689705"
"2026-07-25T11:14:08","1877536026","",,"Palmas","BR","1","0","5","23","-1","-10.258348","-48.316227","1784194194365","2026-07-16T09:29:54","67a7d0d3-9d61-4acd-8315-250cecac9790"
"2026-07-25T11:14:08","1334648958","",,"Palmas","BR","1","0","5","36","-1","-10.258352","-48.316498","1784946139509","2026-07-25T02:22:19","f6a9d158-cb4d-43ec-b26e-e2687cf324bf"
"2026-07-25T11:14:08","1693600006","Av. Siqueira Campos","","Palmas","BR","2","0","5","327","-1","-10.294325","-48.33214","1784081881897","2026-07-15T02:18:01","2613c8db-9637-40d4-8e38-c2092c8c0dfc"
"2026-07-25T11:14:08","642996038","",,"Palmas","BR","1","0","5","36","-1","-10.258352","-48.316498","1784725868930","2026-07-22T13:11:08","341a3583-4137-4e82-bfbb-a67b5e845593"
"2026-07-25T11:14:08","1334710902","","","Palmas","BR","1","0","5","86","-1","-10.258278","-48.315151","1784946139950","2026-07-25T02:22:19","0584e645-bcd7-4670-a8e4-2c08a6763039"
"2026-07-25T11:14:08","733757796","","Av. NS-10","Palmas","BR","1","0","5","70","-1","-10.258317","-48.317258","1784773032602","2026-07-23T02:17:12","3c3cc392-5d12-48d2-a44d-55f1688e96a0"
"2026-07-25T11:14:08","1334641302","",,"Palmas","BR","1","0","5","86","-1","-10.258277","-48.315151","1784946139943","2026-07-25T02:22:19","95d9d88f-a5e9-4a1f-a5e3-d31635a7afc6"
"2026-07-25T11:14:08","1694226848","",,"Palmas","BR","1","0","5","15","-1","-10.258365","-48.316918","1783904330428","2026-07-13T00:58:50","06d504d6-dac0-4c04-9329-7777206ab7a2"
"2026-07-25T11:14:08","1334653046","",,"Palmas","BR","1","0","5","63","-1","-10.258354","-48.315834","1784946139113","2026-07-25T02:22:19","dc9d4e1f-8670-4b13-9612-de4df2989f38"
"2026-07-25T12:09:19","1764083300","Av. Siqueira Campos","","Palmas","BR","2","0","5","155","-1","-10.292304","-48.332966","1782872109418","2026-07-01T02:15:09","78af3b54-3dea-4f10-8eb5-5fb4a34eaabb"
"2026-07-25T12:09:19","1334679982","",,"Palmas","BR","1","0","5","23","-1","-10.258348","-48.316227","1784946140276","2026-07-25T02:22:20","151ee59d-9fc8-4482-9e04-b365b1e458b5"
"2026-07-25T12:09:19","1693600118","Av. Siqueira Campos",,"Palmas","BR","2","0","5","155","-1","-10.292304","-48.332966","1784081883010","2026-07-15T02:18:03","af3fc386-180b-4082-a64c-64efe9627b8d"
"2026-07-25T12:09:19","1764089184","",,"Palmas","BR","1","0","5","45","-1","-10.25844","-48.317041","1782872178272","2026-07-01T02:16:18","972e31c2-cd12-4c0a-b3ee-1530d2e74b4f"
"2026-07-25T12:09:19","1120107300","BR-010","","Palmas","BR","6","41.17","1","2492","66","-10.347791","-48.300407","1784981338576","2026-07-25T12:08:58",
"2026-07-25T12:09:19","1119340752","Av. TLO-7","","Palmas","BR","2","21.86","2","963","86","-10.351509","-48.333205","1784981051587","2026-07-25T12:04:11",
"2026-07-25T12:09:19","1334672196","",,"Palmas","BR","1","0","5","21","-1","-10.258363","-48.316757","1784946139276","2026-07-25T02:22:19","d984add8-2949-4ac0-81b5-2aa666f8ed15"
"2026-07-25T12:09:19","1119677206","TO-050","","Palmas","BR","7","43.87","1","1989","70","-10.368888","-48.3034","1784981193816","2026-07-25T12:06:33",
"2026-07-25T12:09:19","1211995990","",,"Palmas","BR","1","0","5","21","-1","-10.258363","-48.316757","1782353685339","2026-06-25T02:14:45","a82a13e5-2525-4021-aa92-7892a48c9f70"
"2026-07-25T12:09:19","1116995452","TO-080","Luzimangues (Porto Nacional)","Palmas","BR","7","12.28","3","3676","886","-10.185772","-48.429246","1784980128603","2026-07-25T11:48:48",
"2026-07-25T12:09:19","1088566738","",,"Palmas","BR","1","0","5","41","-1","-10.258569","-48.317408","1783562302500","2026-07-09T01:58:22","9740383b-d7ef-4ff2-9da7-1b82984db198"
"2026-07-25T12:09:19","1334648956","",,"Palmas","BR","1","0","5","63","-1","-10.258354","-48.315834","1784946139508","2026-07-25T02:22:19","205a09b3-2e2f-4b45-86aa-4ea82a9ecd25"
"2026-07-25T12:09:19","1877536026","",,"Palmas","BR","1","0","5","23","-1","-10.258348","-48.316227","1784194194365","2026-07-16T09:29:54","67a7d0d3-9d61-4acd-8315-250cecac9790"
"2026-07-25T12:09:19","1764118132","Av. Siqueira Campos","Desvio","Palmas","BR","2","0","5","327","-1","-10.294325","-48.33214","1782872110314","2026-07-01T02:15:10","2f08bda5-8a61-4942-836a-8f1ec7689705"
"2026-07-25T12:09:19","1334648958","",,"Palmas","BR","1","0","5","36","-1","-10.258352","-48.316498","1784946139509","2026-07-25T02:22:19","f6a9d158-cb4d-43ec-b26e-e2687cf324bf"
"2026-07-25T12:09:19","1693600006","Av. Siqueira Campos","","Palmas","BR","2","0","5","327","-1","-10.294325","-48.33214","1784081881897","2026-07-15T02:18:01","2613c8db-9637-40d4-8e38-c2092c8c0dfc"
"2026-07-25T12:09:19","642996038","",,"Palmas","BR","1","0","5","36","-1","-10.258352","-48.316498","1784725868930","2026-07-22T13:11:08","341a3583-4137-4e82-bfbb-a67b5e845593"
"2026-07-25T12:09:19","1119532258","ACNE 11 Rua NE-9","Av. NS-4","Palmas","BR","1","4.53","3","155","84","-10.178916","-48.325626","1784981122768","2026-07-25T12:05:22",
"2026-07-25T12:09:19","1334710902","","","Palmas","BR","1","0","5","86","-1","-10.258278","-48.315151","1784946139950","2026-07-25T02:22:19","0584e645-bcd7-4670-a8e4-2c08a6763039"
"2026-07-25T12:09:19","733757796","","Av. NS-10","Palmas","BR","1","0","5","70","-1","-10.258317","-48.317258","1784773032602","2026-07-23T02:17:12","3c3cc392-5d12-48d2-a44d-55f1688e96a0"
"2026-07-25T12:09:19","1334641302","",,"Palmas","BR","1","0","5","86","-1","-10.258277","-48.315151","1784946139943","2026-07-25T02:22:19","95d9d88f-a5e9-4a1f-a5e3-d31635a7afc6"
"2026-07-25T12:09:19","1334653046","",,"Palmas","BR","1","0","5","63","-1","-10.258354","-48.315834","1784946139113","2026-07-25T02:22:19","dc9d4e1f-8670-4b13-9612-de4df2989f38"
"2026-07-25T12:09:19","1694226848","",,"Palmas","BR","1","0","5","15","-1","-10.258365","-48.316918","1783904330428","2026-07-13T00:58:50","06d504d6-dac0-4c04-9329-7777206ab7a2"
"2026-07-25T12:09:19","1115883100","TO-080","Palmas","Luzimangues (Porto Nacional)","BR","7","13.71","3","3125","658","-10.185775","-48.429666","1784979703195","2026-07-25T11:41:43",
"2026-07-25T13:58:16","1764083300","Av. Siqueira Campos","","Palmas","BR","2","0","5","155","-1","-10.292304","-48.332966","1782872109418","2026-07-01T02:15:09","78af3b54-3dea-4f10-8eb5-5fb4a34eaabb"
"2026-07-25T13:58:16","1334679982","",,"Palmas","BR","1","0","5","23","-1","-10.258348","-48.316227","1784946140276","2026-07-25T02:22:20","151ee59d-9fc8-4482-9e04-b365b1e458b5"
"2026-07-25T13:58:16","1693600118","Av. Siqueira Campos",,"Palmas","BR","2","0","5","155","-1","-10.292304","-48.332966","1784081883010","2026-07-15T02:18:03","af3fc386-180b-4082-a64c-64efe9627b8d"
"2026-07-25T13:58:16","1764089184","",,"Palmas","BR","1","0","5","45","-1","-10.25844","-48.317041","1782872178272","2026-07-01T02:16:18","972e31c2-cd12-4c0a-b3ee-1530d2e74b4f"
"2026-07-25T13:58:16","1334672196","",,"Palmas","BR","1","0","5","21","-1","-10.258363","-48.316757","1784946139276","2026-07-25T02:22:19","d984add8-2949-4ac0-81b5-2aa666f8ed15"
"2026-07-25T13:58:16","1211995990","",,"Palmas","BR","1","0","5","21","-1","-10.258363","-48.316757","1782353685339","2026-06-25T02:14:45","a82a13e5-2525-4021-aa92-7892a48c9f70"
"2026-07-25T13:58:16","1134533426","Av. Tocantins","","Palmas","BR","7","17.84","2","670","66","-10.332264","-48.296778","1784987184382","2026-07-25T13:46:24",
"2026-07-25T13:58:16","1088566738","",,"Palmas","BR","1","0","5","41","-1","-10.258569","-48.317408","1783562302500","2026-07-09T01:58:22","9740383b-d7ef-4ff2-9da7-1b82984db198"
"2026-07-25T13:58:16","1334648956","",,"Palmas","BR","1","0","5","63","-1","-10.258354","-48.315834","1784946139508","2026-07-25T02:22:19","205a09b3-2e2f-4b45-86aa-4ea82a9ecd25"
"2026-07-25T13:58:16","1877536026","",,"Palmas","BR","1","0","5","23","-1","-10.258348","-48.316227","1784194194365","2026-07-16T09:29:54","67a7d0d3-9d61-4acd-8315-250cecac9790"
"2026-07-25T13:58:16","1764118132","Av. Siqueira Campos","Desvio","Palmas","BR","2","0","5","327","-1","-10.294325","-48.33214","1782872110314","2026-07-01T02:15:10","2f08bda5-8a61-4942-836a-8f1ec7689705"
"2026-07-25T13:58:16","1135303896","Av. Tocantins","","Palmas","BR","7","11.31","3","636","134","-10.331526","-48.296898","1784987476074","2026-07-25T13:51:16",
"2026-07-25T13:58:16","1334648958","",,"Palmas","BR","1","0","5","36","-1","-10.258352","-48.316498","1784946139509","2026-07-25T02:22:19","f6a9d158-cb4d-43ec-b26e-e2687cf324bf"
"2026-07-25T13:58:16","1693600006","Av. Siqueira Campos","","Palmas","BR","2","0","5","327","-1","-10.294325","-48.33214","1784081881897","2026-07-15T02:18:01","2613c8db-9637-40d4-8e38-c2092c8c0dfc"
"2026-07-25T13:58:16","642996038","",,"Palmas","BR","1","0","5","36","-1","-10.258352","-48.316498","1784725868930","2026-07-22T13:11:08","341a3583-4137-4e82-bfbb-a67b5e845593"
"2026-07-25T13:58:16","1334710902","","","Palmas","BR","1","0","5","86","-1","-10.258278","-48.315151","1784946139950","2026-07-25T02:22:19","0584e645-bcd7-4670-a8e4-2c08a6763039"
"2026-07-25T13:58:16","733757796","","Av. NS-10","Palmas","BR","1","0","5","70","-1","-10.258317","-48.317258","1784773032602","2026-07-23T02:17:12","3c3cc392-5d12-48d2-a44d-55f1688e96a0"
"2026-07-25T13:58:16","1334641302","",,"Palmas","BR","1","0","5","86","-1","-10.258277","-48.315151","1784946139943","2026-07-25T02:22:19","95d9d88f-a5e9-4a1f-a5e3-d31635a7afc6"
"2026-07-25T13:58:16","1334653046","",,"Palmas","BR","1","0","5","63","-1","-10.258354","-48.315834","1784946139113","2026-07-25T02:22:19","dc9d4e1f-8670-4b13-9612-de4df2989f38"
"2026-07-25T13:58:16","1694226848","",,"Palmas","BR","1","0","5","15","-1","-10.258365","-48.316918","1783904330428","2026-07-13T00:58:50","06d504d6-dac0-4c04-9329-7777206ab7a2"
"2026-07-25T13:58:16","1128573208","TO-080","Luzimangues (Porto Nacional)","Palmas","BR","7","36.3","2","8089","397","-10.185632","-48.419569","1784984790395","2026-07-25T13:06:30",
"2026-07-25T14:58:32","1764083300","Av. Siqueira Campos","","Palmas","BR","2","0","5","155","-1","-10.292304","-48.332966","1782872109418","2026-07-01T02:15:09","78af3b54-3dea-4f10-8eb5-5fb4a34eaabb"
"2026-07-25T14:58:32","1334679982","",,"Palmas","BR","1","0","5","23","-1","-10.258348","-48.316227","1784946140276","2026-07-25T02:22:20","151ee59d-9fc8-4482-9e04-b365b1e458b5"
"2026-07-25T14:58:32","1693600118","Av. Siqueira Campos",,"Palmas","BR","2","0","5","155","-1","-10.292304","-48.332966","1784081883010","2026-07-15T02:18:03","af3fc386-180b-4082-a64c-64efe9627b8d"
"2026-07-25T14:58:32","1764089184","",,"Palmas","BR","1","0","5","45","-1","-10.25844","-48.317041","1782872178272","2026-07-01T02:16:18","972e31c2-cd12-4c0a-b3ee-1530d2e74b4f"
"2026-07-25T14:58:32","1334672196","",,"Palmas","BR","1","0","5","21","-1","-10.258363","-48.316757","1784946139276","2026-07-25T02:22:19","d984add8-2949-4ac0-81b5-2aa666f8ed15"
"2026-07-25T14:58:32","1211995990","",,"Palmas","BR","1","0","5","21","-1","-10.258363","-48.316757","1782353685339","2026-06-25T02:14:45","a82a13e5-2525-4021-aa92-7892a48c9f70"
"2026-07-25T14:58:32","1088566738","",,"Palmas","BR","1","0","5","41","-1","-10.258569","-48.317408","1783562302500","2026-07-09T01:58:22","9740383b-d7ef-4ff2-9da7-1b82984db198"
"2026-07-25T14:58:32","1334648956","",,"Palmas","BR","1","0","5","63","-1","-10.258354","-48.315834","1784946139508","2026-07-25T02:22:19","205a09b3-2e2f-4b45-86aa-4ea82a9ecd25"
"2026-07-25T14:58:32","1877536026","",,"Palmas","BR","1","0","5","23","-1","-10.258348","-48.316227","1784194194365","2026-07-16T09:29:54","67a7d0d3-9d61-4acd-8315-250cecac9790"
"2026-07-25T14:58:32","1764118132","Av. Siqueira Campos","Desvio","Palmas","BR","2","0","5","327","-1","-10.294325","-48.33214","1782872110314","2026-07-01T02:15:10","2f08bda5-8a61-4942-836a-8f1ec7689705"
"2026-07-25T14:58:32","1334648958","",,"Palmas","BR","1","0","5","36","-1","-10.258352","-48.316498","1784946139509","2026-07-25T02:22:19","f6a9d158-cb4d-43ec-b26e-e2687cf324bf"
"2026-07-25T14:58:32","1693600006","Av. Siqueira Campos","","Palmas","BR","2","0","5","327","-1","-10.294325","-48.33214","1784081881897","2026-07-15T02:18:01","2613c8db-9637-40d4-8e38-c2092c8c0dfc"
"2026-07-25T14:58:32","642996038","",,"Palmas","BR","1","0","5","36","-1","-10.258352","-48.316498","1784725868930","2026-07-22T13:11:08","341a3583-4137-4e82-bfbb-a67b5e845593"
"2026-07-25T14:58:32","1334710902","","","Palmas","BR","1","0","5","86","-1","-10.258278","-48.315151","1784946139950","2026-07-25T02:22:19","0584e645-bcd7-4670-a8e4-2c08a6763039"
"2026-07-25T14:58:32","733757796","","Av. NS-10","Palmas","BR","1","0","5","70","-1","-10.258317","-48.317258","1784773032602","2026-07-23T02:17:12","3c3cc392-5d12-48d2-a44d-55f1688e96a0"
"2026-07-25T14:58:32","1144097128","Av. NS-5","Av. NS-7","Palmas","BR","1","17.36","1","728","104","-10.188944","-48.346108","1784991141432","2026-07-25T14:52:21",
"2026-07-25T14:58:32","1144722306","Av. Siqueira Campos","","Palmas","BR","2","7.27","4","364","154","-10.313263","-48.325426","1784991433300","2026-07-25T14:57:13",
"2026-07-25T14:58:32","1143600848","Av. LO-27","","Palmas","BR","2","15.43","2","674","95","-10.255539","-48.339994","1784990920933","2026-07-25T14:48:40",
"2026-07-25T14:58:32","1694226848","",,"Palmas","BR","1","0","5","15","-1","-10.258365","-48.316918","1783904330428","2026-07-13T00:58:50","06d504d6-dac0-4c04-9329-7777206ab7a2"
"2026-07-25T14:58:32","1334641302","",,"Palmas","BR","1","0","5","86","-1","-10.258277","-48.315151","1784946139943","2026-07-25T02:22:19","95d9d88f-a5e9-4a1f-a5e3-d31635a7afc6"
"2026-07-25T14:58:32","1334653046","",,"Palmas","BR","1","0","5","63","-1","-10.258354","-48.315834","1784946139113","2026-07-25T02:22:19","dc9d4e1f-8670-4b13-9612-de4df2989f38"
"2026-07-25T14:58:32","1128573208","TO-080","Luzimangues (Porto Nacional)","Palmas","BR","7","46.49","1","6434","176","-10.185695","-48.423908","1784984790395","2026-07-25T13:06:30",
"2026-07-25T14:58:32","1145007522","TO-080","Palmas","Luzimangues (Porto Nacional)","BR","7","43.18","1","6434","205","-10.185695","-48.423908","1784991508084","2026-07-25T14:58:28",
"2026-07-25T16:00:35","1764083300","Av. Siqueira Campos","","Palmas","BR","2","0","5","155","-1","-10.292304","-48.332966","1782872109418","2026-07-01T02:15:09","78af3b54-3dea-4f10-8eb5-5fb4a34eaabb"
"2026-07-25T16:00:35","1334679982","",,"Palmas","BR","1","0","5","23","-1","-10.258348","-48.316227","1784946140276","2026-07-25T02:22:20","151ee59d-9fc8-4482-9e04-b365b1e458b5"
"2026-07-25T16:00:35","1693600118","Av. Siqueira Campos",,"Palmas","BR","2","0","5","155","-1","-10.292304","-48.332966","1784081883010","2026-07-15T02:18:03","af3fc386-180b-4082-a64c-64efe9627b8d"
"2026-07-25T16:00:35","1764089184","",,"Palmas","BR","1","0","5","45","-1","-10.25844","-48.317041","1782872178272","2026-07-01T02:16:18","972e31c2-cd12-4c0a-b3ee-1530d2e74b4f"
"2026-07-25T16:00:35","1334672196","",,"Palmas","BR","1","0","5","21","-1","-10.258363","-48.316757","1784946139276","2026-07-25T02:22:19","d984add8-2949-4ac0-81b5-2aa666f8ed15"
"2026-07-25T16:00:35","1211995990","",,"Palmas","BR","1","0","5","21","-1","-10.258363","-48.316757","1782353685339","2026-06-25T02:14:45","a82a13e5-2525-4021-aa92-7892a48c9f70"
"2026-07-25T16:00:35","1152858234","ACSE 11 Rua SE-9","ACSE 11 Rua SE-12","Palmas","BR","1","4.58","4","157","103","-10.190126","-48.325525","1784995132839","2026-07-25T15:58:52",
"2026-07-25T16:00:35","1145648740","Orla 14 Av. Orla","Orla 14 Al. 10","Palmas","BR","1","0","5","202","-1","-10.190245","-48.363339","1784991802945","2026-07-25T15:03:22","41404a75-a06e-4398-ae7d-78ed119fb23d"
"2026-07-25T16:00:35","1145726852","Orla 14 Av. Orla","Orla 14 Al. 8","Palmas","BR","1","0","5","204","-1","-10.190127","-48.363185","1784991803821","2026-07-25T15:03:23","5982791a-b7b7-40b9-af18-ed90f5ba3b5d"
"2026-07-25T16:00:35","1153038806","Av. Siqueira Campos","Av. LO-33","Palmas","BR","2","35.07","1","1897","71","-10.280908","-48.332777","1784995133212","2026-07-25T15:58:53",
"2026-07-25T16:00:35","1088566738","",,"Palmas","BR","1","0","5","41","-1","-10.258569","-48.317408","1783562302500","2026-07-09T01:58:22","9740383b-d7ef-4ff2-9da7-1b82984db198"
"2026-07-25T16:00:35","1334648956","",,"Palmas","BR","1","0","5","63","-1","-10.258354","-48.315834","1784946139508","2026-07-25T02:22:19","205a09b3-2e2f-4b45-86aa-4ea82a9ecd25"
"2026-07-25T16:00:35","1877536026","",,"Palmas","BR","1","0","5","23","-1","-10.258348","-48.316227","1784194194365","2026-07-16T09:29:54","67a7d0d3-9d61-4acd-8315-250cecac9790"
"2026-07-25T16:00:35","1764118132","Av. Siqueira Campos","Desvio","Palmas","BR","2","0","5","327","-1","-10.294325","-48.33214","1782872110314","2026-07-01T02:15:10","2f08bda5-8a61-4942-836a-8f1ec7689705"
"2026-07-25T16:00:35","1334648958","",,"Palmas","BR","1","0","5","36","-1","-10.258352","-48.316498","1784946139509","2026-07-25T02:22:19","f6a9d158-cb4d-43ec-b26e-e2687cf324bf"
"2026-07-25T16:00:35","1693600006","Av. Siqueira Campos","","Palmas","BR","2","0","5","327","-1","-10.294325","-48.33214","1784081881897","2026-07-15T02:18:01","2613c8db-9637-40d4-8e38-c2092c8c0dfc"
"2026-07-25T16:00:35","642996038","",,"Palmas","BR","1","0","5","36","-1","-10.258352","-48.316498","1784725868930","2026-07-22T13:11:08","341a3583-4137-4e82-bfbb-a67b5e845593"
"2026-07-25T16:00:35","1334710902","","","Palmas","BR","1","0","5","86","-1","-10.258278","-48.315151","1784946139950","2026-07-25T02:22:19","0584e645-bcd7-4670-a8e4-2c08a6763039"
"2026-07-25T16:00:35","733757796","","Av. NS-10","Palmas","BR","1","0","5","70","-1","-10.258317","-48.317258","1784773032602","2026-07-23T02:17:12","3c3cc392-5d12-48d2-a44d-55f1688e96a0"
"2026-07-25T16:00:35","1152549768","Av. NS-5","ARSO 22 Al. 13","Palmas","BR","1","19.12","1","728","80","-10.186826","-48.348366","1784994985879","2026-07-25T15:56:25",
"2026-07-25T16:00:35","1694226848","",,"Palmas","BR","1","0","5","15","-1","-10.258365","-48.316918","1783904330428","2026-07-13T00:58:50","06d504d6-dac0-4c04-9329-7777206ab7a2"
"2026-07-25T16:00:35","1334641302","",,"Palmas","BR","1","0","5","86","-1","-10.258277","-48.315151","1784946139943","2026-07-25T02:22:19","95d9d88f-a5e9-4a1f-a5e3-d31635a7afc6"
"2026-07-25T16:00:35","1334653046","",,"Palmas","BR","1","0","5","63","-1","-10.258354","-48.315834","1784946139113","2026-07-25T02:22:19","dc9d4e1f-8670-4b13-9612-de4df2989f38"
"2026-07-25T16:59:13","1764083300","Av. Siqueira Campos","","Palmas","BR","2","0","5","155","-1","-10.292304","-48.332966","1782872109418","2026-07-01T02:15:09","78af3b54-3dea-4f10-8eb5-5fb4a34eaabb"
"2026-07-25T16:59:13","1334679982","",,"Palmas","BR","1","0","5","23","-1","-10.258348","-48.316227","1784946140276","2026-07-25T02:22:20","151ee59d-9fc8-4482-9e04-b365b1e458b5"
"2026-07-25T16:59:13","1693600118","Av. Siqueira Campos",,"Palmas","BR","2","0","5","155","-1","-10.292304","-48.332966","1784081883010","2026-07-15T02:18:03","af3fc386-180b-4082-a64c-64efe9627b8d"
"2026-07-25T16:59:13","1764089184","",,"Palmas","BR","1","0","5","45","-1","-10.25844","-48.317041","1782872178272","2026-07-01T02:16:18","972e31c2-cd12-4c0a-b3ee-1530d2e74b4f"
"2026-07-25T16:59:13","1334672196","",,"Palmas","BR","1","0","5","21","-1","-10.258363","-48.316757","1784946139276","2026-07-25T02:22:19","d984add8-2949-4ac0-81b5-2aa666f8ed15"
"2026-07-25T16:59:13","1211995990","",,"Palmas","BR","1","0","5","21","-1","-10.258363","-48.316757","1782353685339","2026-06-25T02:14:45","a82a13e5-2525-4021-aa92-7892a48c9f70"
"2026-07-25T16:59:13","1145648740","Orla 14 Av. Orla","Orla 14 Al. 10","Palmas","BR","1","0","5","202","-1","-10.190245","-48.363339","1784991802945","2026-07-25T15:03:22","41404a75-a06e-4398-ae7d-78ed119fb23d"
"2026-07-25T16:59:13","1145726852","Orla 14 Av. Orla","Orla 14 Al. 8","Palmas","BR","1","0","5","204","-1","-10.190127","-48.363185","1784991803821","2026-07-25T15:03:23","5982791a-b7b7-40b9-af18-ed90f5ba3b5d"
"2026-07-25T16:59:13","1157689424","TO-080","Luzimangues (Porto Nacional)","Palmas","BR","7","24.74","2","3492","290","-10.185773","-48.429386","1784997418210","2026-07-25T16:36:58",
"2026-07-25T16:59:13","1088566738","",,"Palmas","BR","1","0","5","41","-1","-10.258569","-48.317408","1783562302500","2026-07-09T01:58:22","9740383b-d7ef-4ff2-9da7-1b82984db198"
"2026-07-25T16:59:13","1334648956","",,"Palmas","BR","1","0","5","63","-1","-10.258354","-48.315834","1784946139508","2026-07-25T02:22:19","205a09b3-2e2f-4b45-86aa-4ea82a9ecd25"
"2026-07-25T16:59:13","1764118132","Av. Siqueira Campos","Desvio","Palmas","BR","2","0","5","327","-1","-10.294325","-48.33214","1782872110314","2026-07-01T02:15:10","2f08bda5-8a61-4942-836a-8f1ec7689705"
"2026-07-25T16:59:13","1877536026","",,"Palmas","BR","1","0","5","23","-1","-10.258348","-48.316227","1784194194365","2026-07-16T09:29:54","67a7d0d3-9d61-4acd-8315-250cecac9790"
"2026-07-25T16:59:13","1334648958","",,"Palmas","BR","1","0","5","36","-1","-10.258352","-48.316498","1784946139509","2026-07-25T02:22:19","f6a9d158-cb4d-43ec-b26e-e2687cf324bf"
"2026-07-25T16:59:13","1693600006","Av. Siqueira Campos","","Palmas","BR","2","0","5","327","-1","-10.294325","-48.33214","1784081881897","2026-07-15T02:18:01","2613c8db-9637-40d4-8e38-c2092c8c0dfc"
"2026-07-25T16:59:13","642996038","",,"Palmas","BR","1","0","5","36","-1","-10.258352","-48.316498","1784725868930","2026-07-22T13:11:08","341a3583-4137-4e82-bfbb-a67b5e845593"
"2026-07-25T16:59:13","1334710902","","","Palmas","BR","1","0","5","86","-1","-10.258278","-48.315151","1784946139950","2026-07-25T02:22:19","0584e645-bcd7-4670-a8e4-2c08a6763039"
"2026-07-25T16:59:13","733757796","","Av. NS-10","Palmas","BR","1","0","5","70","-1","-10.258317","-48.317258","1784773032602","2026-07-23T02:17:12","3c3cc392-5d12-48d2-a44d-55f1688e96a0"
"2026-07-25T16:59:13","1334641302","",,"Palmas","BR","1","0","5","86","-1","-10.258277","-48.315151","1784946139943","2026-07-25T02:22:19","95d9d88f-a5e9-4a1f-a5e3-d31635a7afc6"
"2026-07-25T16:59:13","1694226848","",,"Palmas","BR","1","0","5","15","-1","-10.258365","-48.316918","1783904330428","2026-07-13T00:58:50","06d504d6-dac0-4c04-9329-7777206ab7a2"
"2026-07-25T16:59:13","1334653046","",,"Palmas","BR","1","0","5","63","-1","-10.258354","-48.315834","1784946139113","2026-07-25T02:22:19","dc9d4e1f-8670-4b13-9612-de4df2989f38"
"2026-07-25T17:56:48","1764083300","Av. Siqueira Campos","","Palmas","BR","2","0","5","155","-1","-10.292304","-48.332966","1782872109418","2026-07-01T02:15:09","78af3b54-3dea-4f10-8eb5-5fb4a34eaabb"
"2026-07-25T17:56:48","1334679982","",,"Palmas","BR","1","0","5","23","-1","-10.258348","-48.316227","1784946140276","2026-07-25T02:22:20","151ee59d-9fc8-4482-9e04-b365b1e458b5"
"2026-07-25T17:56:48","1693600118","Av. Siqueira Campos",,"Palmas","BR","2","0","5","155","-1","-10.292304","-48.332966","1784081883010","2026-07-15T02:18:03","af3fc386-180b-4082-a64c-64efe9627b8d"
"2026-07-25T17:56:48","1764089184","",,"Palmas","BR","1","0","5","45","-1","-10.25844","-48.317041","1782872178272","2026-07-01T02:16:18","972e31c2-cd12-4c0a-b3ee-1530d2e74b4f"
"2026-07-25T17:56:48","1334672196","",,"Palmas","BR","1","0","5","21","-1","-10.258363","-48.316757","1784946139276","2026-07-25T02:22:19","d984add8-2949-4ac0-81b5-2aa666f8ed15"
"2026-07-25T17:56:48","1211995990","",,"Palmas","BR","1","0","5","21","-1","-10.258363","-48.316757","1782353685339","2026-06-25T02:14:45","a82a13e5-2525-4021-aa92-7892a48c9f70"
"2026-07-25T17:56:48","1145648740","Orla 14 Av. Orla","Orla 14 Al. 10","Palmas","BR","1","0","5","202","-1","-10.190245","-48.363339","1784991802945","2026-07-25T15:03:22","41404a75-a06e-4398-ae7d-78ed119fb23d"
"2026-07-25T17:56:48","1145726852","Orla 14 Av. Orla","Orla 14 Al. 8","Palmas","BR","1","0","5","204","-1","-10.190127","-48.363185","1784991803821","2026-07-25T15:03:23","5982791a-b7b7-40b9-af18-ed90f5ba3b5d"
"2026-07-25T17:56:48","1157689424","TO-080","Luzimangues (Porto Nacional)","Palmas","BR","7","42.42","1","6802","237","-10.185637","-48.420408","1784997418210","2026-07-25T16:36:58",
"2026-07-25T17:56:48","1088566738","",,"Palmas","BR","1","0","5","41","-1","-10.258569","-48.317408","1783562302500","2026-07-09T01:58:22","9740383b-d7ef-4ff2-9da7-1b82984db198"
"2026-07-25T17:56:48","1334648956","",,"Palmas","BR","1","0","5","63","-1","-10.258354","-48.315834","1784946139508","2026-07-25T02:22:19","205a09b3-2e2f-4b45-86aa-4ea82a9ecd25"
"2026-07-25T17:56:48","1877536026","",,"Palmas","BR","1","0","5","23","-1","-10.258348","-48.316227","1784194194365","2026-07-16T09:29:54","67a7d0d3-9d61-4acd-8315-250cecac9790"
"2026-07-25T17:56:48","1764118132","Av. Siqueira Campos","Desvio","Palmas","BR","2","0","5","327","-1","-10.294325","-48.33214","1782872110314","2026-07-01T02:15:10","2f08bda5-8a61-4942-836a-8f1ec7689705"
"2026-07-25T17:56:48","1334648958","",,"Palmas","BR","1","0","5","36","-1","-10.258352","-48.316498","1784946139509","2026-07-25T02:22:19","f6a9d158-cb4d-43ec-b26e-e2687cf324bf"
"2026-07-25T17:56:48","1693600006","Av. Siqueira Campos","","Palmas","BR","2","0","5","327","-1","-10.294325","-48.33214","1784081881897","2026-07-15T02:18:01","2613c8db-9637-40d4-8e38-c2092c8c0dfc"
"2026-07-25T17:56:48","642996038","",,"Palmas","BR","1","0","5","36","-1","-10.258352","-48.316498","1784725868930","2026-07-22T13:11:08","341a3583-4137-4e82-bfbb-a67b5e845593"
"2026-07-25T17:56:48","1334710902","","","Palmas","BR","1","0","5","86","-1","-10.258278","-48.315151","1784946139950","2026-07-25T02:22:19","0584e645-bcd7-4670-a8e4-2c08a6763039"
"2026-07-25T17:56:48","733757796","","Av. NS-10","Palmas","BR","1","0","5","70","-1","-10.258317","-48.317258","1784773032602","2026-07-23T02:17:12","3c3cc392-5d12-48d2-a44d-55f1688e96a0"
"2026-07-25T17:56:48","1334641302","",,"Palmas","BR","1","0","5","86","-1","-10.258277","-48.315151","1784946139943","2026-07-25T02:22:19","95d9d88f-a5e9-4a1f-a5e3-d31635a7afc6"
"2026-07-25T17:56:48","1334653046","",,"Palmas","BR","1","0","5","63","-1","-10.258354","-48.315834","1784946139113","2026-07-25T02:22:19","dc9d4e1f-8670-4b13-9612-de4df2989f38"
"2026-07-25T17:56:48","1694226848","",,"Palmas","BR","1","0","5","15","-1","-10.258365","-48.316918","1783904330428","2026-07-13T00:58:50","06d504d6-dac0-4c04-9329-7777206ab7a2"
"2026-07-25T18:53:46","1171943610","TO-080","Luzimangues (Porto Nacional)","Palmas","BR","7","30.31","2","3309","227","-10.185774","-48.429526","1785004945197","2026-07-25T18:42:25",
"2026-07-25T18:53:46","1764083300","Av. Siqueira Campos","","Palmas","BR","2","0","5","155","-1","-10.292304","-48.332966","1782872109418","2026-07-01T02:15:09","78af3b54-3dea-4f10-8eb5-5fb4a34eaabb"
"2026-07-25T18:53:46","1334679982","",,"Palmas","BR","1","0","5","23","-1","-10.258348","-48.316227","1784946140276","2026-07-25T02:22:20","151ee59d-9fc8-4482-9e04-b365b1e458b5"
"2026-07-25T18:53:46","1693600118","Av. Siqueira Campos",,"Palmas","BR","2","0","5","155","-1","-10.292304","-48.332966","1784081883010","2026-07-15T02:18:03","af3fc386-180b-4082-a64c-64efe9627b8d"
"2026-07-25T18:53:46","1764089184","",,"Palmas","BR","1","0","5","45","-1","-10.25844","-48.317041","1782872178272","2026-07-01T02:16:18","972e31c2-cd12-4c0a-b3ee-1530d2e74b4f"
"2026-07-25T18:53:46","1334672196","",,"Palmas","BR","1","0","5","21","-1","-10.258363","-48.316757","1784946139276","2026-07-25T02:22:19","d984add8-2949-4ac0-81b5-2aa666f8ed15"
"2026-07-25T18:53:46","1172357258","Av. Córrego Machado",,"Palmas","BR","1","3.48","4","171","153","-10.301268","-48.311819","1785005235863","2026-07-25T18:47:15",
"2026-07-25T18:53:46","1211995990","",,"Palmas","BR","1","0","5","21","-1","-10.258363","-48.316757","1782353685339","2026-06-25T02:14:45","a82a13e5-2525-4021-aa92-7892a48c9f70"
"2026-07-25T18:53:46","1145648740","Orla 14 Av. Orla","Orla 14 Al. 10","Palmas","BR","1","0","5","202","-1","-10.190245","-48.363339","1784991802945","2026-07-25T15:03:22","41404a75-a06e-4398-ae7d-78ed119fb23d"
"2026-07-25T18:53:46","1145726852","Orla 14 Av. Orla","Orla 14 Al. 8","Palmas","BR","1","0","5","204","-1","-10.190127","-48.363185","1784991803821","2026-07-25T15:03:23","5982791a-b7b7-40b9-af18-ed90f5ba3b5d"
"2026-07-25T18:53:46","1088566738","",,"Palmas","BR","1","0","5","41","-1","-10.258569","-48.317408","1783562302500","2026-07-09T01:58:22","9740383b-d7ef-4ff2-9da7-1b82984db198"
"2026-07-25T18:53:46","1334648956","",,"Palmas","BR","1","0","5","63","-1","-10.258354","-48.315834","1784946139508","2026-07-25T02:22:19","205a09b3-2e2f-4b45-86aa-4ea82a9ecd25"
"2026-07-25T18:53:46","1877536026","",,"Palmas","BR","1","0","5","23","-1","-10.258348","-48.316227","1784194194365","2026-07-16T09:29:54","67a7d0d3-9d61-4acd-8315-250cecac9790"
"2026-07-25T18:53:46","1764118132","Av. Siqueira Campos","Desvio","Palmas","BR","2","0","5","327","-1","-10.294325","-48.33214","1782872110314","2026-07-01T02:15:10","2f08bda5-8a61-4942-836a-8f1ec7689705"
"2026-07-25T18:53:46","1173059128","Av. Taquarussu","Av. Ponta Negra","Palmas","BR","7","24.1","3","811","61","-10.337248","-48.289864","1785005602735","2026-07-25T18:53:22",
"2026-07-25T18:53:46","1334648958","",,"Palmas","BR","1","0","5","36","-1","-10.258352","-48.316498","1784946139509","2026-07-25T02:22:19","f6a9d158-cb4d-43ec-b26e-e2687cf324bf"
"2026-07-25T18:53:46","1693600006","Av. Siqueira Campos","","Palmas","BR","2","0","5","327","-1","-10.294325","-48.33214","1784081881897","2026-07-15T02:18:01","2613c8db-9637-40d4-8e38-c2092c8c0dfc"
"2026-07-25T18:53:46","642996038","",,"Palmas","BR","1","0","5","36","-1","-10.258352","-48.316498","1784725868930","2026-07-22T13:11:08","341a3583-4137-4e82-bfbb-a67b5e845593"
"2026-07-25T18:53:46","1172895966","TO-080","Palmas","Luzimangues (Porto Nacional)","BR","7","38.53","1","3125","144","-10.185775","-48.429666","1785005530734","2026-07-25T18:52:10",
"2026-07-25T18:53:46","1334710902","","","Palmas","BR","1","0","5","86","-1","-10.258278","-48.315151","1784946139950","2026-07-25T02:22:19","0584e645-bcd7-4670-a8e4-2c08a6763039"
"2026-07-25T18:53:46","733757796","","Av. NS-10","Palmas","BR","1","0","5","70","-1","-10.258317","-48.317258","1784773032602","2026-07-23T02:17:12","3c3cc392-5d12-48d2-a44d-55f1688e96a0"
"2026-07-25T18:53:46","1334641302","",,"Palmas","BR","1","0","5","86","-1","-10.258277","-48.315151","1784946139943","2026-07-25T02:22:19","95d9d88f-a5e9-4a1f-a5e3-d31635a7afc6"
"2026-07-25T18:53:46","1334653046","",,"Palmas","BR","1","0","5","63","-1","-10.258354","-48.315834","1784946139113","2026-07-25T02:22:19","dc9d4e1f-8670-4b13-9612-de4df2989f38"
"2026-07-25T18:53:46","1694226848","",,"Palmas","BR","1","0","5","15","-1","-10.258365","-48.316918","1783904330428","2026-07-13T00:58:50","06d504d6-dac0-4c04-9329-7777206ab7a2"
"2026-07-25T20:01:46","1764083300","Av. Siqueira Campos","","Palmas","BR","2","0","5","155","-1","-10.292304","-48.332966","1782872109418","2026-07-01T02:15:09","78af3b54-3dea-4f10-8eb5-5fb4a34eaabb"
"2026-07-25T20:01:46","1178081978","TO-040","Palmas","Palmas","BR","7","32.45","1","2129","103","-10.491604","-48.33648","1785008961013","2026-07-25T19:49:21",
"2026-07-25T20:01:46","1334679982","",,"Palmas","BR","1","0","5","23","-1","-10.258348","-48.316227","1784946140276","2026-07-25T02:22:20","151ee59d-9fc8-4482-9e04-b365b1e458b5"
"2026-07-25T20:01:46","1693600118","Av. Siqueira Campos",,"Palmas","BR","2","0","5","155","-1","-10.292304","-48.332966","1784081883010","2026-07-15T02:18:03","af3fc386-180b-4082-a64c-64efe9627b8d"
"2026-07-25T20:01:46","1764089184","",,"Palmas","BR","1","0","5","45","-1","-10.25844","-48.317041","1782872178272","2026-07-01T02:16:18","972e31c2-cd12-4c0a-b3ee-1530d2e74b4f"
"2026-07-25T20:01:46","1334672196","",,"Palmas","BR","1","0","5","21","-1","-10.258363","-48.316757","1784946139276","2026-07-25T02:22:19","d984add8-2949-4ac0-81b5-2aa666f8ed15"
"2026-07-25T20:01:46","1211995990","",,"Palmas","BR","1","0","5","21","-1","-10.258363","-48.316757","1782353685339","2026-06-25T02:14:45","a82a13e5-2525-4021-aa92-7892a48c9f70"
"2026-07-25T20:01:46","1145648740","Orla 14 Av. Orla","Orla 14 Al. 10","Palmas","BR","1","0","5","202","-1","-10.190245","-48.363339","1784991802945","2026-07-25T15:03:22","41404a75-a06e-4398-ae7d-78ed119fb23d"
"2026-07-25T20:01:46","1145726852","Orla 14 Av. Orla","Orla 14 Al. 8","Palmas","BR","1","0","5","204","-1","-10.190127","-48.363185","1784991803821","2026-07-25T15:03:23","5982791a-b7b7-40b9-af18-ed90f5ba3b5d"
"2026-07-25T20:01:46","1088566738","",,"Palmas","BR","1","0","5","41","-1","-10.258569","-48.317408","1783562302500","2026-07-09T01:58:22","9740383b-d7ef-4ff2-9da7-1b82984db198"
"2026-07-25T20:01:46","1334648956","",,"Palmas","BR","1","0","5","63","-1","-10.258354","-48.315834","1784946139508","2026-07-25T02:22:19","205a09b3-2e2f-4b45-86aa-4ea82a9ecd25"
"2026-07-25T20:01:46","1764118132","Av. Siqueira Campos","Desvio","Palmas","BR","2","0","5","327","-1","-10.294325","-48.33214","1782872110314","2026-07-01T02:15:10","2f08bda5-8a61-4942-836a-8f1ec7689705"
"2026-07-25T20:01:46","1877536026","",,"Palmas","BR","1","0","5","23","-1","-10.258348","-48.316227","1784194194365","2026-07-16T09:29:54","67a7d0d3-9d61-4acd-8315-250cecac9790"
"2026-07-25T20:01:46","1334648958","",,"Palmas","BR","1","0","5","36","-1","-10.258352","-48.316498","1784946139509","2026-07-25T02:22:19","f6a9d158-cb4d-43ec-b26e-e2687cf324bf"
"2026-07-25T20:01:46","1693600006","Av. Siqueira Campos","","Palmas","BR","2","0","5","327","-1","-10.294325","-48.33214","1784081881897","2026-07-15T02:18:01","2613c8db-9637-40d4-8e38-c2092c8c0dfc"
"2026-07-25T20:01:46","642996038","",,"Palmas","BR","1","0","5","36","-1","-10.258352","-48.316498","1784725868930","2026-07-22T13:11:08","341a3583-4137-4e82-bfbb-a67b5e845593"
"2026-07-25T20:01:46","733757796","","Av. NS-10","Palmas","BR","1","0","5","70","-1","-10.258317","-48.317258","1784773032602","2026-07-23T02:17:12","3c3cc392-5d12-48d2-a44d-55f1688e96a0"
"2026-07-25T20:01:46","1334710902","","","Palmas","BR","1","0","5","86","-1","-10.258278","-48.315151","1784946139950","2026-07-25T02:22:19","0584e645-bcd7-4670-a8e4-2c08a6763039"
"2026-07-25T20:01:46","1178941052","Orla 14 Al. 8","Orla 14 Av. Orla","Palmas","BR","1","5.11","4","177","99","-10.189259","-48.362339","1785009545409","2026-07-25T19:59:05",
"2026-07-25T20:01:46","1334653046","",,"Palmas","BR","1","0","5","63","-1","-10.258354","-48.315834","1784946139113","2026-07-25T02:22:19","dc9d4e1f-8670-4b13-9612-de4df2989f38"
"2026-07-25T20:01:46","1334641302","",,"Palmas","BR","1","0","5","86","-1","-10.258277","-48.315151","1784946139943","2026-07-25T02:22:19","95d9d88f-a5e9-4a1f-a5e3-d31635a7afc6"
"2026-07-25T20:01:46","1694226848","",,"Palmas","BR","1","0","5","15","-1","-10.258365","-48.316918","1783904330428","2026-07-13T00:58:50","06d504d6-dac0-4c04-9329-7777206ab7a2"
"2026-07-25T20:57:32","1764083300","Av. Siqueira Campos","","Palmas","BR","2","0","5","155","-1","-10.292304","-48.332966","1782872109418","2026-07-01T02:15:09","78af3b54-3dea-4f10-8eb5-5fb4a34eaabb"
"2026-07-25T20:57:32","1334679982","",,"Palmas","BR","1","0","5","23","-1","-10.258348","-48.316227","1784946140276","2026-07-25T02:22:20","151ee59d-9fc8-4482-9e04-b365b1e458b5"
"2026-07-25T20:57:32","1693600118","Av. Siqueira Campos",,"Palmas","BR","2","0","5","155","-1","-10.292304","-48.332966","1784081883010","2026-07-15T02:18:03","af3fc386-180b-4082-a64c-64efe9627b8d"
"2026-07-25T20:57:32","1764089184","",,"Palmas","BR","1","0","5","45","-1","-10.25844","-48.317041","1782872178272","2026-07-01T02:16:18","972e31c2-cd12-4c0a-b3ee-1530d2e74b4f"
"2026-07-25T20:57:32","1334672196","",,"Palmas","BR","1","0","5","21","-1","-10.258363","-48.316757","1784946139276","2026-07-25T02:22:19","d984add8-2949-4ac0-81b5-2aa666f8ed15"
"2026-07-25T20:57:32","1211995990","",,"Palmas","BR","1","0","5","21","-1","-10.258363","-48.316757","1782353685339","2026-06-25T02:14:45","a82a13e5-2525-4021-aa92-7892a48c9f70"
"2026-07-25T20:57:32","1145648740","Orla 14 Av. Orla","Orla 14 Al. 10","Palmas","BR","1","0","5","202","-1","-10.190245","-48.363339","1784991802945","2026-07-25T15:03:22","41404a75-a06e-4398-ae7d-78ed119fb23d"
"2026-07-25T20:57:32","1145726852","Orla 14 Av. Orla","Orla 14 Al. 8","Palmas","BR","1","0","5","204","-1","-10.190127","-48.363185","1784991803821","2026-07-25T15:03:23","5982791a-b7b7-40b9-af18-ed90f5ba3b5d"
"2026-07-25T20:57:32","1088566738","",,"Palmas","BR","1","0","5","41","-1","-10.258569","-48.317408","1783562302500","2026-07-09T01:58:22","9740383b-d7ef-4ff2-9da7-1b82984db198"
"2026-07-25T20:57:32","1334648956","",,"Palmas","BR","1","0","5","63","-1","-10.258354","-48.315834","1784946139508","2026-07-25T02:22:19","205a09b3-2e2f-4b45-86aa-4ea82a9ecd25"
"2026-07-25T20:57:32","1183094678","Av. LO-10","","Palmas","BR","2","13.9","3","650","114","-10.165997","-48.336521","1785012618055","2026-07-25T20:50:18",
"2026-07-25T20:57:32","1877536026","",,"Palmas","BR","1","0","5","23","-1","-10.258348","-48.316227","1784194194365","2026-07-16T09:29:54","67a7d0d3-9d61-4acd-8315-250cecac9790"
"2026-07-25T20:57:32","1764118132","Av. Siqueira Campos","Desvio","Palmas","BR","2","0","5","327","-1","-10.294325","-48.33214","1782872110314","2026-07-01T02:15:10","2f08bda5-8a61-4942-836a-8f1ec7689705"
"2026-07-25T20:57:32","1334648958","",,"Palmas","BR","1","0","5","36","-1","-10.258352","-48.316498","1784946139509","2026-07-25T02:22:19","f6a9d158-cb4d-43ec-b26e-e2687cf324bf"
"2026-07-25T20:57:32","1693600006","Av. Siqueira Campos","","Palmas","BR","2","0","5","327","-1","-10.294325","-48.33214","1784081881897","2026-07-15T02:18:01","2613c8db-9637-40d4-8e38-c2092c8c0dfc"
"2026-07-25T20:57:32","642996038","",,"Palmas","BR","1","0","5","36","-1","-10.258352","-48.316498","1784725868930","2026-07-22T13:11:08","341a3583-4137-4e82-bfbb-a67b5e845593"
"2026-07-25T20:57:32","1334710902","","","Palmas","BR","1","0","5","86","-1","-10.258278","-48.315151","1784946139950","2026-07-25T02:22:19","0584e645-bcd7-4670-a8e4-2c08a6763039"
"2026-07-25T20:57:32","733757796","","Av. NS-10","Palmas","BR","1","0","5","70","-1","-10.258317","-48.317258","1784773032602","2026-07-23T02:17:12","3c3cc392-5d12-48d2-a44d-55f1688e96a0"
"2026-07-25T20:57:32","1334653046","",,"Palmas","BR","1","0","5","63","-1","-10.258354","-48.315834","1784946139113","2026-07-25T02:22:19","dc9d4e1f-8670-4b13-9612-de4df2989f38"
"2026-07-25T20:57:32","1694226848","",,"Palmas","BR","1","0","5","15","-1","-10.258365","-48.316918","1783904330428","2026-07-13T00:58:50","06d504d6-dac0-4c04-9329-7777206ab7a2"
"2026-07-25T20:57:32","1334641302","",,"Palmas","BR","1","0","5","86","-1","-10.258277","-48.315151","1784946139943","2026-07-25T02:22:19","95d9d88f-a5e9-4a1f-a5e3-d31635a7afc6"
"2026-07-25T21:46:36","1764083300","Av. Siqueira Campos","","Palmas","BR","2","0","5","155","-1","-10.292304","-48.332966","1782872109418","2026-07-01T02:15:09","78af3b54-3dea-4f10-8eb5-5fb4a34eaabb"
"2026-07-25T21:46:36","1693600118","Av. Siqueira Campos",,"Palmas","BR","2","0","5","155","-1","-10.292304","-48.332966","1784081883010","2026-07-15T02:18:03","af3fc386-180b-4082-a64c-64efe9627b8d"
"2026-07-25T21:46:36","1764089184","",,"Palmas","BR","1","0","5","45","-1","-10.25844","-48.317041","1782872178272","2026-07-01T02:16:18","972e31c2-cd12-4c0a-b3ee-1530d2e74b4f"
"2026-07-25T21:46:36","1334672196","",,"Palmas","BR","1","0","5","21","-1","-10.258363","-48.316757","1784946139276","2026-07-25T02:22:19","d984add8-2949-4ac0-81b5-2aa666f8ed15"
"2026-07-25T21:46:36","1145726852","Orla 14 Av. Orla","Orla 14 Al. 8","Palmas","BR","1","0","5","204","-1","-10.190127","-48.363185","1784991803821","2026-07-25T15:03:23","5982791a-b7b7-40b9-af18-ed90f5ba3b5d"
"2026-07-25T21:46:36","1764118132","Av. Siqueira Campos","Desvio","Palmas","BR","2","0","5","327","-1","-10.294325","-48.33214","1782872110314","2026-07-01T02:15:10","2f08bda5-8a61-4942-836a-8f1ec7689705"
"2026-07-25T21:46:36","642996038","",,"Palmas","BR","1","0","5","36","-1","-10.258352","-48.316498","1784725868930","2026-07-22T13:11:08","341a3583-4137-4e82-bfbb-a67b5e845593"
"2026-07-25T21:46:36","733757796","","Av. NS-10","Palmas","BR","1","0","5","70","-1","-10.258317","-48.317258","1784773032602","2026-07-23T02:17:12","3c3cc392-5d12-48d2-a44d-55f1688e96a0"
"2026-07-25T21:46:36","1694226848","",,"Palmas","BR","1","0","5","15","-1","-10.258365","-48.316918","1783904330428","2026-07-13T00:58:50","06d504d6-dac0-4c04-9329-7777206ab7a2"
"2026-07-25T21:46:36","1334641302","",,"Palmas","BR","1","0","5","86","-1","-10.258277","-48.315151","1784946139943","2026-07-25T02:22:19","95d9d88f-a5e9-4a1f-a5e3-d31635a7afc6"
"2026-07-25T21:46:36","1187642216","Rua LO 1","Rua NS 26","Palmas","BR","1","6.98","3","296","115","-10.334811","-48.33699","1785015990822","2026-07-25T21:46:30",
"2026-07-25T21:46:36","1187261926","Av. LO-11","","Palmas","BR","2","5.64","4","217","123","-10.210962","-48.359647","1785015699508","2026-07-25T21:41:39",
"2026-07-25T21:46:36","1334679982","",,"Palmas","BR","1","0","5","23","-1","-10.258348","-48.316227","1784946140276","2026-07-25T02:22:20","151ee59d-9fc8-4482-9e04-b365b1e458b5"
"2026-07-25T21:46:36","1211995990","",,"Palmas","BR","1","0","5","21","-1","-10.258363","-48.316757","1782353685339","2026-06-25T02:14:45","a82a13e5-2525-4021-aa92-7892a48c9f70"
"2026-07-25T21:46:36","1145648740","Orla 14 Av. Orla","Orla 14 Al. 10","Palmas","BR","1","0","5","202","-1","-10.190245","-48.363339","1784991802945","2026-07-25T15:03:22","41404a75-a06e-4398-ae7d-78ed119fb23d"
"2026-07-25T21:46:36","1187736228","","Palmas","Palmas","BR","1","32.89","1","1738","66","-10.104781","-48.33586","1785015992553","2026-07-25T21:46:32",
"2026-07-25T21:46:36","1088566738","",,"Palmas","BR","1","0","5","41","-1","-10.258569","-48.317408","1783562302500","2026-07-09T01:58:22","9740383b-d7ef-4ff2-9da7-1b82984db198"
"2026-07-25T21:46:36","1334648956","",,"Palmas","BR","1","0","5","63","-1","-10.258354","-48.315834","1784946139508","2026-07-25T02:22:19","205a09b3-2e2f-4b45-86aa-4ea82a9ecd25"
"2026-07-25T21:46:36","1877536026","",,"Palmas","BR","1","0","5","23","-1","-10.258348","-48.316227","1784194194365","2026-07-16T09:29:54","67a7d0d3-9d61-4acd-8315-250cecac9790"
"2026-07-25T21:46:36","1334648958","",,"Palmas","BR","1","0","5","36","-1","-10.258352","-48.316498","1784946139509","2026-07-25T02:22:19","f6a9d158-cb4d-43ec-b26e-e2687cf324bf"
"2026-07-25T21:46:36","1693600006","Av. Siqueira Campos","","Palmas","BR","2","0","5","327","-1","-10.294325","-48.33214","1784081881897","2026-07-15T02:18:01","2613c8db-9637-40d4-8e38-c2092c8c0dfc"
"2026-07-25T21:46:36","1334710902","","","Palmas","BR","1","0","5","86","-1","-10.258278","-48.315151","1784946139950","2026-07-25T02:22:19","0584e645-bcd7-4670-a8e4-2c08a6763039"
"2026-07-25T21:46:36","1334653046","",,"Palmas","BR","1","0","5","63","-1","-10.258354","-48.315834","1784946139113","2026-07-25T02:22:19","dc9d4e1f-8670-4b13-9612-de4df2989f38"
"2026-07-25T21:46:36","1187512628","TO-050","Porto Nacional","Porto Nacional","BR","7","71.48","1","12284","197","-10.532199","-48.36754","1785015845294","2026-07-25T21:44:05",
"2026-07-25T22:38:45","1764083300","Av. Siqueira Campos","","Palmas","BR","2","0","5","155","-1","-10.292304","-48.332966","1782872109418","2026-07-01T02:15:09","78af3b54-3dea-4f10-8eb5-5fb4a34eaabb"
"2026-07-25T22:38:45","1334679982","",,"Palmas","BR","1","0","5","23","-1","-10.258348","-48.316227","1784946140276","2026-07-25T02:22:20","151ee59d-9fc8-4482-9e04-b365b1e458b5"
"2026-07-25T22:38:45","1693600118","Av. Siqueira Campos",,"Palmas","BR","2","0","5","155","-1","-10.292304","-48.332966","1784081883010","2026-07-15T02:18:03","af3fc386-180b-4082-a64c-64efe9627b8d"
"2026-07-25T22:38:45","1764089184","",,"Palmas","BR","1","0","5","45","-1","-10.25844","-48.317041","1782872178272","2026-07-01T02:16:18","972e31c2-cd12-4c0a-b3ee-1530d2e74b4f"
"2026-07-25T22:38:45","1334672196","",,"Palmas","BR","1","0","5","21","-1","-10.258363","-48.316757","1784946139276","2026-07-25T02:22:19","d984add8-2949-4ac0-81b5-2aa666f8ed15"
"2026-07-25T22:38:45","1211995990","",,"Palmas","BR","1","0","5","21","-1","-10.258363","-48.316757","1782353685339","2026-06-25T02:14:45","a82a13e5-2525-4021-aa92-7892a48c9f70"
"2026-07-25T22:38:45","1145648740","Orla 14 Av. Orla","Orla 14 Al. 10","Palmas","BR","1","0","5","202","-1","-10.190245","-48.363339","1784991802945","2026-07-25T15:03:22","41404a75-a06e-4398-ae7d-78ed119fb23d"
"2026-07-25T22:38:45","1145726852","Orla 14 Av. Orla","Orla 14 Al. 8","Palmas","BR","1","0","5","204","-1","-10.190127","-48.363185","1784991803821","2026-07-25T15:03:23","5982791a-b7b7-40b9-af18-ed90f5ba3b5d"
"2026-07-25T22:38:45","1088566738","",,"Palmas","BR","1","0","5","41","-1","-10.258569","-48.317408","1783562302500","2026-07-09T01:58:22","9740383b-d7ef-4ff2-9da7-1b82984db198"
"2026-07-25T22:38:45","1334648956","",,"Palmas","BR","1","0","5","63","-1","-10.258354","-48.315834","1784946139508","2026-07-25T02:22:19","205a09b3-2e2f-4b45-86aa-4ea82a9ecd25"
"2026-07-25T22:38:45","1877536026","",,"Palmas","BR","1","0","5","23","-1","-10.258348","-48.316227","1784194194365","2026-07-16T09:29:54","67a7d0d3-9d61-4acd-8315-250cecac9790"
"2026-07-25T22:38:45","1764118132","Av. Siqueira Campos","Desvio","Palmas","BR","2","0","5","327","-1","-10.294325","-48.33214","1782872110314","2026-07-01T02:15:10","2f08bda5-8a61-4942-836a-8f1ec7689705"
"2026-07-25T22:38:45","1334648958","",,"Palmas","BR","1","0","5","36","-1","-10.258352","-48.316498","1784946139509","2026-07-25T02:22:19","f6a9d158-cb4d-43ec-b26e-e2687cf324bf"
"2026-07-25T22:38:45","1191107626","TO-030","Taquarussu do Porto (Palmas)","Palmas","BR","7","41.56","1","3083","114","-10.307261","-48.182116","1785018559249","2026-07-25T22:29:19",
"2026-07-25T22:38:45","1693600006","Av. Siqueira Campos","","Palmas","BR","2","0","5","327","-1","-10.294325","-48.33214","1784081881897","2026-07-15T02:18:01","2613c8db-9637-40d4-8e38-c2092c8c0dfc"
"2026-07-25T22:38:45","642996038","",,"Palmas","BR","1","0","5","36","-1","-10.258352","-48.316498","1784725868930","2026-07-22T13:11:08","341a3583-4137-4e82-bfbb-a67b5e845593"
"2026-07-25T22:38:45","1334710902","","","Palmas","BR","1","0","5","86","-1","-10.258278","-48.315151","1784946139950","2026-07-25T02:22:19","0584e645-bcd7-4670-a8e4-2c08a6763039"
"2026-07-25T22:38:45","733757796","","Av. NS-10","Palmas","BR","1","0","5","70","-1","-10.258317","-48.317258","1784773032602","2026-07-23T02:17:12","3c3cc392-5d12-48d2-a44d-55f1688e96a0"
"2026-07-25T22:38:45","1334641302","",,"Palmas","BR","1","0","5","86","-1","-10.258277","-48.315151","1784946139943","2026-07-25T02:22:19","95d9d88f-a5e9-4a1f-a5e3-d31635a7afc6"
"2026-07-25T22:38:45","1334653046","",,"Palmas","BR","1","0","5","63","-1","-10.258354","-48.315834","1784946139113","2026-07-25T02:22:19","dc9d4e1f-8670-4b13-9612-de4df2989f38"
"2026-07-25T22:38:45","1694226848","",,"Palmas","BR","1","0","5","15","-1","-10.258365","-48.316918","1783904330428","2026-07-13T00:58:50","06d504d6-dac0-4c04-9329-7777206ab7a2"
"2026-07-25T22:38:45","1191613370","Av. NS-15","","Palmas","BR","2","30.95","2","1456","96","-10.149698","-48.337556","1785019003017","2026-07-25T22:36:43",
"2026-07-25T23:38:05","1764083300","Av. Siqueira Campos","","Palmas","BR","2","0","5","155","-1","-10.292304","-48.332966","1782872109418","2026-07-01T02:15:09","78af3b54-3dea-4f10-8eb5-5fb4a34eaabb"
"2026-07-25T23:38:05","1334679982","",,"Palmas","BR","1","0","5","23","-1","-10.258348","-48.316227","1784946140276","2026-07-25T02:22:20","151ee59d-9fc8-4482-9e04-b365b1e458b5"
"2026-07-25T23:38:05","1693600118","Av. Siqueira Campos",,"Palmas","BR","2","0","5","155","-1","-10.292304","-48.332966","1784081883010","2026-07-15T02:18:03","af3fc386-180b-4082-a64c-64efe9627b8d"
"2026-07-25T23:38:05","1764089184","",,"Palmas","BR","1","0","5","45","-1","-10.25844","-48.317041","1782872178272","2026-07-01T02:16:18","972e31c2-cd12-4c0a-b3ee-1530d2e74b4f"
"2026-07-25T23:38:05","1334672196","",,"Palmas","BR","1","0","5","21","-1","-10.258363","-48.316757","1784946139276","2026-07-25T02:22:19","d984add8-2949-4ac0-81b5-2aa666f8ed15"
"2026-07-25T23:38:05","1211995990","",,"Palmas","BR","1","0","5","21","-1","-10.258363","-48.316757","1782353685339","2026-06-25T02:14:45","a82a13e5-2525-4021-aa92-7892a48c9f70"
"2026-07-25T23:38:05","1145648740","Orla 14 Av. Orla","Orla 14 Al. 10","Palmas","BR","1","0","5","202","-1","-10.190245","-48.363339","1784991802945","2026-07-25T15:03:22","41404a75-a06e-4398-ae7d-78ed119fb23d"
"2026-07-25T23:38:05","1145726852","Orla 14 Av. Orla","Orla 14 Al. 8","Palmas","BR","1","0","5","204","-1","-10.190127","-48.363185","1784991803821","2026-07-25T15:03:23","5982791a-b7b7-40b9-af18-ed90f5ba3b5d"
"2026-07-25T23:38:05","1195430606","Av. I","R. 28","Palmas","BR","2","9.8","3","425","114","-10.315258","-48.32197","1785022645189","2026-07-25T23:37:25",
"2026-07-25T23:38:05","1088566738","",,"Palmas","BR","1","0","5","41","-1","-10.258569","-48.317408","1783562302500","2026-07-09T01:58:22","9740383b-d7ef-4ff2-9da7-1b82984db198"
"2026-07-25T23:38:05","1334648956","",,"Palmas","BR","1","0","5","63","-1","-10.258354","-48.315834","1784946139508","2026-07-25T02:22:19","205a09b3-2e2f-4b45-86aa-4ea82a9ecd25"
"2026-07-25T23:38:05","1195144494","ASR-SE 75 Al. 1","","Palmas","BR","2","6.98","3","279","112","-10.22498","-48.3147","1785022284422","2026-07-25T23:31:24",
"2026-07-25T23:38:05","1877536026","",,"Palmas","BR","1","0","5","23","-1","-10.258348","-48.316227","1784194194365","2026-07-16T09:29:54","67a7d0d3-9d61-4acd-8315-250cecac9790"
"2026-07-25T23:38:05","1764118132","Av. Siqueira Campos","Desvio","Palmas","BR","2","0","5","327","-1","-10.294325","-48.33214","1782872110314","2026-07-01T02:15:10","2f08bda5-8a61-4942-836a-8f1ec7689705"
"2026-07-25T23:38:05","1334648958","",,"Palmas","BR","1","0","5","36","-1","-10.258352","-48.316498","1784946139509","2026-07-25T02:22:19","f6a9d158-cb4d-43ec-b26e-e2687cf324bf"
"2026-07-25T23:38:05","1693600006","Av. Siqueira Campos","","Palmas","BR","2","0","5","327","-1","-10.294325","-48.33214","1784081881897","2026-07-15T02:18:01","2613c8db-9637-40d4-8e38-c2092c8c0dfc"
"2026-07-25T23:38:05","642996038","",,"Palmas","BR","1","0","5","36","-1","-10.258352","-48.316498","1784725868930","2026-07-22T13:11:08","341a3583-4137-4e82-bfbb-a67b5e845593"
"2026-07-25T23:38:05","1334710902","","","Palmas","BR","1","0","5","86","-1","-10.258278","-48.315151","1784946139950","2026-07-25T02:22:19","0584e645-bcd7-4670-a8e4-2c08a6763039"
"2026-07-25T23:38:05","733757796","","Av. NS-10","Palmas","BR","1","0","5","70","-1","-10.258317","-48.317258","1784773032602","2026-07-23T02:17:12","3c3cc392-5d12-48d2-a44d-55f1688e96a0"
"2026-07-25T23:38:05","1195356166","ARSO 111 Al. 19",,"Palmas","BR","1","0.57","4","169","1003","-10.252994","-48.337338","1785022500886","2026-07-25T23:35:00",
"2026-07-25T23:38:05","1334641302","",,"Palmas","BR","1","0","5","86","-1","-10.258277","-48.315151","1784946139943","2026-07-25T02:22:19","95d9d88f-a5e9-4a1f-a5e3-d31635a7afc6"
"2026-07-25T23:38:05","1334653046","",,"Palmas","BR","1","0","5","63","-1","-10.258354","-48.315834","1784946139113","2026-07-25T02:22:19","dc9d4e1f-8670-4b13-9612-de4df2989f38"
"2026-07-25T23:38:05","1694226848","",,"Palmas","BR","1","0","5","15","-1","-10.258365","-48.316918","1783904330428","2026-07-13T00:58:50","06d504d6-dac0-4c04-9329-7777206ab7a2"
"2026-07-26T01:11:09","1764083300","Av. Siqueira Campos","","Palmas","BR","2","0","5","155","-1","-10.292304","-48.332966","1782872109418","2026-07-01T02:15:09","78af3b54-3dea-4f10-8eb5-5fb4a34eaabb"
"2026-07-26T01:11:09","1334679982","",,"Palmas","BR","1","0","5","23","-1","-10.258348","-48.316227","1784946140276","2026-07-25T02:22:20","151ee59d-9fc8-4482-9e04-b365b1e458b5"
"2026-07-26T01:11:09","1693600118","Av. Siqueira Campos",,"Palmas","BR","2","0","5","155","-1","-10.292304","-48.332966","1784081883010","2026-07-15T02:18:03","af3fc386-180b-4082-a64c-64efe9627b8d"
"2026-07-26T01:11:09","1764089184","",,"Palmas","BR","1","0","5","45","-1","-10.25844","-48.317041","1782872178272","2026-07-01T02:16:18","972e31c2-cd12-4c0a-b3ee-1530d2e74b4f"
"2026-07-26T01:11:09","1334672196","",,"Palmas","BR","1","0","5","21","-1","-10.258363","-48.316757","1784946139276","2026-07-25T02:22:19","d984add8-2949-4ac0-81b5-2aa666f8ed15"
"2026-07-26T01:11:09","1211995990","",,"Palmas","BR","1","0","5","21","-1","-10.258363","-48.316757","1782353685339","2026-06-25T02:14:45","a82a13e5-2525-4021-aa92-7892a48c9f70"
"2026-07-26T01:11:09","1145648740","Orla 14 Av. Orla","Orla 14 Al. 10","Palmas","BR","1","0","5","202","-1","-10.190245","-48.363339","1784991802945","2026-07-25T15:03:22","41404a75-a06e-4398-ae7d-78ed119fb23d"
"2026-07-26T01:11:09","1199375504","Av. LO-11","ACSU-SE 40 Rua NS B","Palmas","BR","2","5.48","4","183","106","-10.210705","-48.331153","1785027691951","2026-07-26T01:01:31",
"2026-07-26T01:11:09","1145726852","Orla 14 Av. Orla","Orla 14 Al. 8","Palmas","BR","1","0","5","204","-1","-10.190127","-48.363185","1784991803821","2026-07-25T15:03:23","5982791a-b7b7-40b9-af18-ed90f5ba3b5d"
"2026-07-26T01:11:09","1088566738","",,"Palmas","BR","1","0","5","41","-1","-10.258569","-48.317408","1783562302500","2026-07-09T01:58:22","9740383b-d7ef-4ff2-9da7-1b82984db198"
"2026-07-26T01:11:09","1334648956","",,"Palmas","BR","1","0","5","63","-1","-10.258354","-48.315834","1784946139508","2026-07-25T02:22:19","205a09b3-2e2f-4b45-86aa-4ea82a9ecd25"
"2026-07-26T01:11:09","1877536026","",,"Palmas","BR","1","0","5","23","-1","-10.258348","-48.316227","1784194194365","2026-07-16T09:29:54","67a7d0d3-9d61-4acd-8315-250cecac9790"
"2026-07-26T01:11:09","1764118132","Av. Siqueira Campos","Desvio","Palmas","BR","2","0","5","327","-1","-10.294325","-48.33214","1782872110314","2026-07-01T02:15:10","2f08bda5-8a61-4942-836a-8f1ec7689705"
"2026-07-26T01:11:09","1334648958","",,"Palmas","BR","1","0","5","36","-1","-10.258352","-48.316498","1784946139509","2026-07-25T02:22:19","f6a9d158-cb4d-43ec-b26e-e2687cf324bf"
"2026-07-26T01:11:09","1693600006","Av. Siqueira Campos","","Palmas","BR","2","0","5","327","-1","-10.294325","-48.33214","1784081881897","2026-07-15T02:18:01","2613c8db-9637-40d4-8e38-c2092c8c0dfc"
"2026-07-26T01:11:09","642996038","",,"Palmas","BR","1","0","5","36","-1","-10.258352","-48.316498","1784725868930","2026-07-22T13:11:08","341a3583-4137-4e82-bfbb-a67b5e845593"
"2026-07-26T01:11:09","1334710902","","","Palmas","BR","1","0","5","86","-1","-10.258278","-48.315151","1784946139950","2026-07-25T02:22:19","0584e645-bcd7-4670-a8e4-2c08a6763039"
"2026-07-26T01:11:09","733757796","","Av. NS-10","Palmas","BR","1","0","5","70","-1","-10.258317","-48.317258","1784773032602","2026-07-23T02:17:12","3c3cc392-5d12-48d2-a44d-55f1688e96a0"
"2026-07-26T01:11:09","1334641302","",,"Palmas","BR","1","0","5","86","-1","-10.258277","-48.315151","1784946139943","2026-07-25T02:22:19","95d9d88f-a5e9-4a1f-a5e3-d31635a7afc6"
"2026-07-26T01:11:09","1334653046","",,"Palmas","BR","1","0","5","63","-1","-10.258354","-48.315834","1784946139113","2026-07-25T02:22:19","dc9d4e1f-8670-4b13-9612-de4df2989f38"
"2026-07-26T01:11:09","1694226848","",,"Palmas","BR","1","0","5","15","-1","-10.258365","-48.316918","1783904330428","2026-07-13T00:58:50","06d504d6-dac0-4c04-9329-7777206ab7a2"
"2026-07-26T01:11:09","1199439136","Rua MS-6","Av. dos Navegantes","Palmas","BR","1","5.64","3","212","104","-10.335512","-48.283103","1785027763995","2026-07-26T01:02:43",
"2026-07-26T04:37:31","1764083300","Av. Siqueira Campos","","Palmas","BR","2","0","5","155","-1","-10.292304","-48.332966","1782872109418","2026-07-01T02:15:09","78af3b54-3dea-4f10-8eb5-5fb4a34eaabb"
"2026-07-26T04:37:31","1334679982","",,"Palmas","BR","1","0","5","23","-1","-10.258348","-48.316227","1784946140276","2026-07-25T02:22:20","151ee59d-9fc8-4482-9e04-b365b1e458b5"
"2026-07-26T04:37:31","1693600118","Av. Siqueira Campos","","Palmas","BR","2","0","5","155","-1","-10.292304","-48.332966","1784081883010","2026-07-15T02:18:03","af3fc386-180b-4082-a64c-64efe9627b8d"
"2026-07-26T04:37:31","1764089184","",,"Palmas","BR","1","0","5","45","-1","-10.25844","-48.317041","1782872178272","2026-07-01T02:16:18","972e31c2-cd12-4c0a-b3ee-1530d2e74b4f"
"2026-07-26T04:37:31","1334672196","",,"Palmas","BR","1","0","5","21","-1","-10.258363","-48.316757","1784946139276","2026-07-25T02:22:19","d984add8-2949-4ac0-81b5-2aa666f8ed15"
"2026-07-26T04:37:31","1211995990","",,"Palmas","BR","1","0","5","21","-1","-10.258363","-48.316757","1782353685339","2026-06-25T02:14:45","a82a13e5-2525-4021-aa92-7892a48c9f70"
"2026-07-26T04:37:31","1145648740","Orla 14 Av. Orla","Orla 14 Al. 10","Palmas","BR","1","0","5","202","-1","-10.190245","-48.363339","1784991802945","2026-07-25T15:03:22","41404a75-a06e-4398-ae7d-78ed119fb23d"
"2026-07-26T04:37:31","1145726852","Orla 14 Av. Orla","Orla 14 Al. 8","Palmas","BR","1","0","5","204","-1","-10.190127","-48.363185","1784991803821","2026-07-25T15:03:23","5982791a-b7b7-40b9-af18-ed90f5ba3b5d"
"2026-07-26T04:37:31","1088566738","",,"Palmas","BR","1","0","5","41","-1","-10.258569","-48.317408","1783562302500","2026-07-09T01:58:22","9740383b-d7ef-4ff2-9da7-1b82984db198"
"2026-07-26T04:37:31","1334648956","",,"Palmas","BR","1","0","5","63","-1","-10.258354","-48.315834","1784946139508","2026-07-25T02:22:19","205a09b3-2e2f-4b45-86aa-4ea82a9ecd25"
"2026-07-26T04:37:31","1877536026","",,"Palmas","BR","1","0","5","23","-1","-10.258348","-48.316227","1784194194365","2026-07-16T09:29:54","67a7d0d3-9d61-4acd-8315-250cecac9790"
"2026-07-26T04:37:31","1764118132","Av. Siqueira Campos","","Palmas","BR","2","0","5","327","-1","-10.294325","-48.33214","1782872110314","2026-07-01T02:15:10","2f08bda5-8a61-4942-836a-8f1ec7689705"
"2026-07-26T04:37:31","1334648958","",,"Palmas","BR","1","0","5","36","-1","-10.258352","-48.316498","1784946139509","2026-07-25T02:22:19","f6a9d158-cb4d-43ec-b26e-e2687cf324bf"
"2026-07-26T04:37:31","1693600006","Av. Siqueira Campos","","Palmas","BR","2","0","5","327","-1","-10.294325","-48.33214","1784081881897","2026-07-15T02:18:01","2613c8db-9637-40d4-8e38-c2092c8c0dfc"
"2026-07-26T04:37:31","642996038","",,"Palmas","BR","1","0","5","36","-1","-10.258352","-48.316498","1784725868930","2026-07-22T13:11:08","341a3583-4137-4e82-bfbb-a67b5e845593"
"2026-07-26T04:37:31","1334710902","","","Palmas","BR","1","0","5","86","-1","-10.258278","-48.315151","1784946139950","2026-07-25T02:22:19","0584e645-bcd7-4670-a8e4-2c08a6763039"
"2026-07-26T04:37:31","733757796","","Av. NS-10","Palmas","BR","1","0","5","70","-1","-10.258317","-48.317258","1784773032602","2026-07-23T02:17:12","3c3cc392-5d12-48d2-a44d-55f1688e96a0"
"2026-07-26T04:37:31","1334641302","",,"Palmas","BR","1","0","5","86","-1","-10.258277","-48.315151","1784946139943","2026-07-25T02:22:19","95d9d88f-a5e9-4a1f-a5e3-d31635a7afc6"
"2026-07-26T04:37:31","1334653046","",,"Palmas","BR","1","0","5","63","-1","-10.258354","-48.315834","1784946139113","2026-07-25T02:22:19","dc9d4e1f-8670-4b13-9612-de4df2989f38"
"2026-07-26T04:37:31","1694226848","",,"Palmas","BR","1","0","5","15","-1","-10.258365","-48.316918","1783904330428","2026-07-13T00:58:50","06d504d6-dac0-4c04-9329-7777206ab7a2"
"2026-07-26T07:14:55","1764083300","Av. Siqueira Campos","","Palmas","BR","2","0","5","155","-1","-10.292304","-48.332966","1782872109418","2026-07-01T02:15:09","78af3b54-3dea-4f10-8eb5-5fb4a34eaabb"
"2026-07-26T07:14:55","1334679982","",,"Palmas","BR","1","0","5","23","-1","-10.258348","-48.316227","1784946140276","2026-07-25T02:22:20","151ee59d-9fc8-4482-9e04-b365b1e458b5"
"2026-07-26T07:14:55","1693600118","Av. Siqueira Campos","","Palmas","BR","2","0","5","155","-1","-10.292304","-48.332966","1784081883010","2026-07-15T02:18:03","af3fc386-180b-4082-a64c-64efe9627b8d"
"2026-07-26T07:14:55","1764089184","",,"Palmas","BR","1","0","5","45","-1","-10.25844","-48.317041","1782872178272","2026-07-01T02:16:18","972e31c2-cd12-4c0a-b3ee-1530d2e74b4f"
"2026-07-26T07:14:55","1334672196","",,"Palmas","BR","1","0","5","21","-1","-10.258363","-48.316757","1784946139276","2026-07-25T02:22:19","d984add8-2949-4ac0-81b5-2aa666f8ed15"
"2026-07-26T07:14:55","1209358494","Av. LO-19","Av. Siqueira Campos","Palmas","BR","2","4.15","4","175","125","-10.230026","-48.33283","1785050004934","2026-07-26T07:13:24",
"2026-07-26T07:14:55","1211995990","",,"Palmas","BR","1","0","5","21","-1","-10.258363","-48.316757","1782353685339","2026-06-25T02:14:45","a82a13e5-2525-4021-aa92-7892a48c9f70"
"2026-07-26T07:14:55","1145648740","Orla 14 Av. Orla","Orla 14 Al. 10","Palmas","BR","1","0","5","202","-1","-10.190245","-48.363339","1784991802945","2026-07-25T15:03:22","41404a75-a06e-4398-ae7d-78ed119fb23d"
"2026-07-26T07:14:55","1145726852","Orla 14 Av. Orla","Orla 14 Al. 8","Palmas","BR","1","0","5","204","-1","-10.190127","-48.363185","1784991803821","2026-07-25T15:03:23","5982791a-b7b7-40b9-af18-ed90f5ba3b5d"
"2026-07-26T07:14:55","1088566738","",,"Palmas","BR","1","0","5","41","-1","-10.258569","-48.317408","1783562302500","2026-07-09T01:58:22","9740383b-d7ef-4ff2-9da7-1b82984db198"
"2026-07-26T07:14:55","1334648956","",,"Palmas","BR","1","0","5","63","-1","-10.258354","-48.315834","1784946139508","2026-07-25T02:22:19","205a09b3-2e2f-4b45-86aa-4ea82a9ecd25"
"2026-07-26T07:14:55","1877536026","",,"Palmas","BR","1","0","5","23","-1","-10.258348","-48.316227","1784194194365","2026-07-16T09:29:54","67a7d0d3-9d61-4acd-8315-250cecac9790"
"2026-07-26T07:14:55","1764118132","Av. Siqueira Campos","","Palmas","BR","2","0","5","327","-1","-10.294325","-48.33214","1782872110314","2026-07-01T02:15:10","2f08bda5-8a61-4942-836a-8f1ec7689705"
"2026-07-26T07:14:55","1334648958","",,"Palmas","BR","1","0","5","36","-1","-10.258352","-48.316498","1784946139509","2026-07-25T02:22:19","f6a9d158-cb4d-43ec-b26e-e2687cf324bf"
"2026-07-26T07:14:55","1693600006","Av. Siqueira Campos","","Palmas","BR","2","0","5","327","-1","-10.294325","-48.33214","1784081881897","2026-07-15T02:18:01","2613c8db-9637-40d4-8e38-c2092c8c0dfc"
"2026-07-26T07:14:55","642996038","",,"Palmas","BR","1","0","5","36","-1","-10.258352","-48.316498","1784725868930","2026-07-22T13:11:08","341a3583-4137-4e82-bfbb-a67b5e845593"
"2026-07-26T07:14:55","1334710902","","","Palmas","BR","1","0","5","86","-1","-10.258278","-48.315151","1784946139950","2026-07-25T02:22:19","0584e645-bcd7-4670-a8e4-2c08a6763039"
"2026-07-26T07:14:55","733757796","","Av. NS-10","Palmas","BR","1","0","5","70","-1","-10.258317","-48.317258","1784773032602","2026-07-23T02:17:12","3c3cc392-5d12-48d2-a44d-55f1688e96a0"
"2026-07-26T07:14:55","1334641302","",,"Palmas","BR","1","0","5","86","-1","-10.258277","-48.315151","1784946139943","2026-07-25T02:22:19","95d9d88f-a5e9-4a1f-a5e3-d31635a7afc6"
"2026-07-26T07:14:55","1334653046","",,"Palmas","BR","1","0","5","63","-1","-10.258354","-48.315834","1784946139113","2026-07-25T02:22:19","dc9d4e1f-8670-4b13-9612-de4df2989f38"
"2026-07-26T07:14:55","1694226848","",,"Palmas","BR","1","0","5","15","-1","-10.258365","-48.316918","1783904330428","2026-07-13T00:58:50","06d504d6-dac0-4c04-9329-7777206ab7a2"
"2026-07-26T09:23:45","1764083300","Av. Siqueira Campos","","Palmas","BR","2","0","5","155","-1","-10.292304","-48.332966","1782872109418","2026-07-01T02:15:09","78af3b54-3dea-4f10-8eb5-5fb4a34eaabb"
"2026-07-26T09:23:45","1334679982","",,"Palmas","BR","1","0","5","23","-1","-10.258348","-48.316227","1784946140276","2026-07-25T02:22:20","151ee59d-9fc8-4482-9e04-b365b1e458b5"
"2026-07-26T09:23:45","1693600118","Av. Siqueira Campos","","Palmas","BR","2","0","5","155","-1","-10.292304","-48.332966","1784081883010","2026-07-15T02:18:03","af3fc386-180b-4082-a64c-64efe9627b8d"
"2026-07-26T09:23:45","1764089184","",,"Palmas","BR","1","0","5","45","-1","-10.25844","-48.317041","1782872178272","2026-07-01T02:16:18","972e31c2-cd12-4c0a-b3ee-1530d2e74b4f"
"2026-07-26T09:23:45","1334672196","",,"Palmas","BR","1","0","5","21","-1","-10.258363","-48.316757","1784946139276","2026-07-25T02:22:19","d984add8-2949-4ac0-81b5-2aa666f8ed15"
"2026-07-26T09:23:45","1211995990","",,"Palmas","BR","1","0","5","21","-1","-10.258363","-48.316757","1782353685339","2026-06-25T02:14:45","a82a13e5-2525-4021-aa92-7892a48c9f70"
"2026-07-26T09:23:45","1145648740","Orla 14 Av. Orla","Orla 14 Al. 10","Palmas","BR","1","0","5","202","-1","-10.190245","-48.363339","1784991802945","2026-07-25T15:03:22","41404a75-a06e-4398-ae7d-78ed119fb23d"
"2026-07-26T09:23:45","1145726852","Orla 14 Av. Orla","Orla 14 Al. 8","Palmas","BR","1","0","5","204","-1","-10.190127","-48.363185","1784991803821","2026-07-25T15:03:23","5982791a-b7b7-40b9-af18-ed90f5ba3b5d"
"2026-07-26T09:23:45","1088566738","",,"Palmas","BR","1","0","5","41","-1","-10.258569","-48.317408","1783562302500","2026-07-09T01:58:22","9740383b-d7ef-4ff2-9da7-1b82984db198"
"2026-07-26T09:23:45","1334648956","",,"Palmas","BR","1","0","5","63","-1","-10.258354","-48.315834","1784946139508","2026-07-25T02:22:19","205a09b3-2e2f-4b45-86aa-4ea82a9ecd25"
"2026-07-26T09:23:45","1877536026","",,"Palmas","BR","1","0","5","23","-1","-10.258348","-48.316227","1784194194365","2026-07-16T09:29:54","67a7d0d3-9d61-4acd-8315-250cecac9790"
"2026-07-26T09:23:45","1764118132","Av. Siqueira Campos","","Palmas","BR","2","0","5","327","-1","-10.294325","-48.33214","1782872110314","2026-07-01T02:15:10","2f08bda5-8a61-4942-836a-8f1ec7689705"
"2026-07-26T09:23:45","1334648958","",,"Palmas","BR","1","0","5","36","-1","-10.258352","-48.316498","1784946139509","2026-07-25T02:22:19","f6a9d158-cb4d-43ec-b26e-e2687cf324bf"
"2026-07-26T09:23:45","1693600006","Av. Siqueira Campos","","Palmas","BR","2","0","5","327","-1","-10.294325","-48.33214","1784081881897","2026-07-15T02:18:01","2613c8db-9637-40d4-8e38-c2092c8c0dfc"
"2026-07-26T09:23:45","642996038","",,"Palmas","BR","1","0","5","36","-1","-10.258352","-48.316498","1784725868930","2026-07-22T13:11:08","341a3583-4137-4e82-bfbb-a67b5e845593"
"2026-07-26T09:23:45","733757796","","Av. NS-10","Palmas","BR","1","0","5","70","-1","-10.258317","-48.317258","1784773032602","2026-07-23T02:17:12","3c3cc392-5d12-48d2-a44d-55f1688e96a0"
"2026-07-26T09:23:45","1334710902","","","Palmas","BR","1","0","5","86","-1","-10.258278","-48.315151","1784946139950","2026-07-25T02:22:19","0584e645-bcd7-4670-a8e4-2c08a6763039"
"2026-07-26T09:23:45","1694226848","",,"Palmas","BR","1","0","5","15","-1","-10.258365","-48.316918","1783904330428","2026-07-13T00:58:50","06d504d6-dac0-4c04-9329-7777206ab7a2"
"2026-07-26T09:23:45","1334641302","",,"Palmas","BR","1","0","5","86","-1","-10.258277","-48.315151","1784946139943","2026-07-25T02:22:19","95d9d88f-a5e9-4a1f-a5e3-d31635a7afc6"
"2026-07-26T09:23:45","1334653046","",,"Palmas","BR","1","0","5","63","-1","-10.258354","-48.315834","1784946139113","2026-07-25T02:22:19","dc9d4e1f-8670-4b13-9612-de4df2989f38"
"2026-07-26T10:56:13","1215304688","Rua Belo Horizonte",,"Taquarussu do Porto (Palmas)","BR","7","0","5","71","-1","-10.315308","-48.152807","1785058381782","2026-07-26T09:33:01","c948ec71-9b94-4385-b76d-6b5324bb48b6"
"2026-07-26T10:56:13","1215250414","Rua 1",,"Taquarussu do Porto (Palmas)","BR","1","0","5","59","-1","-10.317888","-48.148027","1785058381854","2026-07-26T09:33:01","f3787b3f-9a0d-43f1-a86a-034c0e5b5927"
"2026-07-26T10:56:13","1693600118","Av. Siqueira Campos","","Palmas","BR","2","0","5","155","-1","-10.292304","-48.332966","1784081883010","2026-07-15T02:18:03","af3fc386-180b-4082-a64c-64efe9627b8d"
"2026-07-26T10:56:13","1215250402","Rua 1","Av. 1","Taquarussu do Porto (Palmas)","BR","1","0","5","127","-1","-10.315906","-48.151129","1785058381678","2026-07-26T09:33:01","d548a298-ce6c-4f77-b3c7-5b63905f282b"
"2026-07-26T10:56:13","1215273312","Rua Belo Horizonte",,"Taquarussu do Porto (Palmas)","BR","7","0","5","101","-1","-10.315122","-48.15447","1785058381809","2026-07-26T09:33:01","a4ffbcf0-dad8-4223-a7f0-84b6feb0de98"
"2026-07-26T10:56:13","1215262048","Rua Belo Horizonte",,"Taquarussu do Porto (Palmas)","BR","7","0","5","89","-1","-10.314663","-48.15876","1785058381799","2026-07-26T09:33:01","d57145d7-f8b4-4842-90ae-20483e8c14a5"
"2026-07-26T10:56:13","1215238524","","Rua 1","Taquarussu do Porto (Palmas)","BR","7","0","5","6","-1","-10.3154","-48.151854","1785058381465","2026-07-26T09:33:01","e20f646e-62c6-4c5c-b274-7a08ba7548ca"
"2026-07-26T10:56:13","1215320036","Rua Belo Horizonte","Rua 8","Taquarussu do Porto (Palmas)","BR","7","0","5","173","-1","-10.314888","-48.156467","1785058381789","2026-07-26T09:33:01","f1566fa4-6d88-44c3-aec1-2035f1673ec8"
"2026-07-26T10:56:13","642996038","",,"Palmas","BR","1","0","5","36","-1","-10.258352","-48.316498","1784725868930","2026-07-22T13:11:08","341a3583-4137-4e82-bfbb-a67b5e845593"
"2026-07-26T10:56:13","1215308136","Rua 1",,"Taquarussu do Porto (Palmas)","BR","1","0","5","44","-1","-10.316462","-48.150589","1785058381677","2026-07-26T09:33:01","ae8f4c5f-b41d-422a-ad76-aa950cba7569"
"2026-07-26T10:56:13","1215308138","Rua Belo Horizonte",,"Taquarussu do Porto (Palmas)","BR","7","0","5","173","-1","-10.314888","-48.156467","1785058381812","2026-07-26T09:33:01","d7b6ea24-2c4f-4cd7-8880-fae1e32ea249"
"2026-07-26T10:56:13","1215285364","",,"Taquarussu do Porto (Palmas)","BR","1","0","5","120","-1","-10.323036","-48.140454","1785058381842","2026-07-26T09:33:01","b7de7765-94e1-47df-85eb-e399a3445893"
"2026-07-26T10:56:13","1334641302","",,"Palmas","BR","1","0","5","86","-1","-10.258277","-48.315151","1784946139943","2026-07-25T02:22:19","95d9d88f-a5e9-4a1f-a5e3-d31635a7afc6"
"2026-07-26T10:56:13","1215285362","",,"Taquarussu do Porto (Palmas)","BR","1","0","5","120","-1","-10.323036","-48.140454","1785058381840","2026-07-26T09:33:01","7b72606d-f8a7-4555-8a9c-35f36e34a5ce"
"2026-07-26T10:56:13","1215285360","Rua Belo Horizonte","Rua 4","Taquarussu do Porto (Palmas)","BR","7","0","5","71","-1","-10.315308","-48.152807","1785058381802","2026-07-26T09:33:01","668ea370-1a74-4c13-a614-51ce3feb8f10"
"2026-07-26T10:56:13","1215276878","Rua 1",,"Taquarussu do Porto (Palmas)","BR","1","0","5","140","-1","-10.317527","-48.148858","1785058381671","2026-07-26T09:33:01","dc073f29-85dd-4287-aabb-3a7f1fabfd2a"
"2026-07-26T10:56:13","1215270092","","Taquarussu do Porto (Palmas)","Taquarussu do Porto (Palmas)","BR","1","0","5","300","-1","-10.318493","-48.146627","1785058381904","2026-07-26T09:33:01","b42b1d25-97cb-4e5b-aee9-2db195e84f1b"
"2026-07-26T10:56:13","1215280716","",,"Taquarussu do Porto (Palmas)","BR","1","0","5","167","-1","-10.322002","-48.141271","1785058381978","2026-07-26T09:33:01","57ef2c70-125d-44a9-b878-92279c1b1c56"
"2026-07-26T10:56:13","1334679982","",,"Palmas","BR","1","0","5","23","-1","-10.258348","-48.316227","1784946140276","2026-07-25T02:22:20","151ee59d-9fc8-4482-9e04-b365b1e458b5"
"2026-07-26T10:56:13","1215292742","","Taquarussu do Porto (Palmas)","Taquarussu do Porto (Palmas)","BR","1","0","5","292","-1","-10.319825","-48.14469","1785058381407","2026-07-26T09:33:01","2c0cf383-8fbc-45d3-8fd8-efc0a82cc813"
"2026-07-26T10:56:13","1145648740","Orla 14 Av. Orla","Orla 14 Al. 10","Palmas","BR","1","0","5","202","-1","-10.190245","-48.363339","1784991802945","2026-07-25T15:03:22","41404a75-a06e-4398-ae7d-78ed119fb23d"
"2026-07-26T10:56:13","1215280704","Rua 1","Av. 1","Taquarussu do Porto (Palmas)","BR","1","0","5","35","-1","-10.315436","-48.151691","1785058381894","2026-07-26T09:33:01","ddd51e66-4260-4a1c-af87-c464693f245d"
"2026-07-26T10:56:13","1088566738","",,"Palmas","BR","1","0","5","41","-1","-10.258569","-48.317408","1783562302500","2026-07-09T01:58:22","9740383b-d7ef-4ff2-9da7-1b82984db198"
"2026-07-26T10:56:13","1215273310","Rua Belo Horizonte",,"Taquarussu do Porto (Palmas)","BR","7","0","5","26","-1","-10.315059","-48.155045","1785058381808","2026-07-26T09:33:01","7f98b925-0e2c-4e3f-ae45-99c920fbaa36"
"2026-07-26T10:56:13","1215262046","Rua Belo Horizonte","Rua 23","Taquarussu do Porto (Palmas)","BR","7","0","5","89","-1","-10.314663","-48.15876","1785058381797","2026-07-26T09:33:01","5dbe3b36-b457-4edc-bbd6-bf899fe5b332"
"2026-07-26T10:56:13","1215292766","Rua Belo Horizonte","Rua 4","Taquarussu do Porto (Palmas)","BR","7","0","5","29","-1","-10.315356","-48.152354","1785058381779","2026-07-26T09:33:01","9648f3d2-5a29-4d22-a957-31de9cddb1a7"
"2026-07-26T10:56:13","1215273308","Rua Belo Horizonte",,"Taquarussu do Porto (Palmas)","BR","7","0","5","101","-1","-10.315122","-48.15447","1785058381806","2026-07-26T09:33:01","f7bb6a4a-7aca-4461-8d4e-00ec9d80f8c1"
"2026-07-26T10:56:13","1215331780","Rua Belo Horizonte",,"Taquarussu do Porto (Palmas)","BR","7","0","5","29","-1","-10.315356","-48.152354","1785058381782","2026-07-26T09:33:01","f2057223-2870-45c9-b9ee-6d1af392d401"
"2026-07-26T10:56:13","1215296858","","Taquarussu do Porto (Palmas)","Taquarussu do Porto (Palmas)","BR","1","0","5","202","-1","-10.320721","-48.142389","1785058381484","2026-07-26T09:33:01","e46e4346-82c4-4234-ab13-169e28ad96ec"
"2026-07-26T10:56:13","1215276882","Rua Belo Horizonte",,"Taquarussu do Porto (Palmas)","BR","7","0","5","10","-1","-10.315177","-48.153967","1785058381806","2026-07-26T09:33:01","e54814de-ec1a-41c0-9cb2-a7cbbfac32b8"
"2026-07-26T10:56:13","1215258194","Rua Belo Horizonte",,"Taquarussu do Porto (Palmas)","BR","7","0","5","40","-1","-10.314676","-48.158186","1785058381795","2026-07-26T09:33:01","489518c1-c9f4-4ab8-ba93-88c27441c8e8"
"2026-07-26T10:56:13","1215276880","Rua Belo Horizonte",,"Taquarussu do Porto (Palmas)","BR","7","0","5","10","-1","-10.315177","-48.153967","1785058381804","2026-07-26T09:33:01","24545cec-6c6a-4852-b229-8f4efa44e489"
"2026-07-26T10:56:13","1764083300","Av. Siqueira Campos","","Palmas","BR","2","0","5","155","-1","-10.292304","-48.332966","1782872109418","2026-07-01T02:15:09","78af3b54-3dea-4f10-8eb5-5fb4a34eaabb"
"2026-07-26T10:56:13","1215300532","Rua 1","","Taquarussu do Porto (Palmas)","BR","1","0","5","59","-1","-10.317888","-48.148027","1785058381999","2026-07-26T09:33:01","dd094af8-5bb1-4ccd-89c6-0386b3f8ec0f"
"2026-07-26T10:56:13","1764089184","",,"Palmas","BR","1","0","5","45","-1","-10.25844","-48.317041","1782872178272","2026-07-01T02:16:18","972e31c2-cd12-4c0a-b3ee-1530d2e74b4f"
"2026-07-26T10:56:13","1215254184","Rua Belo Horizonte",,"Taquarussu do Porto (Palmas)","BR","7","0","5","87","-1","-10.315226","-48.153524","1785058381804","2026-07-26T09:33:01","ebf1d846-ccd1-4516-a7ac-4fcfdffc4c22"
"2026-07-26T10:56:13","1215254182","Rua Belo Horizonte",,"Taquarussu do Porto (Palmas)","BR","7","0","5","87","-1","-10.315226","-48.153524","1785058381802","2026-07-26T09:33:01","5ed0a70d-7749-4942-a972-ddcc0e727ef2"
"2026-07-26T10:56:13","1334672196","",,"Palmas","BR","1","0","5","21","-1","-10.258363","-48.316757","1784946139276","2026-07-25T02:22:19","d984add8-2949-4ac0-81b5-2aa666f8ed15"
"2026-07-26T10:56:13","1221725208","Av. LO-19",,"Palmas","BR","2","12.56","3","527","113","-10.230236","-48.340146","1785062929021","2026-07-26T10:48:49",
"2026-07-26T10:56:13","1215246244","","","Taquarussu do Porto (Palmas)","BR","1","0","5","167","-1","-10.322002","-48.141271","1785058382062","2026-07-26T09:33:02","3518d3ca-6246-4597-a514-2c8c885f4a40"
"2026-07-26T10:56:13","1145726852","Orla 14 Av. Orla","Orla 14 Al. 8","Palmas","BR","1","0","5","204","-1","-10.190127","-48.363185","1784991803821","2026-07-25T15:03:23","5982791a-b7b7-40b9-af18-ed90f5ba3b5d"
"2026-07-26T10:56:13","1215346750","Rua Belo Horizonte",,"Taquarussu do Porto (Palmas)","BR","7","0","5","40","-1","-10.314676","-48.158186","1785058381796","2026-07-26T09:33:01","90cb2341-968f-41fc-86cd-8106634cd88a"
"2026-07-26T10:56:13","1215246240","","Taquarussu do Porto (Palmas)","Taquarussu do Porto (Palmas)","BR","1","0","5","300","-1","-10.318493","-48.146627","1785058382061","2026-07-26T09:33:02","6157fe10-db87-4194-872d-649e7f4e801e"
"2026-07-26T10:56:13","1215270078","Rua 1",,"Taquarussu do Porto (Palmas)","BR","1","0","5","127","-1","-10.315906","-48.151129","1785058381682","2026-07-26T09:33:01","ec55e365-2391-40af-826e-11a4fadfcb0f"
"2026-07-26T10:56:13","1764118132","Av. Siqueira Campos","","Palmas","BR","2","0","5","327","-1","-10.294325","-48.33214","1782872110314","2026-07-01T02:15:10","2f08bda5-8a61-4942-836a-8f1ec7689705"
"2026-07-26T10:56:13","1215270076","Rua 1",,"Taquarussu do Porto (Palmas)","BR","1","0","5","44","-1","-10.316462","-48.150589","1785058381682","2026-07-26T09:33:01","a889e8f4-81e7-44f9-9de2-be65da08d5cc"
"2026-07-26T10:56:13","1215280698","Rua Belo Horizonte",,"Taquarussu do Porto (Palmas)","BR","7","0","5","57","-1","-10.315016","-48.155424","1785058381812","2026-07-26T09:33:01","b1007ff1-fa5b-4ea1-855b-6fed7ca55c9d"
"2026-07-26T10:56:13","1215300518","","Taquarussu do Porto (Palmas)","Taquarussu do Porto (Palmas)","BR","1","0","5","292","-1","-10.319825","-48.14469","1785058381656","2026-07-26T09:33:01","ac0c74cd-87b9-4086-91fc-00249cf5a52e"
"2026-07-26T10:56:13","1215280696","Rua Belo Horizonte","Rua 8","Taquarussu do Porto (Palmas)","BR","7","0","5","57","-1","-10.315016","-48.155424","1785058381811","2026-07-26T09:33:01","57c6ac60-7e30-4ae4-971b-4f5df46f241e"
"2026-07-26T10:56:13","733757796","","Av. NS-10","Palmas","BR","1","0","5","70","-1","-10.258317","-48.317258","1784773032602","2026-07-23T02:17:12","3c3cc392-5d12-48d2-a44d-55f1688e96a0"
"2026-07-26T10:56:13","1694226848","",,"Palmas","BR","1","0","5","15","-1","-10.258365","-48.316918","1783904330428","2026-07-13T00:58:50","06d504d6-dac0-4c04-9329-7777206ab7a2"
"2026-07-26T10:56:13","1215328018","Rua 1",,"Taquarussu do Porto (Palmas)","BR","1","0","5","134","-1","-10.316829","-48.150004","1785058381675","2026-07-26T09:33:01","76a3d06b-a296-471c-99ec-6fb4cdbcc2b2"
"2026-07-26T10:56:13","1215328020","Rua 1","Av. São Geraldo","Taquarussu do Porto (Palmas)","BR","1","0","5","140","-1","-10.317527","-48.148858","1785058381676","2026-07-26T09:33:01","3109819a-461e-41a5-b39a-93d16d72dc52"
"2026-07-26T10:56:13","1215328022","Rua 1",,"Taquarussu do Porto (Palmas)","BR","1","0","5","134","-1","-10.316829","-48.150004","1785058381677","2026-07-26T09:33:01","03e05de4-8be1-49dd-9d6c-7242fe116540"
"2026-07-26T10:56:13","1215328024","Rua Belo Horizonte",,"Taquarussu do Porto (Palmas)","BR","7","0","5","26","-1","-10.315059","-48.155045","1785058381810","2026-07-26T09:33:01","2ba0548a-5c6b-4257-b7c5-b06b9e32477a"
"2026-07-26T10:56:13","1211995990","",,"Palmas","BR","1","0","5","21","-1","-10.258363","-48.316757","1782353685339","2026-06-25T02:14:45","a82a13e5-2525-4021-aa92-7892a48c9f70"
"2026-07-26T10:56:13","1334648956","",,"Palmas","BR","1","0","5","63","-1","-10.258354","-48.315834","1784946139508","2026-07-25T02:22:19","205a09b3-2e2f-4b45-86aa-4ea82a9ecd25"
"2026-07-26T10:56:13","1877536026","",,"Palmas","BR","1","0","5","23","-1","-10.258348","-48.316227","1784194194365","2026-07-16T09:29:54","67a7d0d3-9d61-4acd-8315-250cecac9790"
"2026-07-26T10:56:13","1334648958","",,"Palmas","BR","1","0","5","36","-1","-10.258352","-48.316498","1784946139509","2026-07-25T02:22:19","f6a9d158-cb4d-43ec-b26e-e2687cf324bf"
"2026-07-26T10:56:13","1693600006","Av. Siqueira Campos","","Palmas","BR","2","0","5","327","-1","-10.294325","-48.33214","1784081881897","2026-07-15T02:18:01","2613c8db-9637-40d4-8e38-c2092c8c0dfc"
"2026-07-26T10:56:13","1215238552","Rua Belo Horizonte","","Taquarussu do Porto (Palmas)","BR","7","0","5","37","-1","-10.315383","-48.152054","1785058382049","2026-07-26T09:33:02","4cd8936e-d2d8-43db-8ed9-cec36385c569"
"2026-07-26T10:56:13","1215289112","Rua Belo Horizonte",,"Taquarussu do Porto (Palmas)","BR","7","0","5","82","-1","-10.314748","-48.157622","1785058381795","2026-07-26T09:33:01","0befcf1e-c765-4666-862e-6fbb7379ce89"
"2026-07-26T10:56:13","1334710902","","","Palmas","BR","1","0","5","86","-1","-10.258278","-48.315151","1784946139950","2026-07-25T02:22:19","0584e645-bcd7-4670-a8e4-2c08a6763039"
"2026-07-26T10:56:13","1215289110","Rua Belo Horizonte",,"Taquarussu do Porto (Palmas)","BR","7","0","5","82","-1","-10.314748","-48.157622","1785058381793","2026-07-26T09:33:01","f8e2b137-ac61-47a0-9595-86645fcf6d4b"
"2026-07-26T10:56:13","1334653046","",,"Palmas","BR","1","0","5","63","-1","-10.258354","-48.315834","1784946139113","2026-07-25T02:22:19","dc9d4e1f-8670-4b13-9612-de4df2989f38"
"2026-07-26T10:56:13","1215300494","","Taquarussu do Porto (Palmas)","Taquarussu do Porto (Palmas)","BR","1","0","5","202","-1","-10.320721","-48.142389","1785058381412","2026-07-26T09:33:01","126eb34d-912e-4e9e-a7bb-6a98b7f51f66"
"2026-07-26T11:53:53","1215304688","Rua Belo Horizonte",,"Taquarussu do Porto (Palmas)","BR","7","0","5","71","-1","-10.315308","-48.152807","1785058381782","2026-07-26T09:33:01","c948ec71-9b94-4385-b76d-6b5324bb48b6"
"2026-07-26T11:53:53","1215250414","Rua 1",,"Taquarussu do Porto (Palmas)","BR","1","0","5","59","-1","-10.317888","-48.148027","1785058381854","2026-07-26T09:33:01","f3787b3f-9a0d-43f1-a86a-034c0e5b5927"
"2026-07-26T11:53:53","1693600118","Av. Siqueira Campos","","Palmas","BR","2","0","5","155","-1","-10.292304","-48.332966","1784081883010","2026-07-15T02:18:03","af3fc386-180b-4082-a64c-64efe9627b8d"
"2026-07-26T11:53:53","1215250402","Rua 1","Av. 1","Taquarussu do Porto (Palmas)","BR","1","0","5","127","-1","-10.315906","-48.151129","1785058381678","2026-07-26T09:33:01","d548a298-ce6c-4f77-b3c7-5b63905f282b"
"2026-07-26T11:53:53","1215273312","Rua Belo Horizonte",,"Taquarussu do Porto (Palmas)","BR","7","0","5","101","-1","-10.315122","-48.15447","1785058381809","2026-07-26T09:33:01","a4ffbcf0-dad8-4223-a7f0-84b6feb0de98"
"2026-07-26T11:53:53","1215262048","Rua Belo Horizonte",,"Taquarussu do Porto (Palmas)","BR","7","0","5","89","-1","-10.314663","-48.15876","1785058381799","2026-07-26T09:33:01","d57145d7-f8b4-4842-90ae-20483e8c14a5"
"2026-07-26T11:53:53","1215238524","","Rua 1","Taquarussu do Porto (Palmas)","BR","7","0","5","6","-1","-10.3154","-48.151854","1785058381465","2026-07-26T09:33:01","e20f646e-62c6-4c5c-b274-7a08ba7548ca"
"2026-07-26T11:53:53","1215320036","Rua Belo Horizonte","Rua 8","Taquarussu do Porto (Palmas)","BR","7","0","5","173","-1","-10.314888","-48.156467","1785058381789","2026-07-26T09:33:01","f1566fa4-6d88-44c3-aec1-2035f1673ec8"
"2026-07-26T11:53:53","642996038","",,"Palmas","BR","1","0","5","36","-1","-10.258352","-48.316498","1784725868930","2026-07-22T13:11:08","341a3583-4137-4e82-bfbb-a67b5e845593"
"2026-07-26T11:53:53","1215308136","Rua 1",,"Taquarussu do Porto (Palmas)","BR","1","0","5","44","-1","-10.316462","-48.150589","1785058381677","2026-07-26T09:33:01","ae8f4c5f-b41d-422a-ad76-aa950cba7569"
"2026-07-26T11:53:53","1215308138","Rua Belo Horizonte","Rua 15B","Taquarussu do Porto (Palmas)","BR","7","0","5","173","-1","-10.314888","-48.156467","1785058381812","2026-07-26T09:33:01","d7b6ea24-2c4f-4cd7-8880-fae1e32ea249"
"2026-07-26T11:53:53","1215285364","",,"Taquarussu do Porto (Palmas)","BR","1","0","5","120","-1","-10.323036","-48.140454","1785058381842","2026-07-26T09:33:01","b7de7765-94e1-47df-85eb-e399a3445893"
"2026-07-26T11:53:53","1334641302","",,"Palmas","BR","1","0","5","86","-1","-10.258277","-48.315151","1784946139943","2026-07-25T02:22:19","95d9d88f-a5e9-4a1f-a5e3-d31635a7afc6"
"2026-07-26T11:53:53","1215285362","",,"Taquarussu do Porto (Palmas)","BR","1","0","5","120","-1","-10.323036","-48.140454","1785058381840","2026-07-26T09:33:01","7b72606d-f8a7-4555-8a9c-35f36e34a5ce"
"2026-07-26T11:53:53","1215285360","Rua Belo Horizonte","Rua 4","Taquarussu do Porto (Palmas)","BR","7","0","5","71","-1","-10.315308","-48.152807","1785058381802","2026-07-26T09:33:01","668ea370-1a74-4c13-a614-51ce3feb8f10"
"2026-07-26T11:53:53","1215276878","Rua 1",,"Taquarussu do Porto (Palmas)","BR","1","0","5","140","-1","-10.317527","-48.148858","1785058381671","2026-07-26T09:33:01","dc073f29-85dd-4287-aabb-3a7f1fabfd2a"
"2026-07-26T11:53:53","1215270092","","Taquarussu do Porto (Palmas)","Taquarussu do Porto (Palmas)","BR","1","0","5","300","-1","-10.318493","-48.146627","1785058381904","2026-07-26T09:33:01","b42b1d25-97cb-4e5b-aee9-2db195e84f1b"
"2026-07-26T11:53:53","1215280716","",,"Taquarussu do Porto (Palmas)","BR","1","0","5","167","-1","-10.322002","-48.141271","1785058381978","2026-07-26T09:33:01","57ef2c70-125d-44a9-b878-92279c1b1c56"
"2026-07-26T11:53:53","1334679982","",,"Palmas","BR","1","0","5","23","-1","-10.258348","-48.316227","1784946140276","2026-07-25T02:22:20","151ee59d-9fc8-4482-9e04-b365b1e458b5"
"2026-07-26T11:53:53","1215292742","","Taquarussu do Porto (Palmas)","Taquarussu do Porto (Palmas)","BR","1","0","5","292","-1","-10.319825","-48.14469","1785058381407","2026-07-26T09:33:01","2c0cf383-8fbc-45d3-8fd8-efc0a82cc813"
"2026-07-26T11:53:53","1145648740","Orla 14 Av. Orla","Orla 14 Al. 10","Palmas","BR","1","0","5","202","-1","-10.190245","-48.363339","1784991802945","2026-07-25T15:03:22","41404a75-a06e-4398-ae7d-78ed119fb23d"
"2026-07-26T11:53:53","1215280704","Rua 1","Av. 1","Taquarussu do Porto (Palmas)","BR","1","0","5","35","-1","-10.315436","-48.151691","1785058381894","2026-07-26T09:33:01","ddd51e66-4260-4a1c-af87-c464693f245d"
"2026-07-26T11:53:53","1088566738","",,"Palmas","BR","1","0","5","41","-1","-10.258569","-48.317408","1783562302500","2026-07-09T01:58:22","9740383b-d7ef-4ff2-9da7-1b82984db198"
"2026-07-26T11:53:53","1215273310","Rua Belo Horizonte",,"Taquarussu do Porto (Palmas)","BR","7","0","5","26","-1","-10.315059","-48.155045","1785058381808","2026-07-26T09:33:01","7f98b925-0e2c-4e3f-ae45-99c920fbaa36"
"2026-07-26T11:53:53","1215262046","Rua Belo Horizonte","Rua 23","Taquarussu do Porto (Palmas)","BR","7","0","5","89","-1","-10.314663","-48.15876","1785058381797","2026-07-26T09:33:01","5dbe3b36-b457-4edc-bbd6-bf899fe5b332"
"2026-07-26T11:53:53","1215292766","Rua Belo Horizonte","Rua 4","Taquarussu do Porto (Palmas)","BR","7","0","5","29","-1","-10.315356","-48.152354","1785058381779","2026-07-26T09:33:01","9648f3d2-5a29-4d22-a957-31de9cddb1a7"
"2026-07-26T11:53:53","1215273308","Rua Belo Horizonte",,"Taquarussu do Porto (Palmas)","BR","7","0","5","101","-1","-10.315122","-48.15447","1785058381806","2026-07-26T09:33:01","f7bb6a4a-7aca-4461-8d4e-00ec9d80f8c1"
"2026-07-26T11:53:53","1215331780","Rua Belo Horizonte",,"Taquarussu do Porto (Palmas)","BR","7","0","5","29","-1","-10.315356","-48.152354","1785058381782","2026-07-26T09:33:01","f2057223-2870-45c9-b9ee-6d1af392d401"
"2026-07-26T11:53:53","1215296858","","Taquarussu do Porto (Palmas)","Taquarussu do Porto (Palmas)","BR","1","0","5","202","-1","-10.320721","-48.142389","1785058381484","2026-07-26T09:33:01","e46e4346-82c4-4234-ab13-169e28ad96ec"
"2026-07-26T11:53:53","1227604498","Perimetral 2","R. T-4","Palmas","BR","2","6.41","4","270","133","-10.333117","-48.29837","1785066750540","2026-07-26T11:52:30",
"2026-07-26T11:53:53","1215258194","Rua Belo Horizonte",,"Taquarussu do Porto (Palmas)","BR","7","0","5","40","-1","-10.314676","-48.158186","1785058381795","2026-07-26T09:33:01","489518c1-c9f4-4ab8-ba93-88c27441c8e8"
"2026-07-26T11:53:53","1215276882","Rua Belo Horizonte",,"Taquarussu do Porto (Palmas)","BR","7","0","5","10","-1","-10.315177","-48.153967","1785058381806","2026-07-26T09:33:01","e54814de-ec1a-41c0-9cb2-a7cbbfac32b8"
"2026-07-26T11:53:53","1215276880","Rua Belo Horizonte",,"Taquarussu do Porto (Palmas)","BR","7","0","5","10","-1","-10.315177","-48.153967","1785058381804","2026-07-26T09:33:01","24545cec-6c6a-4852-b229-8f4efa44e489"
"2026-07-26T11:53:53","1764083300","Av. Siqueira Campos","","Palmas","BR","2","0","5","155","-1","-10.292304","-48.332966","1782872109418","2026-07-01T02:15:09","78af3b54-3dea-4f10-8eb5-5fb4a34eaabb"
"2026-07-26T11:53:53","1215300532","Rua 1","","Taquarussu do Porto (Palmas)","BR","1","0","5","59","-1","-10.317888","-48.148027","1785058381999","2026-07-26T09:33:01","dd094af8-5bb1-4ccd-89c6-0386b3f8ec0f"
"2026-07-26T11:53:53","1764089184","",,"Palmas","BR","1","0","5","45","-1","-10.25844","-48.317041","1782872178272","2026-07-01T02:16:18","972e31c2-cd12-4c0a-b3ee-1530d2e74b4f"
"2026-07-26T11:53:53","1215254184","Rua Belo Horizonte",,"Taquarussu do Porto (Palmas)","BR","7","0","5","87","-1","-10.315226","-48.153524","1785058381804","2026-07-26T09:33:01","ebf1d846-ccd1-4516-a7ac-4fcfdffc4c22"
"2026-07-26T11:53:53","1215254182","Rua Belo Horizonte",,"Taquarussu do Porto (Palmas)","BR","7","0","5","87","-1","-10.315226","-48.153524","1785058381802","2026-07-26T09:33:01","5ed0a70d-7749-4942-a972-ddcc0e727ef2"
"2026-07-26T11:53:53","1334672196","",,"Palmas","BR","1","0","5","21","-1","-10.258363","-48.316757","1784946139276","2026-07-25T02:22:19","d984add8-2949-4ac0-81b5-2aa666f8ed15"
"2026-07-26T11:53:53","1215246244","","","Taquarussu do Porto (Palmas)","BR","1","0","5","167","-1","-10.322002","-48.141271","1785058382062","2026-07-26T09:33:02","3518d3ca-6246-4597-a514-2c8c885f4a40"
"2026-07-26T11:53:53","1145726852","Orla 14 Av. Orla","Orla 14 Al. 8","Palmas","BR","1","0","5","204","-1","-10.190127","-48.363185","1784991803821","2026-07-25T15:03:23","5982791a-b7b7-40b9-af18-ed90f5ba3b5d"
"2026-07-26T11:53:53","1215346750","Rua Belo Horizonte",,"Taquarussu do Porto (Palmas)","BR","7","0","5","40","-1","-10.314676","-48.158186","1785058381796","2026-07-26T09:33:01","90cb2341-968f-41fc-86cd-8106634cd88a"
"2026-07-26T11:53:53","1215246240","","Taquarussu do Porto (Palmas)","Taquarussu do Porto (Palmas)","BR","1","0","5","300","-1","-10.318493","-48.146627","1785058382061","2026-07-26T09:33:02","6157fe10-db87-4194-872d-649e7f4e801e"
"2026-07-26T11:53:53","1215270078","Rua 1",,"Taquarussu do Porto (Palmas)","BR","1","0","5","127","-1","-10.315906","-48.151129","1785058381682","2026-07-26T09:33:01","ec55e365-2391-40af-826e-11a4fadfcb0f"
"2026-07-26T11:53:53","1764118132","Av. Siqueira Campos","","Palmas","BR","2","0","5","327","-1","-10.294325","-48.33214","1782872110314","2026-07-01T02:15:10","2f08bda5-8a61-4942-836a-8f1ec7689705"
"2026-07-26T11:53:53","1215270076","Rua 1",,"Taquarussu do Porto (Palmas)","BR","1","0","5","44","-1","-10.316462","-48.150589","1785058381682","2026-07-26T09:33:01","a889e8f4-81e7-44f9-9de2-be65da08d5cc"
"2026-07-26T11:53:53","1215280698","Rua Belo Horizonte",,"Taquarussu do Porto (Palmas)","BR","7","0","5","57","-1","-10.315016","-48.155424","1785058381812","2026-07-26T09:33:01","b1007ff1-fa5b-4ea1-855b-6fed7ca55c9d"
"2026-07-26T11:53:53","1215300518","","Taquarussu do Porto (Palmas)","Taquarussu do Porto (Palmas)","BR","1","0","5","292","-1","-10.319825","-48.14469","1785058381656","2026-07-26T09:33:01","ac0c74cd-87b9-4086-91fc-00249cf5a52e"
"2026-07-26T11:53:53","1215280696","Rua Belo Horizonte","Rua 8","Taquarussu do Porto (Palmas)","BR","7","0","5","57","-1","-10.315016","-48.155424","1785058381811","2026-07-26T09:33:01","57c6ac60-7e30-4ae4-971b-4f5df46f241e"
"2026-07-26T11:53:53","733757796","","Av. NS-10","Palmas","BR","1","0","5","70","-1","-10.258317","-48.317258","1784773032602","2026-07-23T02:17:12","3c3cc392-5d12-48d2-a44d-55f1688e96a0"
"2026-07-26T11:53:53","1694226848","",,"Palmas","BR","1","0","5","15","-1","-10.258365","-48.316918","1783904330428","2026-07-13T00:58:50","06d504d6-dac0-4c04-9329-7777206ab7a2"
"2026-07-26T11:53:53","1227088382","Av. J","","Palmas","BR","2","14.85","2","524","75","-10.309065","-48.320255","1785066413088","2026-07-26T11:46:53",
"2026-07-26T11:53:53","1215328018","Rua 1",,"Taquarussu do Porto (Palmas)","BR","1","0","5","134","-1","-10.316829","-48.150004","1785058381675","2026-07-26T09:33:01","76a3d06b-a296-471c-99ec-6fb4cdbcc2b2"
"2026-07-26T11:53:53","1215328020","Rua 1","Av. São Geraldo","Taquarussu do Porto (Palmas)","BR","1","0","5","140","-1","-10.317527","-48.148858","1785058381676","2026-07-26T09:33:01","3109819a-461e-41a5-b39a-93d16d72dc52"
"2026-07-26T11:53:53","1215328022","Rua 1",,"Taquarussu do Porto (Palmas)","BR","1","0","5","134","-1","-10.316829","-48.150004","1785058381677","2026-07-26T09:33:01","03e05de4-8be1-49dd-9d6c-7242fe116540"
"2026-07-26T11:53:53","1215328024","Rua Belo Horizonte",,"Taquarussu do Porto (Palmas)","BR","7","0","5","26","-1","-10.315059","-48.155045","1785058381810","2026-07-26T09:33:01","2ba0548a-5c6b-4257-b7c5-b06b9e32477a"
"2026-07-26T11:53:53","1211995990","",,"Palmas","BR","1","0","5","21","-1","-10.258363","-48.316757","1782353685339","2026-06-25T02:14:45","a82a13e5-2525-4021-aa92-7892a48c9f70"
"2026-07-26T11:53:53","1334648956","",,"Palmas","BR","1","0","5","63","-1","-10.258354","-48.315834","1784946139508","2026-07-25T02:22:19","205a09b3-2e2f-4b45-86aa-4ea82a9ecd25"
"2026-07-26T11:53:53","1877536026","",,"Palmas","BR","1","0","5","23","-1","-10.258348","-48.316227","1784194194365","2026-07-16T09:29:54","67a7d0d3-9d61-4acd-8315-250cecac9790"
"2026-07-26T11:53:53","1334648958","",,"Palmas","BR","1","0","5","36","-1","-10.258352","-48.316498","1784946139509","2026-07-25T02:22:19","f6a9d158-cb4d-43ec-b26e-e2687cf324bf"
"2026-07-26T11:53:53","1693600006","Av. Siqueira Campos","","Palmas","BR","2","0","5","327","-1","-10.294325","-48.33214","1784081881897","2026-07-15T02:18:01","2613c8db-9637-40d4-8e38-c2092c8c0dfc"
"2026-07-26T11:53:53","1215238552","Rua Belo Horizonte","","Taquarussu do Porto (Palmas)","BR","7","0","5","37","-1","-10.315383","-48.152054","1785058382049","2026-07-26T09:33:02","4cd8936e-d2d8-43db-8ed9-cec36385c569"
"2026-07-26T11:53:53","1215289112","Rua Belo Horizonte","Rua 15B","Taquarussu do Porto (Palmas)","BR","7","0","5","82","-1","-10.314748","-48.157622","1785058381795","2026-07-26T09:33:01","0befcf1e-c765-4666-862e-6fbb7379ce89"
"2026-07-26T11:53:53","1334710902","","","Palmas","BR","1","0","5","86","-1","-10.258278","-48.315151","1784946139950","2026-07-25T02:22:19","0584e645-bcd7-4670-a8e4-2c08a6763039"
"2026-07-26T11:53:53","1215289110","Rua Belo Horizonte",,"Taquarussu do Porto (Palmas)","BR","7","0","5","82","-1","-10.314748","-48.157622","1785058381793","2026-07-26T09:33:01","f8e2b137-ac61-47a0-9595-86645fcf6d4b"
"2026-07-26T11:53:53","1334653046","",,"Palmas","BR","1","0","5","63","-1","-10.258354","-48.315834","1784946139113","2026-07-25T02:22:19","dc9d4e1f-8670-4b13-9612-de4df2989f38"
"2026-07-26T11:53:53","1215300494","","Taquarussu do Porto (Palmas)","Taquarussu do Porto (Palmas)","BR","1","0","5","202","-1","-10.320721","-48.142389","1785058381412","2026-07-26T09:33:01","126eb34d-912e-4e9e-a7bb-6a98b7f51f66"
"2026-07-26T12:47:23","1764083300","Av. Siqueira Campos","","Palmas","BR","2","0","5","155","-1","-10.292304","-48.332966","1782872109418","2026-07-01T02:15:09","78af3b54-3dea-4f10-8eb5-5fb4a34eaabb"
"2026-07-26T12:47:23","1334679982","",,"Palmas","BR","1","0","5","23","-1","-10.258348","-48.316227","1784946140276","2026-07-25T02:22:20","151ee59d-9fc8-4482-9e04-b365b1e458b5"
"2026-07-26T12:47:23","1693600118","Av. Siqueira Campos","","Palmas","BR","2","0","5","155","-1","-10.292304","-48.332966","1784081883010","2026-07-15T02:18:03","af3fc386-180b-4082-a64c-64efe9627b8d"
"2026-07-26T12:47:23","1764089184","",,"Palmas","BR","1","0","5","45","-1","-10.25844","-48.317041","1782872178272","2026-07-01T02:16:18","972e31c2-cd12-4c0a-b3ee-1530d2e74b4f"
"2026-07-26T12:47:23","1231705538","Av. NS-4","","Palmas","BR","2","8.35","3","292","103","-10.231838","-48.324273","1785069348861","2026-07-26T12:35:48",
"2026-07-26T12:47:23","1334672196","",,"Palmas","BR","1","0","5","21","-1","-10.258363","-48.316757","1784946139276","2026-07-25T02:22:19","d984add8-2949-4ac0-81b5-2aa666f8ed15"
"2026-07-26T12:47:23","1211995990","",,"Palmas","BR","1","0","5","21","-1","-10.258363","-48.316757","1782353685339","2026-06-25T02:14:45","a82a13e5-2525-4021-aa92-7892a48c9f70"
"2026-07-26T12:47:23","1145648740","Orla 14 Av. Orla","Orla 14 Al. 10","Palmas","BR","1","0","5","202","-1","-10.190245","-48.363339","1784991802945","2026-07-25T15:03:22","41404a75-a06e-4398-ae7d-78ed119fb23d"
"2026-07-26T12:47:23","1145726852","Orla 14 Av. Orla","Orla 14 Al. 8","Palmas","BR","1","0","5","204","-1","-10.190127","-48.363185","1784991803821","2026-07-25T15:03:23","5982791a-b7b7-40b9-af18-ed90f5ba3b5d"
"2026-07-26T12:47:23","1088566738","",,"Palmas","BR","1","0","5","41","-1","-10.258569","-48.317408","1783562302500","2026-07-09T01:58:22","9740383b-d7ef-4ff2-9da7-1b82984db198"
"2026-07-26T12:47:23","1232674728","Av. E","R. 29","Palmas","BR","2","6.21","3","218","102","-10.320264","-48.317622","1785069967674","2026-07-26T12:46:07",
"2026-07-26T12:47:23","1334648956","",,"Palmas","BR","1","0","5","63","-1","-10.258354","-48.315834","1784946139508","2026-07-25T02:22:19","205a09b3-2e2f-4b45-86aa-4ea82a9ecd25"
"2026-07-26T12:47:23","1877536026","",,"Palmas","BR","1","0","5","23","-1","-10.258348","-48.316227","1784194194365","2026-07-16T09:29:54","67a7d0d3-9d61-4acd-8315-250cecac9790"
"2026-07-26T12:47:23","1764118132","Av. Siqueira Campos","","Palmas","BR","2","0","5","327","-1","-10.294325","-48.33214","1782872110314","2026-07-01T02:15:10","2f08bda5-8a61-4942-836a-8f1ec7689705"
"2026-07-26T12:47:23","1334648958","",,"Palmas","BR","1","0","5","36","-1","-10.258352","-48.316498","1784946139509","2026-07-25T02:22:19","f6a9d158-cb4d-43ec-b26e-e2687cf324bf"
"2026-07-26T12:47:23","1693600006","Av. Siqueira Campos","","Palmas","BR","2","0","5","327","-1","-10.294325","-48.33214","1784081881897","2026-07-15T02:18:01","2613c8db-9637-40d4-8e38-c2092c8c0dfc"
"2026-07-26T12:47:23","1232323398","R. 5","Av. do Comércio","Palmas","BR","1","5.36","2","222","93","-10.296864","-48.310241","1785069692899","2026-07-26T12:41:32",
"2026-07-26T12:47:23","642996038","",,"Palmas","BR","1","0","5","36","-1","-10.258352","-48.316498","1784725868930","2026-07-22T13:11:08","341a3583-4137-4e82-bfbb-a67b5e845593"
"2026-07-26T12:47:23","1334710902","","","Palmas","BR","1","0","5","86","-1","-10.258278","-48.315151","1784946139950","2026-07-25T02:22:19","0584e645-bcd7-4670-a8e4-2c08a6763039"
"2026-07-26T12:47:23","733757796","","Av. NS-10","Palmas","BR","1","0","5","70","-1","-10.258317","-48.317258","1784773032602","2026-07-23T02:17:12","3c3cc392-5d12-48d2-a44d-55f1688e96a0"
"2026-07-26T12:47:23","1334641302","",,"Palmas","BR","1","0","5","86","-1","-10.258277","-48.315151","1784946139943","2026-07-25T02:22:19","95d9d88f-a5e9-4a1f-a5e3-d31635a7afc6"
"2026-07-26T12:47:23","1334653046","",,"Palmas","BR","1","0","5","63","-1","-10.258354","-48.315834","1784946139113","2026-07-25T02:22:19","dc9d4e1f-8670-4b13-9612-de4df2989f38"
"2026-07-26T12:47:23","1694226848","",,"Palmas","BR","1","0","5","15","-1","-10.258365","-48.316918","1783904330428","2026-07-13T00:58:50","06d504d6-dac0-4c04-9329-7777206ab7a2"
"2026-07-26T12:47:23","1232799078","BR-010","","Palmas","BR","6","38.13","1","2492","84","-10.347791","-48.300407","1785069968189","2026-07-26T12:46:08",
"2026-07-26T14:17:28","1241735170","Av. D",,"Palmas","BR","2","7.17","3","309","120","-10.310536","-48.32414","1785075099029","2026-07-26T14:11:39",
"2026-07-26T14:17:28","1764083300","Av. Siqueira Campos","","Palmas","BR","2","0","5","155","-1","-10.292304","-48.332966","1782872109418","2026-07-01T02:15:09","78af3b54-3dea-4f10-8eb5-5fb4a34eaabb"
"2026-07-26T14:17:28","1242212872","ARSE 33 Al. 10","ARSE 33 Al. 3","Palmas","BR","1","11.91","2","410","74","-10.201038","-48.315993","1785075384723","2026-07-26T14:16:24",
"2026-07-26T14:17:28","1334679982","",,"Palmas","BR","1","0","5","23","-1","-10.258348","-48.316227","1784946140276","2026-07-25T02:22:20","151ee59d-9fc8-4482-9e04-b365b1e458b5"
"2026-07-26T14:17:28","1693600118","Av. Siqueira Campos","","Palmas","BR","2","0","5","155","-1","-10.292304","-48.332966","1784081883010","2026-07-15T02:18:03","af3fc386-180b-4082-a64c-64efe9627b8d"
"2026-07-26T14:17:28","1764089184","",,"Palmas","BR","1","0","5","45","-1","-10.25844","-48.317041","1782872178272","2026-07-01T02:16:18","972e31c2-cd12-4c0a-b3ee-1530d2e74b4f"
"2026-07-26T14:17:28","1241894306","TO-080","Luzimangues (Porto Nacional)","Palmas","BR","7","48.02","1","6618","172","-10.185693","-48.423778","1785075241596","2026-07-26T14:14:01",
"2026-07-26T14:17:28","1334672196","",,"Palmas","BR","1","0","5","21","-1","-10.258363","-48.316757","1784946139276","2026-07-25T02:22:19","d984add8-2949-4ac0-81b5-2aa666f8ed15"
"2026-07-26T14:17:28","1211995990","",,"Palmas","BR","1","0","5","21","-1","-10.258363","-48.316757","1782353685339","2026-06-25T02:14:45","a82a13e5-2525-4021-aa92-7892a48c9f70"
"2026-07-26T14:17:28","1145648740","Orla 14 Av. Orla","Orla 14 Al. 10","Palmas","BR","1","0","5","202","-1","-10.190245","-48.363339","1784991802945","2026-07-25T15:03:22","41404a75-a06e-4398-ae7d-78ed119fb23d"
"2026-07-26T14:17:28","1145726852","Orla 14 Av. Orla","Orla 14 Al. 8","Palmas","BR","1","0","5","204","-1","-10.190127","-48.363185","1784991803821","2026-07-25T15:03:23","5982791a-b7b7-40b9-af18-ed90f5ba3b5d"
"2026-07-26T14:17:28","1088566738","",,"Palmas","BR","1","0","5","41","-1","-10.258569","-48.317408","1783562302500","2026-07-09T01:58:22","9740383b-d7ef-4ff2-9da7-1b82984db198"
"2026-07-26T14:17:28","1334648956","",,"Palmas","BR","1","0","5","63","-1","-10.258354","-48.315834","1784946139508","2026-07-25T02:22:19","205a09b3-2e2f-4b45-86aa-4ea82a9ecd25"
"2026-07-26T14:17:28","1764118132","Av. Siqueira Campos","","Palmas","BR","2","0","5","327","-1","-10.294325","-48.33214","1782872110314","2026-07-01T02:15:10","2f08bda5-8a61-4942-836a-8f1ec7689705"
"2026-07-26T14:17:28","1877536026","",,"Palmas","BR","1","0","5","23","-1","-10.258348","-48.316227","1784194194365","2026-07-16T09:29:54","67a7d0d3-9d61-4acd-8315-250cecac9790"
"2026-07-26T14:17:28","1334648958","",,"Palmas","BR","1","0","5","36","-1","-10.258352","-48.316498","1784946139509","2026-07-25T02:22:19","f6a9d158-cb4d-43ec-b26e-e2687cf324bf"
"2026-07-26T14:17:28","1693600006","Av. Siqueira Campos","","Palmas","BR","2","0","5","327","-1","-10.294325","-48.33214","1784081881897","2026-07-15T02:18:01","2613c8db-9637-40d4-8e38-c2092c8c0dfc"
"2026-07-26T14:17:28","642996038","",,"Palmas","BR","1","0","5","36","-1","-10.258352","-48.316498","1784725868930","2026-07-22T13:11:08","341a3583-4137-4e82-bfbb-a67b5e845593"
"2026-07-26T14:17:28","1334710902","","","Palmas","BR","1","0","5","86","-1","-10.258278","-48.315151","1784946139950","2026-07-25T02:22:19","0584e645-bcd7-4670-a8e4-2c08a6763039"
"2026-07-26T14:17:28","733757796","","Av. NS-10","Palmas","BR","1","0","5","70","-1","-10.258317","-48.317258","1784773032602","2026-07-23T02:17:12","3c3cc392-5d12-48d2-a44d-55f1688e96a0"
"2026-07-26T14:17:28","1694226848","",,"Palmas","BR","1","0","5","15","-1","-10.258365","-48.316918","1783904330428","2026-07-13T00:58:50","06d504d6-dac0-4c04-9329-7777206ab7a2"
"2026-07-26T14:17:28","1334653046","",,"Palmas","BR","1","0","5","63","-1","-10.258354","-48.315834","1784946139113","2026-07-25T02:22:19","dc9d4e1f-8670-4b13-9612-de4df2989f38"
"2026-07-26T14:17:28","1334641302","",,"Palmas","BR","1","0","5","86","-1","-10.258277","-48.315151","1784946139943","2026-07-25T02:22:19","95d9d88f-a5e9-4a1f-a5e3-d31635a7afc6"
"2026-07-26T15:31:06","1249819902","",,"Palmas","BR","1","16.47","1","692","64","-10.310326","-48.273287","1785079343817","2026-07-26T15:22:23",
"2026-07-26T15:31:06","1764083300","Av. Siqueira Campos","","Palmas","BR","2","0","5","155","-1","-10.292304","-48.332966","1782872109418","2026-07-01T02:15:09","78af3b54-3dea-4f10-8eb5-5fb4a34eaabb"
"2026-07-26T15:31:06","1250543818","Av. NS-5","Av. NS-7","Palmas","BR","1","18.54","1","728","88","-10.188944","-48.346108","1785079706437","2026-07-26T15:28:26",
"2026-07-26T15:31:06","1334679982","",,"Palmas","BR","1","0","5","23","-1","-10.258348","-48.316227","1784946140276","2026-07-25T02:22:20","151ee59d-9fc8-4482-9e04-b365b1e458b5"
"2026-07-26T15:31:06","1693600118","Av. Siqueira Campos","","Palmas","BR","2","0","5","155","-1","-10.292304","-48.332966","1784081883010","2026-07-15T02:18:03","af3fc386-180b-4082-a64c-64efe9627b8d"
"2026-07-26T15:31:06","1764089184","",,"Palmas","BR","1","0","5","45","-1","-10.25844","-48.317041","1782872178272","2026-07-01T02:16:18","972e31c2-cd12-4c0a-b3ee-1530d2e74b4f"
"2026-07-26T15:31:06","1334672196","",,"Palmas","BR","1","0","5","21","-1","-10.258363","-48.316757","1784946139276","2026-07-25T02:22:19","d984add8-2949-4ac0-81b5-2aa666f8ed15"
"2026-07-26T15:31:06","1211995990","",,"Palmas","BR","1","0","5","21","-1","-10.258363","-48.316757","1782353685339","2026-06-25T02:14:45","a82a13e5-2525-4021-aa92-7892a48c9f70"
"2026-07-26T15:31:06","1145648740","Orla 14 Av. Orla","Orla 14 Al. 10","Palmas","BR","1","0","5","202","-1","-10.190245","-48.363339","1784991802945","2026-07-25T15:03:22","41404a75-a06e-4398-ae7d-78ed119fb23d"
"2026-07-26T15:31:06","1145726852","Orla 14 Av. Orla","Orla 14 Al. 8","Palmas","BR","1","0","5","204","-1","-10.190127","-48.363185","1784991803821","2026-07-25T15:03:23","5982791a-b7b7-40b9-af18-ed90f5ba3b5d"
"2026-07-26T15:31:06","1088566738","",,"Palmas","BR","1","0","5","41","-1","-10.258569","-48.317408","1783562302500","2026-07-09T01:58:22","9740383b-d7ef-4ff2-9da7-1b82984db198"
"2026-07-26T15:31:06","1334648956","",,"Palmas","BR","1","0","5","63","-1","-10.258354","-48.315834","1784946139508","2026-07-25T02:22:19","205a09b3-2e2f-4b45-86aa-4ea82a9ecd25"
"2026-07-26T15:31:06","1877536026","",,"Palmas","BR","1","0","5","23","-1","-10.258348","-48.316227","1784194194365","2026-07-16T09:29:54","67a7d0d3-9d61-4acd-8315-250cecac9790"
"2026-07-26T15:31:06","1764118132","Av. Siqueira Campos","","Palmas","BR","2","0","5","327","-1","-10.294325","-48.33214","1782872110314","2026-07-01T02:15:10","2f08bda5-8a61-4942-836a-8f1ec7689705"
"2026-07-26T15:31:06","1334648958","",,"Palmas","BR","1","0","5","36","-1","-10.258352","-48.316498","1784946139509","2026-07-25T02:22:19","f6a9d158-cb4d-43ec-b26e-e2687cf324bf"
"2026-07-26T15:31:06","1693600006","Av. Siqueira Campos","","Palmas","BR","2","0","5","327","-1","-10.294325","-48.33214","1784081881897","2026-07-15T02:18:01","2613c8db-9637-40d4-8e38-c2092c8c0dfc"
"2026-07-26T15:31:06","642996038","",,"Palmas","BR","1","0","5","36","-1","-10.258352","-48.316498","1784725868930","2026-07-22T13:11:08","341a3583-4137-4e82-bfbb-a67b5e845593"
"2026-07-26T15:31:06","1334710902","","","Palmas","BR","1","0","5","86","-1","-10.258278","-48.315151","1784946139950","2026-07-25T02:22:19","0584e645-bcd7-4670-a8e4-2c08a6763039"
"2026-07-26T15:31:06","733757796","","Av. NS-10","Palmas","BR","1","0","5","70","-1","-10.258317","-48.317258","1784773032602","2026-07-23T02:17:12","3c3cc392-5d12-48d2-a44d-55f1688e96a0"
"2026-07-26T15:31:06","1334641302","",,"Palmas","BR","1","0","5","86","-1","-10.258277","-48.315151","1784946139943","2026-07-25T02:22:19","95d9d88f-a5e9-4a1f-a5e3-d31635a7afc6"
"2026-07-26T15:31:06","1334653046","",,"Palmas","BR","1","0","5","63","-1","-10.258354","-48.315834","1784946139113","2026-07-25T02:22:19","dc9d4e1f-8670-4b13-9612-de4df2989f38"
"2026-07-26T15:31:06","1694226848","",,"Palmas","BR","1","0","5","15","-1","-10.258365","-48.316918","1783904330428","2026-07-13T00:58:50","06d504d6-dac0-4c04-9329-7777206ab7a2"
"2026-07-26T16:30:17","1764083300","Av. Siqueira Campos","","Palmas","BR","2","0","5","155","-1","-10.292304","-48.332966","1782872109418","2026-07-01T02:15:09","78af3b54-3dea-4f10-8eb5-5fb4a34eaabb"
"2026-07-26T16:30:17","1334679982","",,"Palmas","BR","1","0","5","23","-1","-10.258348","-48.316227","1784946140276","2026-07-25T02:22:20","151ee59d-9fc8-4482-9e04-b365b1e458b5"
"2026-07-26T16:30:17","1693600118","Av. Siqueira Campos","","Palmas","BR","2","0","5","155","-1","-10.292304","-48.332966","1784081883010","2026-07-15T02:18:03","af3fc386-180b-4082-a64c-64efe9627b8d"
"2026-07-26T16:30:17","1764089184","",,"Palmas","BR","1","0","5","45","-1","-10.25844","-48.317041","1782872178272","2026-07-01T02:16:18","972e31c2-cd12-4c0a-b3ee-1530d2e74b4f"
"2026-07-26T16:30:17","1334672196","",,"Palmas","BR","1","0","5","21","-1","-10.258363","-48.316757","1784946139276","2026-07-25T02:22:19","d984add8-2949-4ac0-81b5-2aa666f8ed15"
"2026-07-26T16:30:17","1211995990","",,"Palmas","BR","1","0","5","21","-1","-10.258363","-48.316757","1782353685339","2026-06-25T02:14:45","a82a13e5-2525-4021-aa92-7892a48c9f70"
"2026-07-26T16:30:17","1145648740","Orla 14 Av. Orla","Orla 14 Al. 10","Palmas","BR","1","0","5","202","-1","-10.190245","-48.363339","1784991802945","2026-07-25T15:03:22","41404a75-a06e-4398-ae7d-78ed119fb23d"
"2026-07-26T16:30:17","1145726852","Orla 14 Av. Orla","Orla 14 Al. 8","Palmas","BR","1","0","5","204","-1","-10.190127","-48.363185","1784991803821","2026-07-25T15:03:23","5982791a-b7b7-40b9-af18-ed90f5ba3b5d"
"2026-07-26T16:30:17","1257120064","R. 26","Av. L","Palmas","BR","1","5.32","2","225","95","-10.30388","-48.321345","1785082881791","2026-07-26T16:21:21",
"2026-07-26T16:30:17","1088566738","",,"Palmas","BR","1","0","5","41","-1","-10.258569","-48.317408","1783562302500","2026-07-09T01:58:22","9740383b-d7ef-4ff2-9da7-1b82984db198"
"2026-07-26T16:30:17","1334648956","",,"Palmas","BR","1","0","5","63","-1","-10.258354","-48.315834","1784946139508","2026-07-25T02:22:19","205a09b3-2e2f-4b45-86aa-4ea82a9ecd25"
"2026-07-26T16:30:17","1877536026","",,"Palmas","BR","1","0","5","23","-1","-10.258348","-48.316227","1784194194365","2026-07-16T09:29:54","67a7d0d3-9d61-4acd-8315-250cecac9790"
"2026-07-26T16:30:17","1764118132","Av. Siqueira Campos","","Palmas","BR","2","0","5","327","-1","-10.294325","-48.33214","1782872110314","2026-07-01T02:15:10","2f08bda5-8a61-4942-836a-8f1ec7689705"
"2026-07-26T16:30:17","1334648958","",,"Palmas","BR","1","0","5","36","-1","-10.258352","-48.316498","1784946139509","2026-07-25T02:22:19","f6a9d158-cb4d-43ec-b26e-e2687cf324bf"
"2026-07-26T16:30:17","1693600006","Av. Siqueira Campos","","Palmas","BR","2","0","5","327","-1","-10.294325","-48.33214","1784081881897","2026-07-15T02:18:01","2613c8db-9637-40d4-8e38-c2092c8c0dfc"
"2026-07-26T16:30:17","642996038","",,"Palmas","BR","1","0","5","36","-1","-10.258352","-48.316498","1784725868930","2026-07-22T13:11:08","341a3583-4137-4e82-bfbb-a67b5e845593"
"2026-07-26T16:30:17","1258142986","Av. NS-5","ARSO 22 Al. 13","Palmas","BR","1","11.01","2","728","256","-10.186826","-48.348366","1785083385067","2026-07-26T16:29:45",
"2026-07-26T16:30:17","1334710902","","","Palmas","BR","1","0","5","86","-1","-10.258278","-48.315151","1784946139950","2026-07-25T02:22:19","0584e645-bcd7-4670-a8e4-2c08a6763039"
"2026-07-26T16:30:17","733757796","","Av. NS-10","Palmas","BR","1","0","5","70","-1","-10.258317","-48.317258","1784773032602","2026-07-23T02:17:12","3c3cc392-5d12-48d2-a44d-55f1688e96a0"
"2026-07-26T16:30:17","1257275850","Av. TLO-1","Av. Siqueira Campos","Palmas","BR","2","21.16","2","1408","91","-10.334035","-48.332274","1785082952545","2026-07-26T16:22:32",
"2026-07-26T16:30:17","1334641302","",,"Palmas","BR","1","0","5","86","-1","-10.258277","-48.315151","1784946139943","2026-07-25T02:22:19","95d9d88f-a5e9-4a1f-a5e3-d31635a7afc6"
"2026-07-26T16:30:17","1334653046","",,"Palmas","BR","1","0","5","63","-1","-10.258354","-48.315834","1784946139113","2026-07-25T02:22:19","dc9d4e1f-8670-4b13-9612-de4df2989f38"
"2026-07-26T16:30:17","1694226848","",,"Palmas","BR","1","0","5","15","-1","-10.258365","-48.316918","1783904330428","2026-07-13T00:58:50","06d504d6-dac0-4c04-9329-7777206ab7a2"
"2026-07-26T17:32:25","1764083300","Av. Siqueira Campos","","Palmas","BR","2","0","5","155","-1","-10.292304","-48.332966","1782872109418","2026-07-01T02:15:09","78af3b54-3dea-4f10-8eb5-5fb4a34eaabb"
"2026-07-26T17:32:25","1334679982","",,"Palmas","BR","1","0","5","23","-1","-10.258348","-48.316227","1784946140276","2026-07-25T02:22:20","151ee59d-9fc8-4482-9e04-b365b1e458b5"
"2026-07-26T17:32:25","1693600118","Av. Siqueira Campos","","Palmas","BR","2","0","5","155","-1","-10.292304","-48.332966","1784081883010","2026-07-15T02:18:03","af3fc386-180b-4082-a64c-64efe9627b8d"
"2026-07-26T17:32:25","1764089184","",,"Palmas","BR","1","0","5","45","-1","-10.25844","-48.317041","1782872178272","2026-07-01T02:16:18","972e31c2-cd12-4c0a-b3ee-1530d2e74b4f"
"2026-07-26T17:32:25","1334672196","",,"Palmas","BR","1","0","5","21","-1","-10.258363","-48.316757","1784946139276","2026-07-25T02:22:19","d984add8-2949-4ac0-81b5-2aa666f8ed15"
"2026-07-26T17:32:25","1211995990","",,"Palmas","BR","1","0","5","21","-1","-10.258363","-48.316757","1782353685339","2026-06-25T02:14:45","a82a13e5-2525-4021-aa92-7892a48c9f70"
"2026-07-26T17:32:25","1145648740","Orla 14 Av. Orla","Orla 14 Al. 10","Palmas","BR","1","0","5","202","-1","-10.190245","-48.363339","1784991802945","2026-07-25T15:03:22","41404a75-a06e-4398-ae7d-78ed119fb23d"
"2026-07-26T17:32:25","1145726852","Orla 14 Av. Orla","Orla 14 Al. 8","Palmas","BR","1","0","5","204","-1","-10.190127","-48.363185","1784991803821","2026-07-25T15:03:23","5982791a-b7b7-40b9-af18-ed90f5ba3b5d"
"2026-07-26T17:32:25","1088566738","",,"Palmas","BR","1","0","5","41","-1","-10.258569","-48.317408","1783562302500","2026-07-09T01:58:22","9740383b-d7ef-4ff2-9da7-1b82984db198"
"2026-07-26T17:32:25","1334648956","",,"Palmas","BR","1","0","5","63","-1","-10.258354","-48.315834","1784946139508","2026-07-25T02:22:19","205a09b3-2e2f-4b45-86aa-4ea82a9ecd25"
"2026-07-26T17:32:25","1764118132","Av. Siqueira Campos","","Palmas","BR","2","0","5","327","-1","-10.294325","-48.33214","1782872110314","2026-07-01T02:15:10","2f08bda5-8a61-4942-836a-8f1ec7689705"
"2026-07-26T17:32:25","1877536026","",,"Palmas","BR","1","0","5","23","-1","-10.258348","-48.316227","1784194194365","2026-07-16T09:29:54","67a7d0d3-9d61-4acd-8315-250cecac9790"
"2026-07-26T17:32:25","1334648958","",,"Palmas","BR","1","0","5","36","-1","-10.258352","-48.316498","1784946139509","2026-07-25T02:22:19","f6a9d158-cb4d-43ec-b26e-e2687cf324bf"
"2026-07-26T17:32:25","1693600006","Av. Siqueira Campos","","Palmas","BR","2","0","5","327","-1","-10.294325","-48.33214","1784081881897","2026-07-15T02:18:01","2613c8db-9637-40d4-8e38-c2092c8c0dfc"
"2026-07-26T17:32:25","642996038","",,"Palmas","BR","1","0","5","36","-1","-10.258352","-48.316498","1784725868930","2026-07-22T13:11:08","341a3583-4137-4e82-bfbb-a67b5e845593"
"2026-07-26T17:32:25","1334710902","","","Palmas","BR","1","0","5","86","-1","-10.258278","-48.315151","1784946139950","2026-07-25T02:22:19","0584e645-bcd7-4670-a8e4-2c08a6763039"
"2026-07-26T17:32:25","733757796","","Av. NS-10","Palmas","BR","1","0","5","70","-1","-10.258317","-48.317258","1784773032602","2026-07-23T02:17:12","3c3cc392-5d12-48d2-a44d-55f1688e96a0"
"2026-07-26T17:32:25","1334641302","",,"Palmas","BR","1","0","5","86","-1","-10.258277","-48.315151","1784946139943","2026-07-25T02:22:19","95d9d88f-a5e9-4a1f-a5e3-d31635a7afc6"
"2026-07-26T17:32:25","1694226848","",,"Palmas","BR","1","0","5","15","-1","-10.258365","-48.316918","1783904330428","2026-07-13T00:58:50","06d504d6-dac0-4c04-9329-7777206ab7a2"
"2026-07-26T17:32:25","1334653046","",,"Palmas","BR","1","0","5","63","-1","-10.258354","-48.315834","1784946139113","2026-07-25T02:22:19","dc9d4e1f-8670-4b13-9612-de4df2989f38"
"2026-07-26T18:33:56","1764083300","Av. Siqueira Campos","","Palmas","BR","2","0","5","155","-1","-10.292304","-48.332966","1782872109418","2026-07-01T02:15:09","78af3b54-3dea-4f10-8eb5-5fb4a34eaabb"
"2026-07-26T18:33:56","1334679982","",,"Palmas","BR","1","0","5","23","-1","-10.258348","-48.316227","1784946140276","2026-07-25T02:22:20","151ee59d-9fc8-4482-9e04-b365b1e458b5"
"2026-07-26T18:33:56","1693600118","Av. Siqueira Campos","","Palmas","BR","2","0","5","155","-1","-10.292304","-48.332966","1784081883010","2026-07-15T02:18:03","af3fc386-180b-4082-a64c-64efe9627b8d"
"2026-07-26T18:33:56","1764089184","",,"Palmas","BR","1","0","5","45","-1","-10.25844","-48.317041","1782872178272","2026-07-01T02:16:18","972e31c2-cd12-4c0a-b3ee-1530d2e74b4f"
"2026-07-26T18:33:56","1269704264","TO-080","Palmas","Luzimangues (Porto Nacional)","BR","7","18.59","3","3309","464","-10.185774","-48.429526","1785090173597","2026-07-26T18:22:53",
"2026-07-26T18:33:56","1334672196","",,"Palmas","BR","1","0","5","21","-1","-10.258363","-48.316757","1784946139276","2026-07-25T02:22:19","d984add8-2949-4ac0-81b5-2aa666f8ed15"
"2026-07-26T18:33:56","1211995990","",,"Palmas","BR","1","0","5","21","-1","-10.258363","-48.316757","1782353685339","2026-06-25T02:14:45","a82a13e5-2525-4021-aa92-7892a48c9f70"
"2026-07-26T18:33:56","1145648740","Orla 14 Av. Orla","Orla 14 Al. 10","Palmas","BR","1","0","5","202","-1","-10.190245","-48.363339","1784991802945","2026-07-25T15:03:22","41404a75-a06e-4398-ae7d-78ed119fb23d"
"2026-07-26T18:33:56","1145726852","Orla 14 Av. Orla","Orla 14 Al. 8","Palmas","BR","1","0","5","204","-1","-10.190127","-48.363185","1784991803821","2026-07-25T15:03:23","5982791a-b7b7-40b9-af18-ed90f5ba3b5d"
"2026-07-26T18:33:56","1088566738","",,"Palmas","BR","1","0","5","41","-1","-10.258569","-48.317408","1783562302500","2026-07-09T01:58:22","9740383b-d7ef-4ff2-9da7-1b82984db198"
"2026-07-26T18:33:56","1334648956","",,"Palmas","BR","1","0","5","63","-1","-10.258354","-48.315834","1784946139508","2026-07-25T02:22:19","205a09b3-2e2f-4b45-86aa-4ea82a9ecd25"
"2026-07-26T18:33:56","1270258564","TO-010","Av. NS 15","Palmas","BR","7","59.9","1","4544","96","-10.134502","-48.304652","1785090600103","2026-07-26T18:30:00",
"2026-07-26T18:33:56","1877536026","",,"Palmas","BR","1","0","5","23","-1","-10.258348","-48.316227","1784194194365","2026-07-16T09:29:54","67a7d0d3-9d61-4acd-8315-250cecac9790"
"2026-07-26T18:33:56","1764118132","Av. Siqueira Campos","","Palmas","BR","2","0","5","327","-1","-10.294325","-48.33214","1782872110314","2026-07-01T02:15:10","2f08bda5-8a61-4942-836a-8f1ec7689705"
"2026-07-26T18:33:56","1334648958","",,"Palmas","BR","1","0","5","36","-1","-10.258352","-48.316498","1784946139509","2026-07-25T02:22:19","f6a9d158-cb4d-43ec-b26e-e2687cf324bf"
"2026-07-26T18:33:56","1693600006","Av. Siqueira Campos","","Palmas","BR","2","0","5","327","-1","-10.294325","-48.33214","1784081881897","2026-07-15T02:18:01","2613c8db-9637-40d4-8e38-c2092c8c0dfc"
"2026-07-26T18:33:56","642996038","",,"Palmas","BR","1","0","5","36","-1","-10.258352","-48.316498","1784725868930","2026-07-22T13:11:08","341a3583-4137-4e82-bfbb-a67b5e845593"
"2026-07-26T18:33:56","1269867014","TO-010","Palmas","Palmas","BR","7","59.09","1","5432","121","-10.091127","-48.314606","1785090243490","2026-07-26T18:24:03",
"2026-07-26T18:33:56","1334710902","","","Palmas","BR","1","0","5","86","-1","-10.258278","-48.315151","1784946139950","2026-07-25T02:22:19","0584e645-bcd7-4670-a8e4-2c08a6763039"
"2026-07-26T18:33:56","733757796","","Av. NS-10","Palmas","BR","1","0","5","70","-1","-10.258317","-48.317258","1784773032602","2026-07-23T02:17:12","3c3cc392-5d12-48d2-a44d-55f1688e96a0"
"2026-07-26T18:33:56","1334641302","",,"Palmas","BR","1","0","5","86","-1","-10.258277","-48.315151","1784946139943","2026-07-25T02:22:19","95d9d88f-a5e9-4a1f-a5e3-d31635a7afc6"
"2026-07-26T18:33:56","1334653046","",,"Palmas","BR","1","0","5","63","-1","-10.258354","-48.315834","1784946139113","2026-07-25T02:22:19","dc9d4e1f-8670-4b13-9612-de4df2989f38"
"2026-07-26T18:33:56","1694226848","",,"Palmas","BR","1","0","5","15","-1","-10.258365","-48.316918","1783904330428","2026-07-13T00:58:50","06d504d6-dac0-4c04-9329-7777206ab7a2"
"2026-07-26T19:45:42","1764083300","Av. Siqueira Campos","","Palmas","BR","2","0","5","155","-1","-10.292304","-48.332966","1782872109418","2026-07-01T02:15:09","78af3b54-3dea-4f10-8eb5-5fb4a34eaabb"
"2026-07-26T19:45:42","1334679982","",,"Palmas","BR","1","0","5","23","-1","-10.258348","-48.316227","1784946140276","2026-07-25T02:22:20","151ee59d-9fc8-4482-9e04-b365b1e458b5"
"2026-07-26T19:45:42","1275088484","TO-010","","Palmas","BR","7","17.78","3","1134","184","-10.117649","-48.308368","1785094041612","2026-07-26T19:27:21",
"2026-07-26T19:45:42","1693600118","Av. Siqueira Campos","","Palmas","BR","2","0","5","155","-1","-10.292304","-48.332966","1784081883010","2026-07-15T02:18:03","af3fc386-180b-4082-a64c-64efe9627b8d"
"2026-07-26T19:45:42","1764089184","",,"Palmas","BR","1","0","5","45","-1","-10.25844","-48.317041","1782872178272","2026-07-01T02:16:18","972e31c2-cd12-4c0a-b3ee-1530d2e74b4f"
"2026-07-26T19:45:42","1334672196","",,"Palmas","BR","1","0","5","21","-1","-10.258363","-48.316757","1784946139276","2026-07-25T02:22:19","d984add8-2949-4ac0-81b5-2aa666f8ed15"
"2026-07-26T19:45:42","1211995990","",,"Palmas","BR","1","0","5","21","-1","-10.258363","-48.316757","1782353685339","2026-06-25T02:14:45","a82a13e5-2525-4021-aa92-7892a48c9f70"
"2026-07-26T19:45:42","1145648740","Orla 14 Av. Orla","Orla 14 Al. 10","Palmas","BR","1","0","5","202","-1","-10.190245","-48.363339","1784991802945","2026-07-25T15:03:22","41404a75-a06e-4398-ae7d-78ed119fb23d"
"2026-07-26T19:45:42","1145726852","Orla 14 Av. Orla","Orla 14 Al. 8","Palmas","BR","1","0","5","204","-1","-10.190127","-48.363185","1784991803821","2026-07-25T15:03:23","5982791a-b7b7-40b9-af18-ed90f5ba3b5d"
"2026-07-26T19:45:42","1088566738","",,"Palmas","BR","1","0","5","41","-1","-10.258569","-48.317408","1783562302500","2026-07-09T01:58:22","9740383b-d7ef-4ff2-9da7-1b82984db198"
"2026-07-26T19:45:42","1275502134","TO-050",,"Palmas","BR","7","39.15","2","1322","60","-10.369342","-48.303601","1785094396484","2026-07-26T19:33:16",
"2026-07-26T19:45:42","1334648956","",,"Palmas","BR","1","0","5","63","-1","-10.258354","-48.315834","1784946139508","2026-07-25T02:22:19","205a09b3-2e2f-4b45-86aa-4ea82a9ecd25"
"2026-07-26T19:45:42","1877536026","",,"Palmas","BR","1","0","5","23","-1","-10.258348","-48.316227","1784194194365","2026-07-16T09:29:54","67a7d0d3-9d61-4acd-8315-250cecac9790"
"2026-07-26T19:45:42","1764118132","Av. Siqueira Campos","","Palmas","BR","2","0","5","327","-1","-10.294325","-48.33214","1782872110314","2026-07-01T02:15:10","2f08bda5-8a61-4942-836a-8f1ec7689705"
"2026-07-26T19:45:42","1334648958","",,"Palmas","BR","1","0","5","36","-1","-10.258352","-48.316498","1784946139509","2026-07-25T02:22:19","f6a9d158-cb4d-43ec-b26e-e2687cf324bf"
"2026-07-26T19:45:42","1693600006","Av. Siqueira Campos","","Palmas","BR","2","0","5","327","-1","-10.294325","-48.33214","1784081881897","2026-07-15T02:18:01","2613c8db-9637-40d4-8e38-c2092c8c0dfc"
"2026-07-26T19:45:42","642996038","",,"Palmas","BR","1","0","5","36","-1","-10.258352","-48.316498","1784725868930","2026-07-22T13:11:08","341a3583-4137-4e82-bfbb-a67b5e845593"
"2026-07-26T19:45:42","1276342532","TO-010","Palmas","Palmas","BR","7","45.86","2","1818","70","-10.105924","-48.3104","1785095041555","2026-07-26T19:44:01",
"2026-07-26T19:45:42","1334710902","","","Palmas","BR","1","0","5","86","-1","-10.258278","-48.315151","1784946139950","2026-07-25T02:22:19","0584e645-bcd7-4670-a8e4-2c08a6763039"
"2026-07-26T19:45:42","733757796","","Av. NS-10","Palmas","BR","1","0","5","70","-1","-10.258317","-48.317258","1784773032602","2026-07-23T02:17:12","3c3cc392-5d12-48d2-a44d-55f1688e96a0"
"2026-07-26T19:45:42","1334641302","",,"Palmas","BR","1","0","5","86","-1","-10.258277","-48.315151","1784946139943","2026-07-25T02:22:19","95d9d88f-a5e9-4a1f-a5e3-d31635a7afc6"
"2026-07-26T19:45:42","1334653046","",,"Palmas","BR","1","0","5","63","-1","-10.258354","-48.315834","1784946139113","2026-07-25T02:22:19","dc9d4e1f-8670-4b13-9612-de4df2989f38"
"2026-07-26T19:45:42","1694226848","",,"Palmas","BR","1","0","5","15","-1","-10.258365","-48.316918","1783904330428","2026-07-13T00:58:50","06d504d6-dac0-4c04-9329-7777206ab7a2"
"2026-07-26T20:37:17","1279980810","Av. Siqueira Campos","Av. LO-29","Palmas","BR","2","30.87","2","1636","83","-10.254076","-48.33334","1785097775370","2026-07-26T20:29:35",
"2026-07-26T20:37:17","1764083300","Av. Siqueira Campos","","Palmas","BR","2","0","5","155","-1","-10.292304","-48.332966","1782872109418","2026-07-01T02:15:09","78af3b54-3dea-4f10-8eb5-5fb4a34eaabb"
"2026-07-26T20:37:17","1334679982","",,"Palmas","BR","1","0","5","23","-1","-10.258348","-48.316227","1784946140276","2026-07-25T02:22:20","151ee59d-9fc8-4482-9e04-b365b1e458b5"
"2026-07-26T20:37:17","1693600118","Av. Siqueira Campos","","Palmas","BR","2","0","5","155","-1","-10.292304","-48.332966","1784081883010","2026-07-15T02:18:03","af3fc386-180b-4082-a64c-64efe9627b8d"
"2026-07-26T20:37:17","1764089184","",,"Palmas","BR","1","0","5","45","-1","-10.25844","-48.317041","1782872178272","2026-07-01T02:16:18","972e31c2-cd12-4c0a-b3ee-1530d2e74b4f"
"2026-07-26T20:37:17","1334672196","",,"Palmas","BR","1","0","5","21","-1","-10.258363","-48.316757","1784946139276","2026-07-25T02:22:19","d984add8-2949-4ac0-81b5-2aa666f8ed15"
"2026-07-26T20:37:17","1211995990","",,"Palmas","BR","1","0","5","21","-1","-10.258363","-48.316757","1782353685339","2026-06-25T02:14:45","a82a13e5-2525-4021-aa92-7892a48c9f70"
"2026-07-26T20:37:17","1145648740","Orla 14 Av. Orla","Orla 14 Al. 10","Palmas","BR","1","0","5","202","-1","-10.190245","-48.363339","1784991802945","2026-07-25T15:03:22","41404a75-a06e-4398-ae7d-78ed119fb23d"
"2026-07-26T20:37:17","1145726852","Orla 14 Av. Orla","Orla 14 Al. 8","Palmas","BR","1","0","5","204","-1","-10.190127","-48.363185","1784991803821","2026-07-25T15:03:23","5982791a-b7b7-40b9-af18-ed90f5ba3b5d"
"2026-07-26T20:37:17","1088566738","",,"Palmas","BR","1","0","5","41","-1","-10.258569","-48.317408","1783562302500","2026-07-09T01:58:22","9740383b-d7ef-4ff2-9da7-1b82984db198"
"2026-07-26T20:37:17","1334648956","",,"Palmas","BR","1","0","5","63","-1","-10.258354","-48.315834","1784946139508","2026-07-25T02:22:19","205a09b3-2e2f-4b45-86aa-4ea82a9ecd25"
"2026-07-26T20:37:17","1764118132","Av. Siqueira Campos","","Palmas","BR","2","0","5","327","-1","-10.294325","-48.33214","1782872110314","2026-07-01T02:15:10","2f08bda5-8a61-4942-836a-8f1ec7689705"
"2026-07-26T20:37:17","1877536026","",,"Palmas","BR","1","0","5","23","-1","-10.258348","-48.316227","1784194194365","2026-07-16T09:29:54","67a7d0d3-9d61-4acd-8315-250cecac9790"
"2026-07-26T20:37:17","1334648958","",,"Palmas","BR","1","0","5","36","-1","-10.258352","-48.316498","1784946139509","2026-07-25T02:22:19","f6a9d158-cb4d-43ec-b26e-e2687cf324bf"
"2026-07-26T20:37:17","1693600006","Av. Siqueira Campos","","Palmas","BR","2","0","5","327","-1","-10.294325","-48.33214","1784081881897","2026-07-15T02:18:01","2613c8db-9637-40d4-8e38-c2092c8c0dfc"
"2026-07-26T20:37:17","1279366996","TO-010","","Palmas","BR","7","30.2","3","1134","89","-10.117649","-48.308368","1785097268094","2026-07-26T20:21:08",
"2026-07-26T20:37:17","642996038","",,"Palmas","BR","1","0","5","36","-1","-10.258352","-48.316498","1784725868930","2026-07-22T13:11:08","341a3583-4137-4e82-bfbb-a67b5e845593"
"2026-07-26T20:37:17","1334710902","","","Palmas","BR","1","0","5","86","-1","-10.258278","-48.315151","1784946139950","2026-07-25T02:22:19","0584e645-bcd7-4670-a8e4-2c08a6763039"
"2026-07-26T20:37:17","733757796","","Av. NS-10","Palmas","BR","1","0","5","70","-1","-10.258317","-48.317258","1784773032602","2026-07-23T02:17:12","3c3cc392-5d12-48d2-a44d-55f1688e96a0"
"2026-07-26T20:37:17","1280509610","Av. LO-11","","Palmas","BR","2","8.17","3","417","129","-10.21096","-48.332208","1785098206866","2026-07-26T20:36:46",
"2026-07-26T20:37:17","1334641302","",,"Palmas","BR","1","0","5","86","-1","-10.258277","-48.315151","1784946139943","2026-07-25T02:22:19","95d9d88f-a5e9-4a1f-a5e3-d31635a7afc6"
"2026-07-26T20:37:17","1334653046","",,"Palmas","BR","1","0","5","63","-1","-10.258354","-48.315834","1784946139113","2026-07-25T02:22:19","dc9d4e1f-8670-4b13-9612-de4df2989f38"
"2026-07-26T20:37:17","1694226848","",,"Palmas","BR","1","0","5","15","-1","-10.258365","-48.316918","1783904330428","2026-07-13T00:58:50","06d504d6-dac0-4c04-9329-7777206ab7a2"
"2026-07-26T21:32:10","1764083300","Av. Siqueira Campos","","Palmas","BR","2","0","5","155","-1","-10.292304","-48.332966","1782872109418","2026-07-01T02:15:09","78af3b54-3dea-4f10-8eb5-5fb4a34eaabb"
"2026-07-26T21:32:10","1334679982","",,"Palmas","BR","1","0","5","23","-1","-10.258348","-48.316227","1784946140276","2026-07-25T02:22:20","151ee59d-9fc8-4482-9e04-b365b1e458b5"
"2026-07-26T21:32:10","1693600118","Av. Siqueira Campos","","Palmas","BR","2","0","5","155","-1","-10.292304","-48.332966","1784081883010","2026-07-15T02:18:03","af3fc386-180b-4082-a64c-64efe9627b8d"
"2026-07-26T21:32:10","1764089184","",,"Palmas","BR","1","0","5","45","-1","-10.25844","-48.317041","1782872178272","2026-07-01T02:16:18","972e31c2-cd12-4c0a-b3ee-1530d2e74b4f"
"2026-07-26T21:32:10","1334672196","",,"Palmas","BR","1","0","5","21","-1","-10.258363","-48.316757","1784946139276","2026-07-25T02:22:19","d984add8-2949-4ac0-81b5-2aa666f8ed15"
"2026-07-26T21:32:10","1211995990","",,"Palmas","BR","1","0","5","21","-1","-10.258363","-48.316757","1782353685339","2026-06-25T02:14:45","a82a13e5-2525-4021-aa92-7892a48c9f70"
"2026-07-26T21:32:10","1145648740","Orla 14 Av. Orla","Orla 14 Al. 10","Palmas","BR","1","0","5","202","-1","-10.190245","-48.363339","1784991802945","2026-07-25T15:03:22","41404a75-a06e-4398-ae7d-78ed119fb23d"
"2026-07-26T21:32:10","1145726852","Orla 14 Av. Orla","Orla 14 Al. 8","Palmas","BR","1","0","5","204","-1","-10.190127","-48.363185","1784991803821","2026-07-25T15:03:23","5982791a-b7b7-40b9-af18-ed90f5ba3b5d"
"2026-07-26T21:32:10","1088566738","",,"Palmas","BR","1","0","5","41","-1","-10.258569","-48.317408","1783562302500","2026-07-09T01:58:22","9740383b-d7ef-4ff2-9da7-1b82984db198"
"2026-07-26T21:32:10","1334648956","",,"Palmas","BR","1","0","5","63","-1","-10.258354","-48.315834","1784946139508","2026-07-25T02:22:19","205a09b3-2e2f-4b45-86aa-4ea82a9ecd25"
"2026-07-26T21:32:10","1877536026","",,"Palmas","BR","1","0","5","23","-1","-10.258348","-48.316227","1784194194365","2026-07-16T09:29:54","67a7d0d3-9d61-4acd-8315-250cecac9790"
"2026-07-26T21:32:10","1764118132","Av. Siqueira Campos","","Palmas","BR","2","0","5","327","-1","-10.294325","-48.33214","1782872110314","2026-07-01T02:15:10","2f08bda5-8a61-4942-836a-8f1ec7689705"
"2026-07-26T21:32:10","1334648958","",,"Palmas","BR","1","0","5","36","-1","-10.258352","-48.316498","1784946139509","2026-07-25T02:22:19","f6a9d158-cb4d-43ec-b26e-e2687cf324bf"
"2026-07-26T21:32:10","1693600006","Av. Siqueira Campos","","Palmas","BR","2","0","5","327","-1","-10.294325","-48.33214","1784081881897","2026-07-15T02:18:01","2613c8db-9637-40d4-8e38-c2092c8c0dfc"
"2026-07-26T21:32:10","642996038","",,"Palmas","BR","1","0","5","36","-1","-10.258352","-48.316498","1784725868930","2026-07-22T13:11:08","341a3583-4137-4e82-bfbb-a67b5e845593"
"2026-07-26T21:32:10","1334710902","","","Palmas","BR","1","0","5","86","-1","-10.258278","-48.315151","1784946139950","2026-07-25T02:22:19","0584e645-bcd7-4670-a8e4-2c08a6763039"
"2026-07-26T21:32:10","733757796","","Av. NS-10","Palmas","BR","1","0","5","70","-1","-10.258317","-48.317258","1784773032602","2026-07-23T02:17:12","3c3cc392-5d12-48d2-a44d-55f1688e96a0"
"2026-07-26T21:32:10","1694226848","",,"Palmas","BR","1","0","5","15","-1","-10.258365","-48.316918","1783904330428","2026-07-13T00:58:50","06d504d6-dac0-4c04-9329-7777206ab7a2"
"2026-07-26T21:32:10","1334653046","",,"Palmas","BR","1","0","5","63","-1","-10.258354","-48.315834","1784946139113","2026-07-25T02:22:19","dc9d4e1f-8670-4b13-9612-de4df2989f38"
"2026-07-26T21:32:10","1334641302","",,"Palmas","BR","1","0","5","86","-1","-10.258277","-48.315151","1784946139943","2026-07-25T02:22:19","95d9d88f-a5e9-4a1f-a5e3-d31635a7afc6"
"2026-07-26T21:32:10","1284946922","Av. Siqueira Campos","Av. LO-12","Palmas","BR","2","16.74","2","827","103","-10.163595","-48.327094","1785101457942","2026-07-26T21:30:57",
"2026-07-26T21:32:10","1284896936","",,"Palmas","BR","1","15.54","1","592","63","-10.146005","-48.350033","1785101455930","2026-07-26T21:30:55",
"2026-07-26T22:31:30","1764083300","Av. Siqueira Campos","","Palmas","BR","2","0","5","155","-1","-10.292304","-48.332966","1782872109418","2026-07-01T02:15:09","78af3b54-3dea-4f10-8eb5-5fb4a34eaabb"
"2026-07-26T22:31:30","1289846754","Av. NS-6",,"Palmas","BR","2","10.41","3","370","99","-10.194929","-48.319105","1785104776927","2026-07-26T22:26:16",
"2026-07-26T22:31:30","1290054496","TO-010","Palmas","Palmas","BR","7","62.82","1","4502","83","-10.094737","-48.313555","1785104991237","2026-07-26T22:29:51",
"2026-07-26T22:31:30","1693600118","Av. Siqueira Campos","","Palmas","BR","2","0","5","155","-1","-10.292304","-48.332966","1784081883010","2026-07-15T02:18:03","af3fc386-180b-4082-a64c-64efe9627b8d"
"2026-07-26T22:31:30","1289723290","Av. LO-23","","Palmas","BR","2","12.61","3","541","109","-10.242734","-48.31543","1785104705250","2026-07-26T22:25:05",
"2026-07-26T22:31:30","1764089184","",,"Palmas","BR","1","0","5","45","-1","-10.25844","-48.317041","1782872178272","2026-07-01T02:16:18","972e31c2-cd12-4c0a-b3ee-1530d2e74b4f"
"2026-07-26T22:31:30","1334672196","",,"Palmas","BR","1","0","5","21","-1","-10.258363","-48.316757","1784946139276","2026-07-25T02:22:19","d984add8-2949-4ac0-81b5-2aa666f8ed15"
"2026-07-26T22:31:30","1145726852","Orla 14 Av. Orla","Orla 14 Al. 8","Palmas","BR","1","0","5","204","-1","-10.190127","-48.363185","1784991803821","2026-07-25T15:03:23","5982791a-b7b7-40b9-af18-ed90f5ba3b5d"
"2026-07-26T22:31:30","1290089460","","ASR-SE 115 Av. 115","Palmas","BR","2","6.67","3","558","76","-10.256023","-48.313557","1785104992511","2026-07-26T22:29:52",
"2026-07-26T22:31:30","1289711886","TO-050","Palmas","Palmas","BR","7","70.65","1","6912","105","-10.459912","-48.320652","1785104706135","2026-07-26T22:25:06",
"2026-07-26T22:31:30","1764118132","Av. Siqueira Campos","","Palmas","BR","2","0","5","327","-1","-10.294325","-48.33214","1782872110314","2026-07-01T02:15:10","2f08bda5-8a61-4942-836a-8f1ec7689705"
"2026-07-26T22:31:30","642996038","",,"Palmas","BR","1","0","5","36","-1","-10.258352","-48.316498","1784725868930","2026-07-22T13:11:08","341a3583-4137-4e82-bfbb-a67b5e845593"
"2026-07-26T22:31:30","1289873142","TO-010","Av. NS 15","Palmas","BR","7","63.59","1","4544","80","-10.134502","-48.304652","1785104848047","2026-07-26T22:27:28",
"2026-07-26T22:31:30","733757796","","Av. NS-10","Palmas","BR","1","0","5","70","-1","-10.258317","-48.317258","1784773032602","2026-07-23T02:17:12","3c3cc392-5d12-48d2-a44d-55f1688e96a0"
"2026-07-26T22:31:30","1290085822","",,"Palmas","BR","1","1.96","4","200","338","-10.212426","-48.331022","1785104993289","2026-07-26T22:29:53",
"2026-07-26T22:31:30","1334641302","",,"Palmas","BR","1","0","5","86","-1","-10.258277","-48.315151","1784946139943","2026-07-25T02:22:19","95d9d88f-a5e9-4a1f-a5e3-d31635a7afc6"
"2026-07-26T22:31:30","1694226848","",,"Palmas","BR","1","0","5","15","-1","-10.258365","-48.316918","1783904330428","2026-07-13T00:58:50","06d504d6-dac0-4c04-9329-7777206ab7a2"
"2026-07-26T22:31:30","1334679982","",,"Palmas","BR","1","0","5","23","-1","-10.258348","-48.316227","1784946140276","2026-07-25T02:22:20","151ee59d-9fc8-4482-9e04-b365b1e458b5"
"2026-07-26T22:31:30","1211995990","",,"Palmas","BR","1","0","5","21","-1","-10.258363","-48.316757","1782353685339","2026-06-25T02:14:45","a82a13e5-2525-4021-aa92-7892a48c9f70"
"2026-07-26T22:31:30","1145648740","Orla 14 Av. Orla","Orla 14 Al. 10","Palmas","BR","1","0","5","202","-1","-10.190245","-48.363339","1784991802945","2026-07-25T15:03:22","41404a75-a06e-4398-ae7d-78ed119fb23d"
"2026-07-26T22:31:30","1088566738","",,"Palmas","BR","1","0","5","41","-1","-10.258569","-48.317408","1783562302500","2026-07-09T01:58:22","9740383b-d7ef-4ff2-9da7-1b82984db198"
"2026-07-26T22:31:30","1334648956","",,"Palmas","BR","1","0","5","63","-1","-10.258354","-48.315834","1784946139508","2026-07-25T02:22:19","205a09b3-2e2f-4b45-86aa-4ea82a9ecd25"
"2026-07-26T22:31:30","1877536026","",,"Palmas","BR","1","0","5","23","-1","-10.258348","-48.316227","1784194194365","2026-07-16T09:29:54","67a7d0d3-9d61-4acd-8315-250cecac9790"
"2026-07-26T22:31:30","1334648958","",,"Palmas","BR","1","0","5","36","-1","-10.258352","-48.316498","1784946139509","2026-07-25T02:22:19","f6a9d158-cb4d-43ec-b26e-e2687cf324bf"
"2026-07-26T22:31:30","1693600006","Av. Siqueira Campos","","Palmas","BR","2","0","5","327","-1","-10.294325","-48.33214","1784081881897","2026-07-15T02:18:01","2613c8db-9637-40d4-8e38-c2092c8c0dfc"
"2026-07-26T22:31:30","1334710902","","","Palmas","BR","1","0","5","86","-1","-10.258278","-48.315151","1784946139950","2026-07-25T02:22:19","0584e645-bcd7-4670-a8e4-2c08a6763039"
"2026-07-26T22:31:30","1334653046","",,"Palmas","BR","1","0","5","63","-1","-10.258354","-48.315834","1784946139113","2026-07-25T02:22:19","dc9d4e1f-8670-4b13-9612-de4df2989f38"
"2026-07-26T23:29:51","1294772716","Marg. da TO-050","","Palmas","BR","2","30.42","2","2656","166","-10.213344","-48.309508","1785108255194","2026-07-26T23:24:15",
"2026-07-26T23:29:51","1764083300","Av. Siqueira Campos","","Palmas","BR","2","0","5","155","-1","-10.292304","-48.332966","1782872109418","2026-07-01T02:15:09","78af3b54-3dea-4f10-8eb5-5fb4a34eaabb"
"2026-07-26T23:29:51","1334679982","",,"Palmas","BR","1","0","5","23","-1","-10.258348","-48.316227","1784946140276","2026-07-25T02:22:20","151ee59d-9fc8-4482-9e04-b365b1e458b5"
"2026-07-26T23:29:51","1294991732","Av. NS-15","","Palmas","BR","2","4.82","4","184","110","-10.151436","-48.34295","1785108397299","2026-07-26T23:26:37",
"2026-07-26T23:29:51","1693600118","Av. Siqueira Campos","","Palmas","BR","2","0","5","155","-1","-10.292304","-48.332966","1784081883010","2026-07-15T02:18:03","af3fc386-180b-4082-a64c-64efe9627b8d"
"2026-07-26T23:29:51","1764089184","",,"Palmas","BR","1","0","5","45","-1","-10.25844","-48.317041","1782872178272","2026-07-01T02:16:18","972e31c2-cd12-4c0a-b3ee-1530d2e74b4f"
"2026-07-26T23:29:51","1334672196","",,"Palmas","BR","1","0","5","21","-1","-10.258363","-48.316757","1784946139276","2026-07-25T02:22:19","d984add8-2949-4ac0-81b5-2aa666f8ed15"
"2026-07-26T23:29:51","1211995990","",,"Palmas","BR","1","0","5","21","-1","-10.258363","-48.316757","1782353685339","2026-06-25T02:14:45","a82a13e5-2525-4021-aa92-7892a48c9f70"
"2026-07-26T23:29:51","1145648740","Orla 14 Av. Orla","Orla 14 Al. 10","Palmas","BR","1","0","5","202","-1","-10.190245","-48.363339","1784991802945","2026-07-25T15:03:22","41404a75-a06e-4398-ae7d-78ed119fb23d"
"2026-07-26T23:29:51","1145726852","Orla 14 Av. Orla","Orla 14 Al. 8","Palmas","BR","1","0","5","204","-1","-10.190127","-48.363185","1784991803821","2026-07-25T15:03:23","5982791a-b7b7-40b9-af18-ed90f5ba3b5d"
"2026-07-26T23:29:51","1292237258","Av. Siqueira Campos","","Palmas","BR","2","0","5","327","-1","-10.294325","-48.33214","1785106420183","2026-07-26T22:53:40","2f08bda5-8a61-4942-836a-8f1ec7689705"
"2026-07-26T23:29:51","1088566738","",,"Palmas","BR","1","0","5","41","-1","-10.258569","-48.317408","1783562302500","2026-07-09T01:58:22","9740383b-d7ef-4ff2-9da7-1b82984db198"
"2026-07-26T23:29:51","1334648956","",,"Palmas","BR","1","0","5","63","-1","-10.258354","-48.315834","1784946139508","2026-07-25T02:22:19","205a09b3-2e2f-4b45-86aa-4ea82a9ecd25"
"2026-07-26T23:29:51","1877536026","",,"Palmas","BR","1","0","5","23","-1","-10.258348","-48.316227","1784194194365","2026-07-16T09:29:54","67a7d0d3-9d61-4acd-8315-250cecac9790"
"2026-07-26T23:29:51","1334648958","",,"Palmas","BR","1","0","5","36","-1","-10.258352","-48.316498","1784946139509","2026-07-25T02:22:19","f6a9d158-cb4d-43ec-b26e-e2687cf324bf"
"2026-07-26T23:29:51","1693600006","Av. Siqueira Campos","","Palmas","BR","2","0","5","327","-1","-10.294325","-48.33214","1784081881897","2026-07-15T02:18:01","2613c8db-9637-40d4-8e38-c2092c8c0dfc"
"2026-07-26T23:29:51","642996038","",,"Palmas","BR","1","0","5","36","-1","-10.258352","-48.316498","1784725868930","2026-07-22T13:11:08","341a3583-4137-4e82-bfbb-a67b5e845593"
"2026-07-26T23:29:51","1334710902","","","Palmas","BR","1","0","5","86","-1","-10.258278","-48.315151","1784946139950","2026-07-25T02:22:19","0584e645-bcd7-4670-a8e4-2c08a6763039"
"2026-07-26T23:29:51","733757796","","Av. NS-10","Palmas","BR","1","0","5","70","-1","-10.258317","-48.317258","1784773032602","2026-07-23T02:17:12","3c3cc392-5d12-48d2-a44d-55f1688e96a0"
"2026-07-26T23:29:51","1334641302","",,"Palmas","BR","1","0","5","86","-1","-10.258277","-48.315151","1784946139943","2026-07-25T02:22:19","95d9d88f-a5e9-4a1f-a5e3-d31635a7afc6"
"2026-07-26T23:29:51","1334653046","",,"Palmas","BR","1","0","5","63","-1","-10.258354","-48.315834","1784946139113","2026-07-25T02:22:19","dc9d4e1f-8670-4b13-9612-de4df2989f38"
"2026-07-26T23:29:51","1694226848","",,"Palmas","BR","1","0","5","15","-1","-10.258365","-48.316918","1783904330428","2026-07-13T00:58:50","06d504d6-dac0-4c04-9329-7777206ab7a2"
"2026-07-26T23:29:51","1295118476","Alameda das Aroeiras",,"Palmas","BR","1","3.75","3","260","205","-10.183263","-48.344959","1785108536681","2026-07-26T23:28:56",
"2026-07-27T01:08:19","1764083300","Av. Siqueira Campos","","Palmas","BR","2","0","5","155","-1","-10.292304","-48.332966","1782872109418","2026-07-01T02:15:09","78af3b54-3dea-4f10-8eb5-5fb4a34eaabb"
"2026-07-27T01:08:19","1301482288","Av. LO-11","","Palmas","BR","2","7.92","3","358","127","-10.210949","-48.331869","1785114176586","2026-07-27T01:02:56",
"2026-07-27T01:08:19","1334679982","",,"Palmas","BR","1","0","5","23","-1","-10.258348","-48.316227","1784946140276","2026-07-25T02:22:20","151ee59d-9fc8-4482-9e04-b365b1e458b5"
"2026-07-27T01:08:19","1693600118","Av. Siqueira Campos","","Palmas","BR","2","0","5","155","-1","-10.292304","-48.332966","1784081883010","2026-07-15T02:18:03","af3fc386-180b-4082-a64c-64efe9627b8d"
"2026-07-27T01:08:19","1764089184","",,"Palmas","BR","1","0","5","45","-1","-10.25844","-48.317041","1782872178272","2026-07-01T02:16:18","972e31c2-cd12-4c0a-b3ee-1530d2e74b4f"
"2026-07-27T01:08:19","1334672196","",,"Palmas","BR","1","0","5","21","-1","-10.258363","-48.316757","1784946139276","2026-07-25T02:22:19","d984add8-2949-4ac0-81b5-2aa666f8ed15"
"2026-07-27T01:08:19","1301636638","ARNO 12 Al. das Pitangueiras","ARNO 12 Al. das Aroeiras","Palmas","BR","1","2.8","4","166","185","-10.17887","-48.344889","1785114315275","2026-07-27T01:05:15",
"2026-07-27T01:08:19","1211995990","",,"Palmas","BR","1","0","5","21","-1","-10.258363","-48.316757","1782353685339","2026-06-25T02:14:45","a82a13e5-2525-4021-aa92-7892a48c9f70"
"2026-07-27T01:08:19","1145648740","Orla 14 Av. Orla","Orla 14 Al. 10","Palmas","BR","1","0","5","202","-1","-10.190245","-48.363339","1784991802945","2026-07-25T15:03:22","41404a75-a06e-4398-ae7d-78ed119fb23d"
"2026-07-27T01:08:19","1145726852","Orla 14 Av. Orla","Orla 14 Al. 8","Palmas","BR","1","0","5","204","-1","-10.190127","-48.363185","1784991803821","2026-07-25T15:03:23","5982791a-b7b7-40b9-af18-ed90f5ba3b5d"
"2026-07-27T01:08:19","1292237258","Av. Siqueira Campos","","Palmas","BR","2","0","5","327","-1","-10.294325","-48.33214","1785106420183","2026-07-26T22:53:40","2f08bda5-8a61-4942-836a-8f1ec7689705"
"2026-07-27T01:08:19","1088566738","",,"Palmas","BR","1","0","5","41","-1","-10.258569","-48.317408","1783562302500","2026-07-09T01:58:22","9740383b-d7ef-4ff2-9da7-1b82984db198"
"2026-07-27T01:08:19","1334648956","",,"Palmas","BR","1","0","5","63","-1","-10.258354","-48.315834","1784946139508","2026-07-25T02:22:19","205a09b3-2e2f-4b45-86aa-4ea82a9ecd25"
"2026-07-27T01:08:19","1877536026","",,"Palmas","BR","1","0","5","23","-1","-10.258348","-48.316227","1784194194365","2026-07-16T09:29:54","67a7d0d3-9d61-4acd-8315-250cecac9790"
"2026-07-27T01:08:19","1334648958","",,"Palmas","BR","1","0","5","36","-1","-10.258352","-48.316498","1784946139509","2026-07-25T02:22:19","f6a9d158-cb4d-43ec-b26e-e2687cf324bf"
"2026-07-27T01:08:19","1693600006","Av. Siqueira Campos","","Palmas","BR","2","0","5","327","-1","-10.294325","-48.33214","1784081881897","2026-07-15T02:18:01","2613c8db-9637-40d4-8e38-c2092c8c0dfc"
"2026-07-27T01:08:19","642996038","",,"Palmas","BR","1","0","5","36","-1","-10.258352","-48.316498","1784725868930","2026-07-22T13:11:08","341a3583-4137-4e82-bfbb-a67b5e845593"
"2026-07-27T01:08:19","1334710902","","","Palmas","BR","1","0","5","86","-1","-10.258278","-48.315151","1784946139950","2026-07-25T02:22:19","0584e645-bcd7-4670-a8e4-2c08a6763039"
"2026-07-27T01:08:19","733757796","","Av. NS-10","Palmas","BR","1","0","5","70","-1","-10.258317","-48.317258","1784773032602","2026-07-23T02:17:12","3c3cc392-5d12-48d2-a44d-55f1688e96a0"
"2026-07-27T01:08:19","1334641302","",,"Palmas","BR","1","0","5","86","-1","-10.258277","-48.315151","1784946139943","2026-07-25T02:22:19","95d9d88f-a5e9-4a1f-a5e3-d31635a7afc6"
"2026-07-27T01:08:19","1334653046","",,"Palmas","BR","1","0","5","63","-1","-10.258354","-48.315834","1784946139113","2026-07-25T02:22:19","dc9d4e1f-8670-4b13-9612-de4df2989f38"
"2026-07-27T01:08:19","1694226848","",,"Palmas","BR","1","0","5","15","-1","-10.258365","-48.316918","1783904330428","2026-07-13T00:58:50","06d504d6-dac0-4c04-9329-7777206ab7a2"
"2026-07-27T04:48:41","1304637922","",,"Palmas","BR","1","0","5","23","-1","-10.258348","-48.316227","1785118592817","2026-07-27T02:16:32","151ee59d-9fc8-4482-9e04-b365b1e458b5"
"2026-07-27T04:48:41","1304660514","","","Palmas","BR","1","0","5","86","-1","-10.258278","-48.315151","1785118592581","2026-07-27T02:16:32","0584e645-bcd7-4670-a8e4-2c08a6763039"
"2026-07-27T04:48:41","1764083300","Av. Siqueira Campos","","Palmas","BR","2","0","5","155","-1","-10.292304","-48.332966","1782872109418","2026-07-01T02:15:09","78af3b54-3dea-4f10-8eb5-5fb4a34eaabb"
"2026-07-27T04:48:41","1304660512","",,"Palmas","BR","1","0","5","86","-1","-10.258277","-48.315151","1785118592576","2026-07-27T02:16:32","95d9d88f-a5e9-4a1f-a5e3-d31635a7afc6"
"2026-07-27T04:48:41","1304622214","",,"Palmas","BR","1","0","5","63","-1","-10.258354","-48.315834","1785118591607","2026-07-27T02:16:31","dc9d4e1f-8670-4b13-9612-de4df2989f38"
"2026-07-27T04:48:41","1693600118","Av. Siqueira Campos",,"Palmas","BR","2","0","5","155","-1","-10.292304","-48.332966","1784081883010","2026-07-15T02:18:03","af3fc386-180b-4082-a64c-64efe9627b8d"
"2026-07-27T04:48:41","1764089184","",,"Palmas","BR","1","0","5","45","-1","-10.25844","-48.317041","1782872178272","2026-07-01T02:16:18","972e31c2-cd12-4c0a-b3ee-1530d2e74b4f"
"2026-07-27T04:48:41","1211995990","",,"Palmas","BR","1","0","5","21","-1","-10.258363","-48.316757","1782353685339","2026-06-25T02:14:45","a82a13e5-2525-4021-aa92-7892a48c9f70"
"2026-07-27T04:48:41","1292237258","Av. Siqueira Campos","Desvio","Palmas","BR","2","0","5","327","-1","-10.294325","-48.33214","1785106420183","2026-07-26T22:53:40","2f08bda5-8a61-4942-836a-8f1ec7689705"
"2026-07-27T04:48:41","1088566738","",,"Palmas","BR","1","0","5","41","-1","-10.258569","-48.317408","1783562302500","2026-07-09T01:58:22","9740383b-d7ef-4ff2-9da7-1b82984db198"
"2026-07-27T04:48:41","1877536026","",,"Palmas","BR","1","0","5","23","-1","-10.258348","-48.316227","1784194194365","2026-07-16T09:29:54","67a7d0d3-9d61-4acd-8315-250cecac9790"
"2026-07-27T04:48:41","1693600006","Av. Siqueira Campos","","Palmas","BR","2","0","5","327","-1","-10.294325","-48.33214","1784081881897","2026-07-15T02:18:01","2613c8db-9637-40d4-8e38-c2092c8c0dfc"
"2026-07-27T04:48:41","642996038","",,"Palmas","BR","1","0","5","36","-1","-10.258352","-48.316498","1784725868930","2026-07-22T13:11:08","341a3583-4137-4e82-bfbb-a67b5e845593"
"2026-07-27T04:48:41","733757796","","Av. NS-10","Palmas","BR","1","0","5","70","-1","-10.258317","-48.317258","1784773032602","2026-07-23T02:17:12","3c3cc392-5d12-48d2-a44d-55f1688e96a0"
"2026-07-27T04:48:41","1304645882","",,"Palmas","BR","1","0","5","63","-1","-10.258354","-48.315834","1785118592154","2026-07-27T02:16:32","205a09b3-2e2f-4b45-86aa-4ea82a9ecd25"
"2026-07-27T04:48:41","1694226848","",,"Palmas","BR","1","0","5","15","-1","-10.258365","-48.316918","1783904330428","2026-07-13T00:58:50","06d504d6-dac0-4c04-9329-7777206ab7a2"
"2026-07-27T04:48:41","1304649406","",,"Palmas","BR","1","0","5","21","-1","-10.258363","-48.316757","1785118592036","2026-07-27T02:16:32","d984add8-2949-4ac0-81b5-2aa666f8ed15"
"2026-07-27T04:48:41","1304645884","",,"Palmas","BR","1","0","5","36","-1","-10.258352","-48.316498","1785118592155","2026-07-27T02:16:32","f6a9d158-cb4d-43ec-b26e-e2687cf324bf"
"2026-07-27T08:16:20","1764083300","Av. Siqueira Campos","","Palmas","BR","2","0","5","155","-1","-10.292304","-48.332966","1782872109418","2026-07-01T02:15:09","78af3b54-3dea-4f10-8eb5-5fb4a34eaabb"
"2026-07-27T08:16:20","1304660514","","","Palmas","BR","1","0","5","86","-1","-10.258278","-48.315151","1785118592581","2026-07-27T02:16:32","0584e645-bcd7-4670-a8e4-2c08a6763039"
"2026-07-27T08:16:20","1304637922","",,"Palmas","BR","1","0","5","23","-1","-10.258348","-48.316227","1785118592817","2026-07-27T02:16:32","151ee59d-9fc8-4482-9e04-b365b1e458b5"
"2026-07-27T08:16:20","1304660512","",,"Palmas","BR","1","0","5","86","-1","-10.258277","-48.315151","1785118592576","2026-07-27T02:16:32","95d9d88f-a5e9-4a1f-a5e3-d31635a7afc6"
"2026-07-27T08:16:20","1693600118","Av. Siqueira Campos",,"Palmas","BR","2","0","5","155","-1","-10.292304","-48.332966","1784081883010","2026-07-15T02:18:03","af3fc386-180b-4082-a64c-64efe9627b8d"
"2026-07-27T08:16:20","1304622214","",,"Palmas","BR","1","0","5","63","-1","-10.258354","-48.315834","1785118591607","2026-07-27T02:16:31","dc9d4e1f-8670-4b13-9612-de4df2989f38"
"2026-07-27T08:16:20","1764089184","",,"Palmas","BR","1","0","5","45","-1","-10.25844","-48.317041","1782872178272","2026-07-01T02:16:18","972e31c2-cd12-4c0a-b3ee-1530d2e74b4f"
"2026-07-27T08:16:20","1211995990","",,"Palmas","BR","1","0","5","21","-1","-10.258363","-48.316757","1782353685339","2026-06-25T02:14:45","a82a13e5-2525-4021-aa92-7892a48c9f70"
"2026-07-27T08:16:20","1292237258","Av. Siqueira Campos","Desvio","Palmas","BR","2","0","5","327","-1","-10.294325","-48.33214","1785106420183","2026-07-26T22:53:40","2f08bda5-8a61-4942-836a-8f1ec7689705"
"2026-07-27T08:16:20","1088566738","",,"Palmas","BR","1","0","5","41","-1","-10.258569","-48.317408","1783562302500","2026-07-09T01:58:22","9740383b-d7ef-4ff2-9da7-1b82984db198"
"2026-07-27T08:16:20","1322987402","TO-030","Taquarussu do Porto (Palmas)","Taquarussu do Porto (Palmas)","BR","7","38.74","1","1876","85","-10.299874","-48.141259","1785139918098","2026-07-27T08:11:58",
"2026-07-27T08:16:20","1877536026","",,"Palmas","BR","1","0","5","23","-1","-10.258348","-48.316227","1784194194365","2026-07-16T09:29:54","67a7d0d3-9d61-4acd-8315-250cecac9790"
"2026-07-27T08:16:20","1693600006","Av. Siqueira Campos","","Palmas","BR","2","0","5","327","-1","-10.294325","-48.33214","1784081881897","2026-07-15T02:18:01","2613c8db-9637-40d4-8e38-c2092c8c0dfc"
"2026-07-27T08:16:20","642996038","",,"Palmas","BR","1","0","5","36","-1","-10.258352","-48.316498","1784725868930","2026-07-22T13:11:08","341a3583-4137-4e82-bfbb-a67b5e845593"
"2026-07-27T08:16:20","733757796","","Av. NS-10","Palmas","BR","1","0","5","70","-1","-10.258317","-48.317258","1784773032602","2026-07-23T02:17:12","3c3cc392-5d12-48d2-a44d-55f1688e96a0"
"2026-07-27T08:16:20","1304645882","",,"Palmas","BR","1","0","5","63","-1","-10.258354","-48.315834","1785118592154","2026-07-27T02:16:32","205a09b3-2e2f-4b45-86aa-4ea82a9ecd25"
"2026-07-27T08:16:20","1322624014","Av. D","","Palmas","BR","2","15.97","2","667","99","-10.317919","-48.324082","1785139662658","2026-07-27T08:07:42",
"2026-07-27T08:16:20","1694226848","",,"Palmas","BR","1","0","5","15","-1","-10.258365","-48.316918","1783904330428","2026-07-13T00:58:50","06d504d6-dac0-4c04-9329-7777206ab7a2"
"2026-07-27T08:16:20","1304649406","",,"Palmas","BR","1","0","5","21","-1","-10.258363","-48.316757","1785118592036","2026-07-27T02:16:32","d984add8-2949-4ac0-81b5-2aa666f8ed15"
"2026-07-27T08:16:20","1304645884","",,"Palmas","BR","1","0","5","36","-1","-10.258352","-48.316498","1785118592155","2026-07-27T02:16:32","f6a9d158-cb4d-43ec-b26e-e2687cf324bf"
"2026-07-27T11:40:47","1304637922","",,"Palmas","BR","1","0","5","23","-1","-10.258348","-48.316227","1785118592817","2026-07-27T02:16:32","151ee59d-9fc8-4482-9e04-b365b1e458b5"
"2026-07-27T11:40:47","1304660514","","","Palmas","BR","1","0","5","86","-1","-10.258278","-48.315151","1785118592581","2026-07-27T02:16:32","0584e645-bcd7-4670-a8e4-2c08a6763039"
"2026-07-27T11:40:47","1764083300","Av. Siqueira Campos","","Palmas","BR","2","0","5","155","-1","-10.292304","-48.332966","1782872109418","2026-07-01T02:15:09","78af3b54-3dea-4f10-8eb5-5fb4a34eaabb"
"2026-07-27T11:40:47","1304660512","",,"Palmas","BR","1","0","5","86","-1","-10.258277","-48.315151","1785118592576","2026-07-27T02:16:32","95d9d88f-a5e9-4a1f-a5e3-d31635a7afc6"
"2026-07-27T11:40:47","1693600118","Av. Siqueira Campos",,"Palmas","BR","2","0","5","155","-1","-10.292304","-48.332966","1784081883010","2026-07-15T02:18:03","af3fc386-180b-4082-a64c-64efe9627b8d"
"2026-07-27T11:40:47","1304622214","",,"Palmas","BR","1","0","5","63","-1","-10.258354","-48.315834","1785118591607","2026-07-27T02:16:31","dc9d4e1f-8670-4b13-9612-de4df2989f38"
"2026-07-27T11:40:47","1764089184","",,"Palmas","BR","1","0","5","45","-1","-10.25844","-48.317041","1782872178272","2026-07-01T02:16:18","972e31c2-cd12-4c0a-b3ee-1530d2e74b4f"
"2026-07-27T11:40:47","1211995990","",,"Palmas","BR","1","0","5","21","-1","-10.258363","-48.316757","1782353685339","2026-06-25T02:14:45","a82a13e5-2525-4021-aa92-7892a48c9f70"
"2026-07-27T11:40:47","1613808252","TO-030","Taquarussu do Porto (Palmas)","Palmas","BR","7","46.39","1","5622","168","-10.308281","-48.188812","1785151895536","2026-07-27T11:31:35",
"2026-07-27T11:40:47","1292237258","Av. Siqueira Campos","Desvio","Palmas","BR","2","0","5","327","-1","-10.294325","-48.33214","1785106420183","2026-07-26T22:53:40","2f08bda5-8a61-4942-836a-8f1ec7689705"
"2026-07-27T11:40:47","1088566738","",,"Palmas","BR","1","0","5","41","-1","-10.258569","-48.317408","1783562302500","2026-07-09T01:58:22","9740383b-d7ef-4ff2-9da7-1b82984db198"
"2026-07-27T11:40:47","1877536026","",,"Palmas","BR","1","0","5","23","-1","-10.258348","-48.316227","1784194194365","2026-07-16T09:29:54","67a7d0d3-9d61-4acd-8315-250cecac9790"
"2026-07-27T11:40:47","1693600006","Av. Siqueira Campos","","Palmas","BR","2","0","5","327","-1","-10.294325","-48.33214","1784081881897","2026-07-15T02:18:01","2613c8db-9637-40d4-8e38-c2092c8c0dfc"
"2026-07-27T11:40:47","1337184838","TO-080","Palmas","Luzimangues (Porto Nacional)","BR","7","13.12","3","7905","1774","-10.185632","-48.419689","1785148332962","2026-07-27T10:32:12",
"2026-07-27T11:40:47","642996038","",,"Palmas","BR","1","0","5","36","-1","-10.258352","-48.316498","1784725868930","2026-07-22T13:11:08","341a3583-4137-4e82-bfbb-a67b5e845593"
"2026-07-27T11:40:47","1613257936","TO-080","Luzimangues (Porto Nacional)","Palmas","BR","7","27.68","2","8089","647","-10.185632","-48.419569","1785151678543","2026-07-27T11:27:58",
"2026-07-27T11:40:47","733757796","","Av. NS-10","Palmas","BR","1","0","5","70","-1","-10.258317","-48.317258","1784773032602","2026-07-23T02:17:12","3c3cc392-5d12-48d2-a44d-55f1688e96a0"
"2026-07-27T11:40:47","1304645882","",,"Palmas","BR","1","0","5","63","-1","-10.258354","-48.315834","1785118592154","2026-07-27T02:16:32","205a09b3-2e2f-4b45-86aa-4ea82a9ecd25"
"2026-07-27T11:40:47","1694226848","",,"Palmas","BR","1","0","5","15","-1","-10.258365","-48.316918","1783904330428","2026-07-13T00:58:50","06d504d6-dac0-4c04-9329-7777206ab7a2"
"2026-07-27T11:40:47","1304649406","",,"Palmas","BR","1","0","5","21","-1","-10.258363","-48.316757","1785118592036","2026-07-27T02:16:32","d984add8-2949-4ac0-81b5-2aa666f8ed15"
"2026-07-27T11:40:47","1304645884","",,"Palmas","BR","1","0","5","36","-1","-10.258352","-48.316498","1785118592155","2026-07-27T02:16:32","f6a9d158-cb4d-43ec-b26e-e2687cf324bf"
"2026-07-27T13:56:39","1304637922","",,"Palmas","BR","1","0","5","23","-1","-10.258348","-48.316227","1785118592817","2026-07-27T02:16:32","151ee59d-9fc8-4482-9e04-b365b1e458b5"
"2026-07-27T13:56:39","1304660514","","","Palmas","BR","1","0","5","86","-1","-10.258278","-48.315151","1785118592581","2026-07-27T02:16:32","0584e645-bcd7-4670-a8e4-2c08a6763039"
"2026-07-27T13:56:39","1764083300","Av. Siqueira Campos","","Palmas","BR","2","0","5","155","-1","-10.292304","-48.332966","1782872109418","2026-07-01T02:15:09","78af3b54-3dea-4f10-8eb5-5fb4a34eaabb"
"2026-07-27T13:56:39","1304660512","",,"Palmas","BR","1","0","5","86","-1","-10.258277","-48.315151","1785118592576","2026-07-27T02:16:32","95d9d88f-a5e9-4a1f-a5e3-d31635a7afc6"
"2026-07-27T13:56:39","1693600118","Av. Siqueira Campos",,"Palmas","BR","2","0","5","155","-1","-10.292304","-48.332966","1784081883010","2026-07-15T02:18:03","af3fc386-180b-4082-a64c-64efe9627b8d"
"2026-07-27T13:56:39","1304622214","",,"Palmas","BR","1","0","5","63","-1","-10.258354","-48.315834","1785118591607","2026-07-27T02:16:31","dc9d4e1f-8670-4b13-9612-de4df2989f38"
"2026-07-27T13:56:39","1764089184","",,"Palmas","BR","1","0","5","45","-1","-10.25844","-48.317041","1782872178272","2026-07-01T02:16:18","972e31c2-cd12-4c0a-b3ee-1530d2e74b4f"
"2026-07-27T13:56:39","1634182958","Av. Siqueira Campos","Av. LO-14","Palmas","BR","2","16.39","2","621","84","-10.164787","-48.327424","1785160234104","2026-07-27T13:50:34",
"2026-07-27T13:56:39","1211995990","",,"Palmas","BR","1","0","5","21","-1","-10.258363","-48.316757","1782353685339","2026-06-25T02:14:45","a82a13e5-2525-4021-aa92-7892a48c9f70"
"2026-07-27T13:56:39","1292237258","Av. Siqueira Campos","Desvio","Palmas","BR","2","0","5","327","-1","-10.294325","-48.33214","1785106420183","2026-07-26T22:53:40","2f08bda5-8a61-4942-836a-8f1ec7689705"
"2026-07-27T13:56:39","1088566738","",,"Palmas","BR","1","0","5","41","-1","-10.258569","-48.317408","1783562302500","2026-07-09T01:58:22","9740383b-d7ef-4ff2-9da7-1b82984db198"
"2026-07-27T13:56:39","1877536026","",,"Palmas","BR","1","0","5","23","-1","-10.258348","-48.316227","1784194194365","2026-07-16T09:29:54","67a7d0d3-9d61-4acd-8315-250cecac9790"
"2026-07-27T13:56:39","1693600006","Av. Siqueira Campos","","Palmas","BR","2","0","5","327","-1","-10.294325","-48.33214","1784081881897","2026-07-15T02:18:01","2613c8db-9637-40d4-8e38-c2092c8c0dfc"
"2026-07-27T13:56:39","642996038","",,"Palmas","BR","1","0","5","36","-1","-10.258352","-48.316498","1784725868930","2026-07-22T13:11:08","341a3583-4137-4e82-bfbb-a67b5e845593"
"2026-07-27T13:56:39","1627413048","TO-080","Palmas","Luzimangues (Porto Nacional)","BR","7","20.59","3","6985","874","-10.185636","-48.420289","1785157556152","2026-07-27T13:05:56",
"2026-07-27T13:56:39","1613257936","TO-080","Luzimangues (Porto Nacional)","Palmas","BR","7","6.97","4","5882","3768","-10.185045","-48.392624","1785151678543","2026-07-27T11:27:58",
"2026-07-27T13:56:39","733757796","","Av. NS-10","Palmas","BR","1","0","5","70","-1","-10.258317","-48.317258","1784773032602","2026-07-23T02:17:12","3c3cc392-5d12-48d2-a44d-55f1688e96a0"
"2026-07-27T13:56:39","1304645882","",,"Palmas","BR","1","0","5","63","-1","-10.258354","-48.315834","1785118592154","2026-07-27T02:16:32","205a09b3-2e2f-4b45-86aa-4ea82a9ecd25"
"2026-07-27T13:56:39","1694226848","",,"Palmas","BR","1","0","5","15","-1","-10.258365","-48.316918","1783904330428","2026-07-13T00:58:50","06d504d6-dac0-4c04-9329-7777206ab7a2"
"2026-07-27T13:56:39","1304649406","",,"Palmas","BR","1","0","5","21","-1","-10.258363","-48.316757","1785118592036","2026-07-27T02:16:32","d984add8-2949-4ac0-81b5-2aa666f8ed15"
"2026-07-27T13:56:39","1304645884","",,"Palmas","BR","1","0","5","36","-1","-10.258352","-48.316498","1785118592155","2026-07-27T02:16:32","f6a9d158-cb4d-43ec-b26e-e2687cf324bf"
"2026-07-27T16:07:59","1304637922","",,"Palmas","BR","1","0","5","23","-1","-10.258348","-48.316227","1785118592817","2026-07-27T02:16:32","151ee59d-9fc8-4482-9e04-b365b1e458b5"
"2026-07-27T16:07:59","1304660514","","","Palmas","BR","1","0","5","86","-1","-10.258278","-48.315151","1785118592581","2026-07-27T02:16:32","0584e645-bcd7-4670-a8e4-2c08a6763039"
"2026-07-27T16:07:59","1764083300","Av. Siqueira Campos","","Palmas","BR","2","0","5","155","-1","-10.292304","-48.332966","1782872109418","2026-07-01T02:15:09","78af3b54-3dea-4f10-8eb5-5fb4a34eaabb"
"2026-07-27T16:07:59","1304660512","",,"Palmas","BR","1","0","5","86","-1","-10.258277","-48.315151","1785118592576","2026-07-27T02:16:32","95d9d88f-a5e9-4a1f-a5e3-d31635a7afc6"
"2026-07-27T16:07:59","1693600118","Av. Siqueira Campos",,"Palmas","BR","2","0","5","155","-1","-10.292304","-48.332966","1784081883010","2026-07-15T02:18:03","af3fc386-180b-4082-a64c-64efe9627b8d"
"2026-07-27T16:07:59","1304622214","",,"Palmas","BR","1","0","5","63","-1","-10.258354","-48.315834","1785118591607","2026-07-27T02:16:31","dc9d4e1f-8670-4b13-9612-de4df2989f38"
"2026-07-27T16:07:59","1764089184","",,"Palmas","BR","1","0","5","45","-1","-10.25844","-48.317041","1782872178272","2026-07-01T02:16:18","972e31c2-cd12-4c0a-b3ee-1530d2e74b4f"
"2026-07-27T16:07:59","1211995990","",,"Palmas","BR","1","0","5","21","-1","-10.258363","-48.316757","1782353685339","2026-06-25T02:14:45","a82a13e5-2525-4021-aa92-7892a48c9f70"
"2026-07-27T16:07:59","1292237258","Av. Siqueira Campos","Desvio","Palmas","BR","2","0","5","327","-1","-10.294325","-48.33214","1785106420183","2026-07-26T22:53:40","2f08bda5-8a61-4942-836a-8f1ec7689705"
"2026-07-27T16:07:59","1088566738","",,"Palmas","BR","1","0","5","41","-1","-10.258569","-48.317408","1783562302500","2026-07-09T01:58:22","9740383b-d7ef-4ff2-9da7-1b82984db198"
"2026-07-27T16:07:59","1877536026","",,"Palmas","BR","1","0","5","23","-1","-10.258348","-48.316227","1784194194365","2026-07-16T09:29:54","67a7d0d3-9d61-4acd-8315-250cecac9790"
"2026-07-27T16:07:59","1693600006","Av. Siqueira Campos","","Palmas","BR","2","0","5","327","-1","-10.294325","-48.33214","1784081881897","2026-07-15T02:18:01","2613c8db-9637-40d4-8e38-c2092c8c0dfc"
"2026-07-27T16:07:59","642996038","",,"Palmas","BR","1","0","5","36","-1","-10.258352","-48.316498","1784725868930","2026-07-22T13:11:08","341a3583-4137-4e82-bfbb-a67b5e845593"
"2026-07-27T16:07:59","733757796","","Av. NS-10","Palmas","BR","1","0","5","70","-1","-10.258317","-48.317258","1784773032602","2026-07-23T02:17:12","3c3cc392-5d12-48d2-a44d-55f1688e96a0"
"2026-07-27T16:07:59","1304645882","",,"Palmas","BR","1","0","5","63","-1","-10.258354","-48.315834","1785118592154","2026-07-27T02:16:32","205a09b3-2e2f-4b45-86aa-4ea82a9ecd25"
"2026-07-27T16:07:59","1694226848","",,"Palmas","BR","1","0","5","15","-1","-10.258365","-48.316918","1783904330428","2026-07-13T00:58:50","06d504d6-dac0-4c04-9329-7777206ab7a2"
"2026-07-27T16:07:59","1304649406","",,"Palmas","BR","1","0","5","21","-1","-10.258363","-48.316757","1785118592036","2026-07-27T02:16:32","d984add8-2949-4ac0-81b5-2aa666f8ed15"
"2026-07-27T16:07:59","1304645884","",,"Palmas","BR","1","0","5","36","-1","-10.258352","-48.316498","1785118592155","2026-07-27T02:16:32","f6a9d158-cb4d-43ec-b26e-e2687cf324bf"
"2026-07-27T17:51:46","1304637922","",,"Palmas","BR","1","0","5","23","-1","-10.258348","-48.316227","1785118592817","2026-07-27T02:16:32","151ee59d-9fc8-4482-9e04-b365b1e458b5"
"2026-07-27T17:51:46","1304660514","","","Palmas","BR","1","0","5","86","-1","-10.258278","-48.315151","1785118592581","2026-07-27T02:16:32","0584e645-bcd7-4670-a8e4-2c08a6763039"
"2026-07-27T17:51:46","1764083300","Av. Siqueira Campos","","Palmas","BR","2","0","5","155","-1","-10.292304","-48.332966","1782872109418","2026-07-01T02:15:09","78af3b54-3dea-4f10-8eb5-5fb4a34eaabb"
"2026-07-27T17:51:46","1304660512","",,"Palmas","BR","1","0","5","86","-1","-10.258277","-48.315151","1785118592576","2026-07-27T02:16:32","95d9d88f-a5e9-4a1f-a5e3-d31635a7afc6"
"2026-07-27T17:51:46","1304622214","",,"Palmas","BR","1","0","5","63","-1","-10.258354","-48.315834","1785118591607","2026-07-27T02:16:31","dc9d4e1f-8670-4b13-9612-de4df2989f38"
"2026-07-27T17:51:46","1693600118","Av. Siqueira Campos",,"Palmas","BR","2","0","5","155","-1","-10.292304","-48.332966","1784081883010","2026-07-15T02:18:03","af3fc386-180b-4082-a64c-64efe9627b8d"
"2026-07-27T17:51:46","1764089184","",,"Palmas","BR","1","0","5","45","-1","-10.25844","-48.317041","1782872178272","2026-07-01T02:16:18","972e31c2-cd12-4c0a-b3ee-1530d2e74b4f"
"2026-07-27T17:51:46","1667192564","TO-030","Palmas","Palmas","BR","7","33.74","2","1393","91","-10.324448","-48.261946","1785174600085","2026-07-27T17:50:00",
"2026-07-27T17:51:46","1211995990","",,"Palmas","BR","1","0","5","21","-1","-10.258363","-48.316757","1782353685339","2026-06-25T02:14:45","a82a13e5-2525-4021-aa92-7892a48c9f70"
"2026-07-27T17:51:46","1665581578","TO-080","Palmas","Luzimangues (Porto Nacional)","BR","7","40.45","1","7353","290","-10.185634","-48.420049","1785173520630","2026-07-27T17:32:00",
"2026-07-27T17:51:46","1292237258","Av. Siqueira Campos","Desvio","Palmas","BR","2","0","5","327","-1","-10.294325","-48.33214","1785106420183","2026-07-26T22:53:40","2f08bda5-8a61-4942-836a-8f1ec7689705"
"2026-07-27T17:51:46","1088566738","",,"Palmas","BR","1","0","5","41","-1","-10.258569","-48.317408","1783562302500","2026-07-09T01:58:22","9740383b-d7ef-4ff2-9da7-1b82984db198"
"2026-07-27T17:51:46","1877536026","",,"Palmas","BR","1","0","5","23","-1","-10.258348","-48.316227","1784194194365","2026-07-16T09:29:54","67a7d0d3-9d61-4acd-8315-250cecac9790"
"2026-07-27T17:51:46","1693600006","Av. Siqueira Campos","","Palmas","BR","2","0","5","327","-1","-10.294325","-48.33214","1784081881897","2026-07-15T02:18:01","2613c8db-9637-40d4-8e38-c2092c8c0dfc"
"2026-07-27T17:51:46","642996038","",,"Palmas","BR","1","0","5","36","-1","-10.258352","-48.316498","1784725868930","2026-07-22T13:11:08","341a3583-4137-4e82-bfbb-a67b5e845593"
"2026-07-27T17:51:46","733757796","","Av. NS-10","Palmas","BR","1","0","5","70","-1","-10.258317","-48.317258","1784773032602","2026-07-23T02:17:12","3c3cc392-5d12-48d2-a44d-55f1688e96a0"
"2026-07-27T17:51:46","1304645882","",,"Palmas","BR","1","0","5","63","-1","-10.258354","-48.315834","1785118592154","2026-07-27T02:16:32","205a09b3-2e2f-4b45-86aa-4ea82a9ecd25"
"2026-07-27T17:51:46","1694226848","",,"Palmas","BR","1","0","5","15","-1","-10.258365","-48.316918","1783904330428","2026-07-13T00:58:50","06d504d6-dac0-4c04-9329-7777206ab7a2"
"2026-07-27T17:51:46","1304649406","",,"Palmas","BR","1","0","5","21","-1","-10.258363","-48.316757","1785118592036","2026-07-27T02:16:32","d984add8-2949-4ac0-81b5-2aa666f8ed15"
"2026-07-27T17:51:46","1304645884","",,"Palmas","BR","1","0","5","36","-1","-10.258352","-48.316498","1785118592155","2026-07-27T02:16:32","f6a9d158-cb4d-43ec-b26e-e2687cf324bf"
"2026-07-27T19:03:30","1764083300","Av. Siqueira Campos","","Palmas","BR","2","0","5","155","-1","-10.292304","-48.332966","1782872109418","2026-07-01T02:15:09","78af3b54-3dea-4f10-8eb5-5fb4a34eaabb"
"2026-07-27T19:03:30","1304622214","",,"Palmas","BR","1","0","5","63","-1","-10.258354","-48.315834","1785118591607","2026-07-27T02:16:31","dc9d4e1f-8670-4b13-9612-de4df2989f38"
"2026-07-27T19:03:30","1693600118","Av. Siqueira Campos",,"Palmas","BR","2","0","5","155","-1","-10.292304","-48.332966","1784081883010","2026-07-15T02:18:03","af3fc386-180b-4082-a64c-64efe9627b8d"
"2026-07-27T19:03:30","1764089184","",,"Palmas","BR","1","0","5","45","-1","-10.25844","-48.317041","1782872178272","2026-07-01T02:16:18","972e31c2-cd12-4c0a-b3ee-1530d2e74b4f"
"2026-07-27T19:03:30","1672239970","TO-080","Palmas","Luzimangues (Porto Nacional)","BR","7","30.98","2","6802","447","-10.185637","-48.420408","1785178924531","2026-07-27T19:02:04",
"2026-07-27T19:03:30","1292237258","Av. Siqueira Campos","Desvio","Palmas","BR","2","0","5","327","-1","-10.294325","-48.33214","1785106420183","2026-07-26T22:53:40","2f08bda5-8a61-4942-836a-8f1ec7689705"
"2026-07-27T19:03:30","642996038","",,"Palmas","BR","1","0","5","36","-1","-10.258352","-48.316498","1784725868930","2026-07-22T13:11:08","341a3583-4137-4e82-bfbb-a67b5e845593"
"2026-07-27T19:03:30","733757796","","Av. NS-10","Palmas","BR","1","0","5","70","-1","-10.258317","-48.317258","1784773032602","2026-07-23T02:17:12","3c3cc392-5d12-48d2-a44d-55f1688e96a0"
"2026-07-27T19:03:30","1694226848","",,"Palmas","BR","1","0","5","15","-1","-10.258365","-48.316918","1783904330428","2026-07-13T00:58:50","06d504d6-dac0-4c04-9329-7777206ab7a2"
"2026-07-27T19:03:30","1672113782","Av. Tocantins","","Palmas","BR","7","4.92","4","401","245","-10.3373","-48.294572","1785178852688","2026-07-27T19:00:52",
"2026-07-27T19:03:30","1672354766","ARSE 82 Al. 4","ARSE 82 Al. 2","Palmas","BR","1","9.13","3","386","103","-10.232876","-48.321594","1785178995269","2026-07-27T19:03:15",
"2026-07-27T19:03:30","1304637922","",,"Palmas","BR","1","0","5","23","-1","-10.258348","-48.316227","1785118592817","2026-07-27T02:16:32","151ee59d-9fc8-4482-9e04-b365b1e458b5"
"2026-07-27T19:03:30","1304660514","","","Palmas","BR","1","0","5","86","-1","-10.258278","-48.315151","1785118592581","2026-07-27T02:16:32","0584e645-bcd7-4670-a8e4-2c08a6763039"
"2026-07-27T19:03:30","1672074634","TO-020","","Palmas","BR","6","26.86","3","1309","109","-10.232216","-48.307376","1785178705939","2026-07-27T18:58:25",
"2026-07-27T19:03:30","1304660512","",,"Palmas","BR","1","0","5","86","-1","-10.258277","-48.315151","1785118592576","2026-07-27T02:16:32","95d9d88f-a5e9-4a1f-a5e3-d31635a7afc6"
"2026-07-27T19:03:30","1672189506","ACNE 1 Rua NE-1","Av. NS-4","Palmas","BR","1","6.1","3","286","107","-10.183429","-48.326236","1785178923166","2026-07-27T19:02:03",
"2026-07-27T19:03:30","1211995990","",,"Palmas","BR","1","0","5","21","-1","-10.258363","-48.316757","1782353685339","2026-06-25T02:14:45","a82a13e5-2525-4021-aa92-7892a48c9f70"
"2026-07-27T19:03:30","1088566738","",,"Palmas","BR","1","0","5","41","-1","-10.258569","-48.317408","1783562302500","2026-07-09T01:58:22","9740383b-d7ef-4ff2-9da7-1b82984db198"
"2026-07-27T19:03:30","1672343452","TO-080","Luzimangues (Porto Nacional)","Palmas","BR","7","44.81","1","6802","209","-10.185637","-48.420408","1785178996608","2026-07-27T19:03:16",
"2026-07-27T19:03:30","1877536026","",,"Palmas","BR","1","0","5","23","-1","-10.258348","-48.316227","1784194194365","2026-07-16T09:29:54","67a7d0d3-9d61-4acd-8315-250cecac9790"
"2026-07-27T19:03:30","1671589590","Marg. da BR-010","Marg. da TO-050","Palmas","BR","2","30.94","2","1562","80","-10.235084","-48.311364","1785178345588","2026-07-27T18:52:25",
"2026-07-27T19:03:30","1693600006","Av. Siqueira Campos","","Palmas","BR","2","0","5","327","-1","-10.294325","-48.33214","1784081881897","2026-07-15T02:18:01","2613c8db-9637-40d4-8e38-c2092c8c0dfc"
"2026-07-27T19:03:30","1671852624","","","Palmas","BR","1","17.62","2","934","69","-10.260181","-48.290968","1785178562899","2026-07-27T18:56:02",
"2026-07-27T19:03:30","1672088732","TO-050","Palmas","Palmas","BR","7","72.04","1","8861","141","-10.488458","-48.340479","1785178780439","2026-07-27T18:59:40",
"2026-07-27T19:03:30","1304645882","",,"Palmas","BR","1","0","5","63","-1","-10.258354","-48.315834","1785118592154","2026-07-27T02:16:32","205a09b3-2e2f-4b45-86aa-4ea82a9ecd25"
"2026-07-27T19:03:30","1304649406","",,"Palmas","BR","1","0","5","21","-1","-10.258363","-48.316757","1785118592036","2026-07-27T02:16:32","d984add8-2949-4ac0-81b5-2aa666f8ed15"
"2026-07-27T19:03:30","1304645884","",,"Palmas","BR","1","0","5","36","-1","-10.258352","-48.316498","1785118592155","2026-07-27T02:16:32","f6a9d158-cb4d-43ec-b26e-e2687cf324bf"
"2026-07-27T20:37:36","1304637922","",,"Palmas","BR","1","0","5","23","-1","-10.258348","-48.316227","1785118592817","2026-07-27T02:16:32","151ee59d-9fc8-4482-9e04-b365b1e458b5"
"2026-07-27T20:37:36","1304660514","","","Palmas","BR","1","0","5","86","-1","-10.258278","-48.315151","1785118592581","2026-07-27T02:16:32","0584e645-bcd7-4670-a8e4-2c08a6763039"
"2026-07-27T20:37:36","1764083300","Av. Siqueira Campos","","Palmas","BR","2","0","5","155","-1","-10.292304","-48.332966","1782872109418","2026-07-01T02:15:09","78af3b54-3dea-4f10-8eb5-5fb4a34eaabb"
"2026-07-27T20:37:36","1304660512","",,"Palmas","BR","1","0","5","86","-1","-10.258277","-48.315151","1785118592576","2026-07-27T02:16:32","95d9d88f-a5e9-4a1f-a5e3-d31635a7afc6"
"2026-07-27T20:37:36","1304622214","",,"Palmas","BR","1","0","5","63","-1","-10.258354","-48.315834","1785118591607","2026-07-27T02:16:31","dc9d4e1f-8670-4b13-9612-de4df2989f38"
"2026-07-27T20:37:36","1693600118","Av. Siqueira Campos",,"Palmas","BR","2","0","5","155","-1","-10.292304","-48.332966","1784081883010","2026-07-15T02:18:03","af3fc386-180b-4082-a64c-64efe9627b8d"
"2026-07-27T20:37:36","1764089184","",,"Palmas","BR","1","0","5","45","-1","-10.25844","-48.317041","1782872178272","2026-07-01T02:16:18","972e31c2-cd12-4c0a-b3ee-1530d2e74b4f"
"2026-07-27T20:37:36","1211995990","",,"Palmas","BR","1","0","5","21","-1","-10.258363","-48.316757","1782353685339","2026-06-25T02:14:45","a82a13e5-2525-4021-aa92-7892a48c9f70"
"2026-07-27T20:37:36","1292237258","Av. Siqueira Campos","Desvio","Palmas","BR","2","0","5","327","-1","-10.294325","-48.33214","1785106420183","2026-07-26T22:53:40","2f08bda5-8a61-4942-836a-8f1ec7689705"
"2026-07-27T20:37:36","1088566738","",,"Palmas","BR","1","0","5","41","-1","-10.258569","-48.317408","1783562302500","2026-07-09T01:58:22","9740383b-d7ef-4ff2-9da7-1b82984db198"
"2026-07-27T20:37:36","1877536026","",,"Palmas","BR","1","0","5","23","-1","-10.258348","-48.316227","1784194194365","2026-07-16T09:29:54","67a7d0d3-9d61-4acd-8315-250cecac9790"
"2026-07-27T20:37:36","1693600006","Av. Siqueira Campos","","Palmas","BR","2","0","5","327","-1","-10.294325","-48.33214","1784081881897","2026-07-15T02:18:01","2613c8db-9637-40d4-8e38-c2092c8c0dfc"
"2026-07-27T20:37:36","642996038","",,"Palmas","BR","1","0","5","36","-1","-10.258352","-48.316498","1784725868930","2026-07-22T13:11:08","341a3583-4137-4e82-bfbb-a67b5e845593"
"2026-07-27T20:37:36","1672509094","TO-080","Luzimangues (Porto Nacional)","Palmas","BR","7","26.85","2","4228","359","-10.185768","-48.428826","1785179213514","2026-07-27T19:06:53",
"2026-07-27T20:37:36","733757796","","Av. NS-10","Palmas","BR","1","0","5","70","-1","-10.258317","-48.317258","1784773032602","2026-07-23T02:17:12","3c3cc392-5d12-48d2-a44d-55f1688e96a0"
"2026-07-27T20:37:36","1304645882","",,"Palmas","BR","1","0","5","63","-1","-10.258354","-48.315834","1785118592154","2026-07-27T02:16:32","205a09b3-2e2f-4b45-86aa-4ea82a9ecd25"
"2026-07-27T20:37:36","1694226848","",,"Palmas","BR","1","0","5","15","-1","-10.258365","-48.316918","1783904330428","2026-07-13T00:58:50","06d504d6-dac0-4c04-9329-7777206ab7a2"
"2026-07-27T20:37:36","1677526982","Av. Siqueira Campos","","Palmas","BR","2","20.65","3","788","92","-10.287211","-48.333071","1785183729433","2026-07-27T20:22:09",
"2026-07-27T20:37:36","1304649406","",,"Palmas","BR","1","0","5","21","-1","-10.258363","-48.316757","1785118592036","2026-07-27T02:16:32","d984add8-2949-4ac0-81b5-2aa666f8ed15"
"2026-07-27T20:37:36","1304645884","",,"Palmas","BR","1","0","5","36","-1","-10.258352","-48.316498","1785118592155","2026-07-27T02:16:32","f6a9d158-cb4d-43ec-b26e-e2687cf324bf"
"2026-07-27T21:43:53","1764083300","Av. Siqueira Campos","","Palmas","BR","2","0","5","155","-1","-10.292304","-48.332966","1782872109418","2026-07-01T02:15:09","78af3b54-3dea-4f10-8eb5-5fb4a34eaabb"
"2026-07-27T21:43:53","1304622214","",,"Palmas","BR","1","0","5","63","-1","-10.258354","-48.315834","1785118591607","2026-07-27T02:16:31","dc9d4e1f-8670-4b13-9612-de4df2989f38"
"2026-07-27T21:43:53","1693600118","Av. Siqueira Campos",,"Palmas","BR","2","0","5","155","-1","-10.292304","-48.332966","1784081883010","2026-07-15T02:18:03","af3fc386-180b-4082-a64c-64efe9627b8d"
"2026-07-27T21:43:53","1764089184","",,"Palmas","BR","1","0","5","45","-1","-10.25844","-48.317041","1782872178272","2026-07-01T02:16:18","972e31c2-cd12-4c0a-b3ee-1530d2e74b4f"
"2026-07-27T21:43:53","1683672016","Av. Tocantins","","Palmas","BR","7","10.23","3","636","155","-10.331526","-48.296898","1785188113293","2026-07-27T21:35:13",
"2026-07-27T21:43:53","1292237258","Av. Siqueira Campos","Desvio","Palmas","BR","2","0","5","327","-1","-10.294325","-48.33214","1785106420183","2026-07-26T22:53:40","2f08bda5-8a61-4942-836a-8f1ec7689705"
"2026-07-27T21:43:53","1684178930","Av. LO-25","Av. Siqueira Campos","Palmas","BR","2","8.75","3","350","70","-10.249161","-48.332649","1785188411788","2026-07-27T21:40:11",
"2026-07-27T21:43:53","1684340916","TO-050","Palmas","Palmas","BR","7","58.68","1","3794","93","-10.449018","-48.315928","1785188558499","2026-07-27T21:42:38",
"2026-07-27T21:43:53","1684422388","Av. Siqueira Campos","Av. LO-16","Palmas","BR","2","14.62","3","1030","170","-10.163882","-48.32664","1785188559354","2026-07-27T21:42:39",
"2026-07-27T21:43:53","642996038","",,"Palmas","BR","1","0","5","36","-1","-10.258352","-48.316498","1784725868930","2026-07-22T13:11:08","341a3583-4137-4e82-bfbb-a67b5e845593"
"2026-07-27T21:43:53","733757796","","Av. NS-10","Palmas","BR","1","0","5","70","-1","-10.258317","-48.317258","1784773032602","2026-07-23T02:17:12","3c3cc392-5d12-48d2-a44d-55f1688e96a0"
"2026-07-27T21:43:53","1694226848","",,"Palmas","BR","1","0","5","15","-1","-10.258365","-48.316918","1783904330428","2026-07-13T00:58:50","06d504d6-dac0-4c04-9329-7777206ab7a2"
"2026-07-27T21:43:53","1682246744","Av. Siqueira Campos","","Palmas","BR","2","26.57","2","1010","76","-10.287734","-48.333069","1785187149235","2026-07-27T21:19:09",
"2026-07-27T21:43:53","1304637922","",,"Palmas","BR","1","0","5","23","-1","-10.258348","-48.316227","1785118592817","2026-07-27T02:16:32","151ee59d-9fc8-4482-9e04-b365b1e458b5"
"2026-07-27T21:43:53","1304660514","","","Palmas","BR","1","0","5","86","-1","-10.258278","-48.315151","1785118592581","2026-07-27T02:16:32","0584e645-bcd7-4670-a8e4-2c08a6763039"
"2026-07-27T21:43:53","1304660512","",,"Palmas","BR","1","0","5","86","-1","-10.258277","-48.315151","1785118592576","2026-07-27T02:16:32","95d9d88f-a5e9-4a1f-a5e3-d31635a7afc6"
"2026-07-27T21:43:53","1211995990","",,"Palmas","BR","1","0","5","21","-1","-10.258363","-48.316757","1782353685339","2026-06-25T02:14:45","a82a13e5-2525-4021-aa92-7892a48c9f70"
"2026-07-27T21:43:53","1683261370","TO-050","Porto Nacional","Porto Nacional","BR","7","70.85","1","12284","202","-10.532199","-48.36754","1785187890540","2026-07-27T21:31:30",
"2026-07-27T21:43:53","1088566738","",,"Palmas","BR","1","0","5","41","-1","-10.258569","-48.317408","1783562302500","2026-07-09T01:58:22","9740383b-d7ef-4ff2-9da7-1b82984db198"
"2026-07-27T21:43:53","1877536026","",,"Palmas","BR","1","0","5","23","-1","-10.258348","-48.316227","1784194194365","2026-07-16T09:29:54","67a7d0d3-9d61-4acd-8315-250cecac9790"
"2026-07-27T21:43:53","1693600006","Av. Siqueira Campos","","Palmas","BR","2","0","5","327","-1","-10.294325","-48.33214","1784081881897","2026-07-15T02:18:01","2613c8db-9637-40d4-8e38-c2092c8c0dfc"
"2026-07-27T21:43:53","1684247956","ASR-SE 15 Rua SR-1","ASR-SE 15 Av. SR-2","Palmas","BR","1","6.29","3","275","111","-10.185201","-48.30273","1785188487354","2026-07-27T21:41:27",
"2026-07-27T21:43:53","1304645882","",,"Palmas","BR","1","0","5","63","-1","-10.258354","-48.315834","1785118592154","2026-07-27T02:16:32","205a09b3-2e2f-4b45-86aa-4ea82a9ecd25"
"2026-07-27T21:43:53","1682353212","ASR-SE 15 Rua SR-1",,"Palmas","BR","1","4.7","1","275","72","-10.185201","-48.30273","1785187295505","2026-07-27T21:21:35",
"2026-07-27T21:43:53","1684468508","TO-050","Palmas","Porto Nacional","BR","7","70.75","1","5027","82","-10.500444","-48.353835","1785188632908","2026-07-27T21:43:52",
"2026-07-27T21:43:53","1682021434","BR-010","","Palmas","BR","6","22.66","2","797","70","-10.341232","-48.299578","1785187072439","2026-07-27T21:17:52",
"2026-07-27T21:43:53","1304649406","",,"Palmas","BR","1","0","5","21","-1","-10.258363","-48.316757","1785118592036","2026-07-27T02:16:32","d984add8-2949-4ac0-81b5-2aa666f8ed15"
"2026-07-27T21:43:53","1304645884","",,"Palmas","BR","1","0","5","36","-1","-10.258352","-48.316498","1785118592155","2026-07-27T02:16:32","f6a9d158-cb4d-43ec-b26e-e2687cf324bf"
"2026-07-27T23:42:27","1304637922","",,"Palmas","BR","1","0","5","23","-1","-10.258348","-48.316227","1785118592817","2026-07-27T02:16:32","151ee59d-9fc8-4482-9e04-b365b1e458b5"
"2026-07-27T23:42:27","1304660514","","","Palmas","BR","1","0","5","86","-1","-10.258278","-48.315151","1785118592581","2026-07-27T02:16:32","0584e645-bcd7-4670-a8e4-2c08a6763039"
"2026-07-27T23:42:27","1764083300","Av. Siqueira Campos","","Palmas","BR","2","0","5","155","-1","-10.292304","-48.332966","1782872109418","2026-07-01T02:15:09","78af3b54-3dea-4f10-8eb5-5fb4a34eaabb"
"2026-07-27T23:42:27","1304660512","",,"Palmas","BR","1","0","5","86","-1","-10.258277","-48.315151","1785118592576","2026-07-27T02:16:32","95d9d88f-a5e9-4a1f-a5e3-d31635a7afc6"
"2026-07-27T23:42:27","1304622214","",,"Palmas","BR","1","0","5","63","-1","-10.258354","-48.315834","1785118591607","2026-07-27T02:16:31","dc9d4e1f-8670-4b13-9612-de4df2989f38"
"2026-07-27T23:42:27","1693600118","Av. Siqueira Campos",,"Palmas","BR","2","0","5","155","-1","-10.292304","-48.332966","1784081883010","2026-07-15T02:18:03","af3fc386-180b-4082-a64c-64efe9627b8d"
"2026-07-27T23:42:27","1764089184","",,"Palmas","BR","1","0","5","45","-1","-10.25844","-48.317041","1782872178272","2026-07-01T02:16:18","972e31c2-cd12-4c0a-b3ee-1530d2e74b4f"
"2026-07-27T23:42:27","1211995990","",,"Palmas","BR","1","0","5","21","-1","-10.258363","-48.316757","1782353685339","2026-06-25T02:14:45","a82a13e5-2525-4021-aa92-7892a48c9f70"
"2026-07-27T23:42:27","1292237258","Av. Siqueira Campos","Desvio","Palmas","BR","2","0","5","327","-1","-10.294325","-48.33214","1785106420183","2026-07-26T22:53:40","2f08bda5-8a61-4942-836a-8f1ec7689705"
"2026-07-27T23:42:27","1088566738","",,"Palmas","BR","1","0","5","41","-1","-10.258569","-48.317408","1783562302500","2026-07-09T01:58:22","9740383b-d7ef-4ff2-9da7-1b82984db198"
"2026-07-27T23:42:27","1877536026","",,"Palmas","BR","1","0","5","23","-1","-10.258348","-48.316227","1784194194365","2026-07-16T09:29:54","67a7d0d3-9d61-4acd-8315-250cecac9790"
"2026-07-27T23:42:27","1693600006","Av. Siqueira Campos","","Palmas","BR","2","0","5","327","-1","-10.294325","-48.33214","1784081881897","2026-07-15T02:18:01","2613c8db-9637-40d4-8e38-c2092c8c0dfc"
"2026-07-27T23:42:27","642996038","",,"Palmas","BR","1","0","5","36","-1","-10.258352","-48.316498","1784725868930","2026-07-22T13:11:08","341a3583-4137-4e82-bfbb-a67b5e845593"
"2026-07-27T23:42:27","733757796","","Av. NS-10","Palmas","BR","1","0","5","70","-1","-10.258317","-48.317258","1784773032602","2026-07-23T02:17:12","3c3cc392-5d12-48d2-a44d-55f1688e96a0"
"2026-07-27T23:42:27","1304645882","",,"Palmas","BR","1","0","5","63","-1","-10.258354","-48.315834","1785118592154","2026-07-27T02:16:32","205a09b3-2e2f-4b45-86aa-4ea82a9ecd25"
"2026-07-27T23:42:27","1694226848","",,"Palmas","BR","1","0","5","15","-1","-10.258365","-48.316918","1783904330428","2026-07-13T00:58:50","06d504d6-dac0-4c04-9329-7777206ab7a2"
"2026-07-27T23:42:27","1304649406","",,"Palmas","BR","1","0","5","21","-1","-10.258363","-48.316757","1785118592036","2026-07-27T02:16:32","d984add8-2949-4ac0-81b5-2aa666f8ed15"
"2026-07-27T23:42:27","1304645884","",,"Palmas","BR","1","0","5","36","-1","-10.258352","-48.316498","1785118592155","2026-07-27T02:16:32","f6a9d158-cb4d-43ec-b26e-e2687cf324bf"
"2026-07-28T01:02:01","1304637922","",,"Palmas","BR","1","0","5","23","-1","-10.258348","-48.316227","1785118592817","2026-07-27T02:16:32","151ee59d-9fc8-4482-9e04-b365b1e458b5"
"2026-07-28T01:02:01","1304660514","","","Palmas","BR","1","0","5","86","-1","-10.258278","-48.315151","1785118592581","2026-07-27T02:16:32","0584e645-bcd7-4670-a8e4-2c08a6763039"
"2026-07-28T01:02:01","1764083300","Av. Siqueira Campos","","Palmas","BR","2","0","5","155","-1","-10.292304","-48.332966","1782872109418","2026-07-01T02:15:09","78af3b54-3dea-4f10-8eb5-5fb4a34eaabb"
"2026-07-28T01:02:01","1304660512","",,"Palmas","BR","1","0","5","86","-1","-10.258277","-48.315151","1785118592576","2026-07-27T02:16:32","95d9d88f-a5e9-4a1f-a5e3-d31635a7afc6"
"2026-07-28T01:02:01","1700299388","Av. NS-1","","Palmas","BR","2","7.55","4","259","102","-10.160957","-48.328802","1785200438846","2026-07-28T01:00:38",
"2026-07-28T01:02:01","1304622214","",,"Palmas","BR","1","0","5","63","-1","-10.258354","-48.315834","1785118591607","2026-07-27T02:16:31","dc9d4e1f-8670-4b13-9612-de4df2989f38"
"2026-07-28T01:02:01","1693600118","Av. Siqueira Campos",,"Palmas","BR","2","0","5","155","-1","-10.292304","-48.332966","1784081883010","2026-07-15T02:18:03","af3fc386-180b-4082-a64c-64efe9627b8d"
"2026-07-28T01:02:01","1764089184","",,"Palmas","BR","1","0","5","45","-1","-10.25844","-48.317041","1782872178272","2026-07-01T02:16:18","972e31c2-cd12-4c0a-b3ee-1530d2e74b4f"
"2026-07-28T01:02:01","1211995990","",,"Palmas","BR","1","0","5","21","-1","-10.258363","-48.316757","1782353685339","2026-06-25T02:14:45","a82a13e5-2525-4021-aa92-7892a48c9f70"
"2026-07-28T01:02:01","1292237258","Av. Siqueira Campos","Desvio","Palmas","BR","2","0","5","327","-1","-10.294325","-48.33214","1785106420183","2026-07-26T22:53:40","2f08bda5-8a61-4942-836a-8f1ec7689705"
"2026-07-28T01:02:01","1088566738","",,"Palmas","BR","1","0","5","41","-1","-10.258569","-48.317408","1783562302500","2026-07-09T01:58:22","9740383b-d7ef-4ff2-9da7-1b82984db198"
"2026-07-28T01:02:01","1877536026","",,"Palmas","BR","1","0","5","23","-1","-10.258348","-48.316227","1784194194365","2026-07-16T09:29:54","67a7d0d3-9d61-4acd-8315-250cecac9790"
"2026-07-28T01:02:01","1693600006","Av. Siqueira Campos","","Palmas","BR","2","0","5","327","-1","-10.294325","-48.33214","1784081881897","2026-07-15T02:18:01","2613c8db-9637-40d4-8e38-c2092c8c0dfc"
"2026-07-28T01:02:01","642996038","",,"Palmas","BR","1","0","5","36","-1","-10.258352","-48.316498","1784725868930","2026-07-22T13:11:08","341a3583-4137-4e82-bfbb-a67b5e845593"
"2026-07-28T01:02:01","733757796","","Av. NS-10","Palmas","BR","1","0","5","70","-1","-10.258317","-48.317258","1784773032602","2026-07-23T02:17:12","3c3cc392-5d12-48d2-a44d-55f1688e96a0"
"2026-07-28T01:02:01","1304645882","",,"Palmas","BR","1","0","5","63","-1","-10.258354","-48.315834","1785118592154","2026-07-27T02:16:32","205a09b3-2e2f-4b45-86aa-4ea82a9ecd25"
"2026-07-28T01:02:01","1694226848","",,"Palmas","BR","1","0","5","15","-1","-10.258365","-48.316918","1783904330428","2026-07-13T00:58:50","06d504d6-dac0-4c04-9329-7777206ab7a2"
"2026-07-28T01:02:01","1304649406","",,"Palmas","BR","1","0","5","21","-1","-10.258363","-48.316757","1785118592036","2026-07-27T02:16:32","d984add8-2949-4ac0-81b5-2aa666f8ed15"
"2026-07-28T01:02:01","1304645884","",,"Palmas","BR","1","0","5","36","-1","-10.258352","-48.316498","1785118592155","2026-07-27T02:16:32","f6a9d158-cb4d-43ec-b26e-e2687cf324bf"
"2026-07-28T04:14:00","1304660514","","","Palmas","BR","1","0","5","86","-1","-10.258278","-48.315151","1785118592581","2026-07-27T02:16:32","0584e645-bcd7-4670-a8e4-2c08a6763039"
"2026-07-28T04:14:00","1764083300","Av. Siqueira Campos","","Palmas","BR","2","0","5","155","-1","-10.292304","-48.332966","1782872109418","2026-07-01T02:15:09","78af3b54-3dea-4f10-8eb5-5fb4a34eaabb"
"2026-07-28T04:14:00","1693600118","Av. Siqueira Campos",,"Palmas","BR","2","0","5","155","-1","-10.292304","-48.332966","1784081883010","2026-07-15T02:18:03","af3fc386-180b-4082-a64c-64efe9627b8d"
"2026-07-28T04:14:00","1703757928","",,"Palmas","BR","1","0","5","23","-1","-10.258348","-48.316227","1785205458776","2026-07-28T02:24:18","151ee59d-9fc8-4482-9e04-b365b1e458b5"
"2026-07-28T04:14:00","1703742184","",,"Palmas","BR","1","0","5","63","-1","-10.258354","-48.315834","1785205458294","2026-07-28T02:24:18","205a09b3-2e2f-4b45-86aa-4ea82a9ecd25"
"2026-07-28T04:14:00","1703773224","",,"Palmas","BR","1","0","5","21","-1","-10.258363","-48.316757","1785205458217","2026-07-28T02:24:18","d984add8-2949-4ac0-81b5-2aa666f8ed15"
"2026-07-28T04:14:00","1764089184","",,"Palmas","BR","1","0","5","45","-1","-10.25844","-48.317041","1782872178272","2026-07-01T02:16:18","972e31c2-cd12-4c0a-b3ee-1530d2e74b4f"
"2026-07-28T04:14:00","1703792394","",,"Palmas","BR","1","0","5","86","-1","-10.258277","-48.315151","1785205458602","2026-07-28T02:24:18","95d9d88f-a5e9-4a1f-a5e3-d31635a7afc6"
"2026-07-28T04:14:00","1703742186","",,"Palmas","BR","1","0","5","36","-1","-10.258352","-48.316498","1785205458295","2026-07-28T02:24:18","f6a9d158-cb4d-43ec-b26e-e2687cf324bf"
"2026-07-28T04:14:00","1706270808","Av. LO-13","","Palmas","BR","2","13.18","3","653","133","-10.217601","-48.321224","1785211539485","2026-07-28T04:05:39",
"2026-07-28T04:14:00","1211995990","",,"Palmas","BR","1","0","5","21","-1","-10.258363","-48.316757","1782353685339","2026-06-25T02:14:45","a82a13e5-2525-4021-aa92-7892a48c9f70"
"2026-07-28T04:14:00","1703815264","",,"Palmas","BR","1","0","5","63","-1","-10.258354","-48.315834","1785205458046","2026-07-28T02:24:18","dc9d4e1f-8670-4b13-9612-de4df2989f38"
"2026-07-28T04:14:00","1292237258","Av. Siqueira Campos","Desvio","Palmas","BR","2","0","5","327","-1","-10.294325","-48.33214","1785106420183","2026-07-26T22:53:40","2f08bda5-8a61-4942-836a-8f1ec7689705"
"2026-07-28T04:14:00","1088566738","",,"Palmas","BR","1","0","5","41","-1","-10.258569","-48.317408","1783562302500","2026-07-09T01:58:22","9740383b-d7ef-4ff2-9da7-1b82984db198"
"2026-07-28T04:14:00","1877536026","",,"Palmas","BR","1","0","5","23","-1","-10.258348","-48.316227","1784194194365","2026-07-16T09:29:54","67a7d0d3-9d61-4acd-8315-250cecac9790"
"2026-07-28T04:14:00","1693600006","Av. Siqueira Campos","","Palmas","BR","2","0","5","327","-1","-10.294325","-48.33214","1784081881897","2026-07-15T02:18:01","2613c8db-9637-40d4-8e38-c2092c8c0dfc"
"2026-07-28T04:14:00","642996038","",,"Palmas","BR","1","0","5","36","-1","-10.258352","-48.316498","1784725868930","2026-07-22T13:11:08","341a3583-4137-4e82-bfbb-a67b5e845593"
"2026-07-28T04:14:00","733757796","","Av. NS-10","Palmas","BR","1","0","5","70","-1","-10.258317","-48.317258","1784773032602","2026-07-23T02:17:12","3c3cc392-5d12-48d2-a44d-55f1688e96a0"
"2026-07-28T04:14:00","1694226848","",,"Palmas","BR","1","0","5","15","-1","-10.258365","-48.316918","1783904330428","2026-07-13T00:58:50","06d504d6-dac0-4c04-9329-7777206ab7a2"
"2026-07-28T06:39:49","1304660514","","","Palmas","BR","1","0","5","86","-1","-10.258278","-48.315151","1785118592581","2026-07-27T02:16:32","0584e645-bcd7-4670-a8e4-2c08a6763039"
"2026-07-28T06:39:49","1764083300","Av. Siqueira Campos","","Palmas","BR","2","0","5","155","-1","-10.292304","-48.332966","1782872109418","2026-07-01T02:15:09","78af3b54-3dea-4f10-8eb5-5fb4a34eaabb"
"2026-07-28T06:39:49","1693600118","Av. Siqueira Campos",,"Palmas","BR","2","0","5","155","-1","-10.292304","-48.332966","1784081883010","2026-07-15T02:18:03","af3fc386-180b-4082-a64c-64efe9627b8d"
"2026-07-28T06:39:49","1703773224","",,"Palmas","BR","1","0","5","21","-1","-10.258363","-48.316757","1785205458217","2026-07-28T02:24:18","d984add8-2949-4ac0-81b5-2aa666f8ed15"
"2026-07-28T06:39:49","1764089184","",,"Palmas","BR","1","0","5","45","-1","-10.25844","-48.317041","1782872178272","2026-07-01T02:16:18","972e31c2-cd12-4c0a-b3ee-1530d2e74b4f"
"2026-07-28T06:39:49","1703742184","",,"Palmas","BR","1","0","5","63","-1","-10.258354","-48.315834","1785205458294","2026-07-28T02:24:18","205a09b3-2e2f-4b45-86aa-4ea82a9ecd25"
"2026-07-28T06:39:49","1703757928","",,"Palmas","BR","1","0","5","23","-1","-10.258348","-48.316227","1785205458776","2026-07-28T02:24:18","151ee59d-9fc8-4482-9e04-b365b1e458b5"
"2026-07-28T06:39:49","1703742186","",,"Palmas","BR","1","0","5","36","-1","-10.258352","-48.316498","1785205458295","2026-07-28T02:24:18","f6a9d158-cb4d-43ec-b26e-e2687cf324bf"
"2026-07-28T06:39:49","1703792394","",,"Palmas","BR","1","0","5","86","-1","-10.258277","-48.315151","1785205458602","2026-07-28T02:24:18","95d9d88f-a5e9-4a1f-a5e3-d31635a7afc6"
"2026-07-28T06:39:49","1211995990","",,"Palmas","BR","1","0","5","21","-1","-10.258363","-48.316757","1782353685339","2026-06-25T02:14:45","a82a13e5-2525-4021-aa92-7892a48c9f70"
"2026-07-28T06:39:49","1703815264","",,"Palmas","BR","1","0","5","63","-1","-10.258354","-48.315834","1785205458046","2026-07-28T02:24:18","dc9d4e1f-8670-4b13-9612-de4df2989f38"
"2026-07-28T06:39:49","1292237258","Av. Siqueira Campos","Desvio","Palmas","BR","2","0","5","327","-1","-10.294325","-48.33214","1785106420183","2026-07-26T22:53:40","2f08bda5-8a61-4942-836a-8f1ec7689705"
"2026-07-28T06:39:49","1088566738","",,"Palmas","BR","1","0","5","41","-1","-10.258569","-48.317408","1783562302500","2026-07-09T01:58:22","9740383b-d7ef-4ff2-9da7-1b82984db198"
"2026-07-28T06:39:49","1877536026","",,"Palmas","BR","1","0","5","23","-1","-10.258348","-48.316227","1784194194365","2026-07-16T09:29:54","67a7d0d3-9d61-4acd-8315-250cecac9790"
"2026-07-28T06:39:49","1693600006","Av. Siqueira Campos","","Palmas","BR","2","0","5","327","-1","-10.294325","-48.33214","1784081881897","2026-07-15T02:18:01","2613c8db-9637-40d4-8e38-c2092c8c0dfc"
"2026-07-28T06:39:49","642996038","",,"Palmas","BR","1","0","5","36","-1","-10.258352","-48.316498","1784725868930","2026-07-22T13:11:08","341a3583-4137-4e82-bfbb-a67b5e845593"
"2026-07-28T06:39:49","733757796","","Av. NS-10","Palmas","BR","1","0","5","70","-1","-10.258317","-48.317258","1784773032602","2026-07-23T02:17:12","3c3cc392-5d12-48d2-a44d-55f1688e96a0"
"2026-07-28T06:39:49","1694226848","",,"Palmas","BR","1","0","5","15","-1","-10.258365","-48.316918","1783904330428","2026-07-13T00:58:50","06d504d6-dac0-4c04-9329-7777206ab7a2"
"2026-07-28T09:21:04","1764083300","Av. Siqueira Campos","","Palmas","BR","2","0","5","155","-1","-10.292304","-48.332966","1782872109418","2026-07-01T02:15:09","78af3b54-3dea-4f10-8eb5-5fb4a34eaabb"
"2026-07-28T09:21:04","1693600118","Av. Siqueira Campos",,"Palmas","BR","2","0","5","155","-1","-10.292304","-48.332966","1784081883010","2026-07-15T02:18:03","af3fc386-180b-4082-a64c-64efe9627b8d"
"2026-07-28T09:21:04","1718343534","Av. NS-15","","Palmas","BR","2","0","5","659","-1","-10.208164","-48.362847","1785223986673","2026-07-28T07:33:06","0eaba773-707c-4d32-8905-b2e2625561fe"
"2026-07-28T09:21:04","1764089184","",,"Palmas","BR","1","0","5","45","-1","-10.25844","-48.317041","1782872178272","2026-07-01T02:16:18","972e31c2-cd12-4c0a-b3ee-1530d2e74b4f"
"2026-07-28T09:21:04","1703792394","",,"Palmas","BR","1","0","5","86","-1","-10.258277","-48.315151","1785205458602","2026-07-28T02:24:18","95d9d88f-a5e9-4a1f-a5e3-d31635a7afc6"
"2026-07-28T09:21:04","1718234082","","Av. NS-15","Palmas","BR","2","0","5","46","-1","-10.210282","-48.363646","1785223986785","2026-07-28T07:33:06","670ec162-b1e3-4de1-875a-9bd24710272f"
"2026-07-28T09:21:04","1292237258","Av. Siqueira Campos","Desvio","Palmas","BR","2","0","5","327","-1","-10.294325","-48.33214","1785106420183","2026-07-26T22:53:40","2f08bda5-8a61-4942-836a-8f1ec7689705"
"2026-07-28T09:21:04","1718249594","",,"Palmas","BR","2","0","5","23","-1","-10.210252","-48.364385","1785223986762","2026-07-28T07:33:06","52d72559-354d-4966-a15a-03d4ec9ef557"
"2026-07-28T09:21:04","1718249598","Av. LO-11","","Palmas","BR","2","0","5","278","-1","-10.210817","-48.362524","1785223986796","2026-07-28T07:33:06","144604e5-f076-40ee-95a2-390202894e86"
"2026-07-28T09:21:04","642996038","",,"Palmas","BR","1","0","5","36","-1","-10.258352","-48.316498","1784725868930","2026-07-22T13:11:08","341a3583-4137-4e82-bfbb-a67b5e845593"
"2026-07-28T09:21:04","733757796","","Av. NS-10","Palmas","BR","1","0","5","70","-1","-10.258317","-48.317258","1784773032602","2026-07-23T02:17:12","3c3cc392-5d12-48d2-a44d-55f1688e96a0"
"2026-07-28T09:21:04","1718257520","","Av. NS-15","Palmas","BR","2","0","5","18","-1","-10.210634","-48.364333","1785223986780","2026-07-28T07:33:06","5a5481df-886e-4889-bce7-64e1c07b3fd7"
"2026-07-28T09:21:04","1718273520","Av. NS-15","","Palmas","BR","2","0","5","809","-1","-10.213597","-48.364879","1785223986728","2026-07-28T07:33:06","156c2661-faca-48c3-aa34-6daf62881d85"
"2026-07-28T09:21:04","1694226848","",,"Palmas","BR","1","0","5","15","-1","-10.258365","-48.316918","1783904330428","2026-07-13T00:58:50","06d504d6-dac0-4c04-9329-7777206ab7a2"
"2026-07-28T09:21:04","1718354736","","Av. LO-11","Palmas","BR","2","0","5","47","-1","-10.21073","-48.363836","1785223986801","2026-07-28T07:33:06","aa0f5e17-83a0-4df2-b13b-9392da362b5f"
"2026-07-28T09:21:04","1304660514","","","Palmas","BR","1","0","5","86","-1","-10.258278","-48.315151","1785118592581","2026-07-27T02:16:32","0584e645-bcd7-4670-a8e4-2c08a6763039"
"2026-07-28T09:21:04","1703757928","",,"Palmas","BR","1","0","5","23","-1","-10.258348","-48.316227","1785205458776","2026-07-28T02:24:18","151ee59d-9fc8-4482-9e04-b365b1e458b5"
"2026-07-28T09:21:04","1703742184","",,"Palmas","BR","1","0","5","63","-1","-10.258354","-48.315834","1785205458294","2026-07-28T02:24:18","205a09b3-2e2f-4b45-86aa-4ea82a9ecd25"
"2026-07-28T09:21:04","1703773224","",,"Palmas","BR","1","0","5","21","-1","-10.258363","-48.316757","1785205458217","2026-07-28T02:24:18","d984add8-2949-4ac0-81b5-2aa666f8ed15"
"2026-07-28T09:21:04","1703742186","",,"Palmas","BR","1","0","5","36","-1","-10.258352","-48.316498","1785205458295","2026-07-28T02:24:18","f6a9d158-cb4d-43ec-b26e-e2687cf324bf"
"2026-07-28T09:21:04","1211995990","",,"Palmas","BR","1","0","5","21","-1","-10.258363","-48.316757","1782353685339","2026-06-25T02:14:45","a82a13e5-2525-4021-aa92-7892a48c9f70"
"2026-07-28T09:21:04","1718238150","",,"Palmas","BR","2","0","5","47","-1","-10.21005","-48.364167","1785223986673","2026-07-28T07:33:06","73be1367-6e25-453e-8cb2-e5dc956c0980"
"2026-07-28T09:21:04","1703815264","",,"Palmas","BR","1","0","5","63","-1","-10.258354","-48.315834","1785205458046","2026-07-28T02:24:18","dc9d4e1f-8670-4b13-9612-de4df2989f38"
"2026-07-28T09:21:04","1724342568","Av. NS-15","","Palmas","BR","2","0","5","663","-1","-10.207318","-48.362764","1785228833620","2026-07-28T08:53:53","07aea7bc-f12e-4824-9400-97c61f4929b4"
"2026-07-28T09:21:04","1718327684","",,"Palmas","BR","2","0","5","23","-1","-10.210454","-48.364407","1785223986701","2026-07-28T07:33:06","3edb7ea0-d91c-4535-a3cd-ee2dec121c5e"
"2026-07-28T09:21:04","1088566738","",,"Palmas","BR","1","0","5","41","-1","-10.258569","-48.317408","1783562302500","2026-07-09T01:58:22","9740383b-d7ef-4ff2-9da7-1b82984db198"
"2026-07-28T09:21:04","1877536026","",,"Palmas","BR","1","0","5","23","-1","-10.258348","-48.316227","1784194194365","2026-07-16T09:29:54","67a7d0d3-9d61-4acd-8315-250cecac9790"
"2026-07-28T09:21:04","1693600006","Av. Siqueira Campos","","Palmas","BR","2","0","5","327","-1","-10.294325","-48.33214","1784081881897","2026-07-15T02:18:01","2613c8db-9637-40d4-8e38-c2092c8c0dfc"
"2026-07-28T09:21:04","1718253650","Av. LO-11","","Palmas","BR","2","0","5","284","-1","-10.210994","-48.36245","1785223986790","2026-07-28T07:33:06","a77e36d9-fc1f-4849-a3a0-6d0e2fc92245"
"2026-07-28T09:21:04","1718323920","Av. NS-15","","Palmas","BR","2","0","5","788","-1","-10.213941","-48.364657","1785223986895","2026-07-28T07:33:06","28043a5b-d7ea-4c02-bad8-f4709118019e"
"2026-07-28T11:30:43","1304660514","","","Palmas","BR","1","0","5","86","-1","-10.258278","-48.315151","1785118592581","2026-07-27T02:16:32","0584e645-bcd7-4670-a8e4-2c08a6763039"
"2026-07-28T11:30:43","1764083300","Av. Siqueira Campos","","Palmas","BR","2","0","5","155","-1","-10.292304","-48.332966","1782872109418","2026-07-01T02:15:09","78af3b54-3dea-4f10-8eb5-5fb4a34eaabb"
"2026-07-28T11:30:43","1693600118","Av. Siqueira Campos",,"Palmas","BR","2","0","5","155","-1","-10.292304","-48.332966","1784081883010","2026-07-15T02:18:03","af3fc386-180b-4082-a64c-64efe9627b8d"
"2026-07-28T11:30:43","1703742184","",,"Palmas","BR","1","0","5","63","-1","-10.258354","-48.315834","1785205458294","2026-07-28T02:24:18","205a09b3-2e2f-4b45-86aa-4ea82a9ecd25"
"2026-07-28T11:30:43","1703757928","",,"Palmas","BR","1","0","5","23","-1","-10.258348","-48.316227","1785205458776","2026-07-28T02:24:18","151ee59d-9fc8-4482-9e04-b365b1e458b5"
"2026-07-28T11:30:43","1703773224","",,"Palmas","BR","1","0","5","21","-1","-10.258363","-48.316757","1785205458217","2026-07-28T02:24:18","d984add8-2949-4ac0-81b5-2aa666f8ed15"
"2026-07-28T11:30:43","1764089184","",,"Palmas","BR","1","0","5","45","-1","-10.25844","-48.317041","1782872178272","2026-07-01T02:16:18","972e31c2-cd12-4c0a-b3ee-1530d2e74b4f"
"2026-07-28T11:30:43","1703792394","",,"Palmas","BR","1","0","5","86","-1","-10.258277","-48.315151","1785205458602","2026-07-28T02:24:18","95d9d88f-a5e9-4a1f-a5e3-d31635a7afc6"
"2026-07-28T11:30:43","1703742186","",,"Palmas","BR","1","0","5","36","-1","-10.258352","-48.316498","1785205458295","2026-07-28T02:24:18","f6a9d158-cb4d-43ec-b26e-e2687cf324bf"
"2026-07-28T11:30:43","1211995990","",,"Palmas","BR","1","0","5","21","-1","-10.258363","-48.316757","1782353685339","2026-06-25T02:14:45","a82a13e5-2525-4021-aa92-7892a48c9f70"
"2026-07-28T11:30:43","1703815264","",,"Palmas","BR","1","0","5","63","-1","-10.258354","-48.315834","1785205458046","2026-07-28T02:24:18","dc9d4e1f-8670-4b13-9612-de4df2989f38"
"2026-07-28T11:30:43","1292237258","Av. Siqueira Campos","Desvio","Palmas","BR","2","0","5","327","-1","-10.294325","-48.33214","1785106420183","2026-07-26T22:53:40","2f08bda5-8a61-4942-836a-8f1ec7689705"
"2026-07-28T11:30:43","1088566738","",,"Palmas","BR","1","0","5","41","-1","-10.258569","-48.317408","1783562302500","2026-07-09T01:58:22","9740383b-d7ef-4ff2-9da7-1b82984db198"
"2026-07-28T11:30:43","1739032438","TO-080","Palmas","Luzimangues (Porto Nacional)","BR","7","22.35","3","3125","363","-10.185775","-48.429666","1785237861326","2026-07-28T11:24:21",
"2026-07-28T11:30:43","1877536026","",,"Palmas","BR","1","0","5","23","-1","-10.258348","-48.316227","1784194194365","2026-07-16T09:29:54","67a7d0d3-9d61-4acd-8315-250cecac9790"
"2026-07-28T11:30:43","1693600006","Av. Siqueira Campos","","Palmas","BR","2","0","5","327","-1","-10.294325","-48.33214","1784081881897","2026-07-15T02:18:01","2613c8db-9637-40d4-8e38-c2092c8c0dfc"
"2026-07-28T11:30:43","642996038","",,"Palmas","BR","1","0","5","36","-1","-10.258352","-48.316498","1784725868930","2026-07-22T13:11:08","341a3583-4137-4e82-bfbb-a67b5e845593"
"2026-07-28T11:30:43","1739774916","TO-080","Luzimangues (Porto Nacional)","Palmas","BR","7","35.21","2","3309","147","-10.185774","-48.429526","1785238225960","2026-07-28T11:30:25",
"2026-07-28T11:30:43","733757796","","Av. NS-10","Palmas","BR","1","0","5","70","-1","-10.258317","-48.317258","1784773032602","2026-07-23T02:17:12","3c3cc392-5d12-48d2-a44d-55f1688e96a0"
"2026-07-28T11:30:43","1736482746","Av. Siqueira Campos",,"Palmas","BR","2","7.18","4","826","362","-10.220746","-48.333089","1785236422530","2026-07-28T11:00:22",
"2026-07-28T11:30:43","1694226848","",,"Palmas","BR","1","0","5","15","-1","-10.258365","-48.316918","1783904330428","2026-07-13T00:58:50","06d504d6-dac0-4c04-9329-7777206ab7a2"
"2026-07-28T11:30:43","1736194530","Av. Siqueira Campos","","Palmas","BR","2","10.85","3","391","68","-10.298472","-48.326999","1785236272235","2026-07-28T10:57:52",
"2026-07-28T13:09:56","1751607718","","Palmas","Palmas","BR","1","29.16","2","3688","224","-10.238584","-48.173404","1785243830406","2026-07-28T13:03:50",
"2026-07-28T13:09:56","1764083300","Av. Siqueira Campos","","Palmas","BR","2","0","5","155","-1","-10.292304","-48.332966","1782872109418","2026-07-01T02:15:09","78af3b54-3dea-4f10-8eb5-5fb4a34eaabb"
"2026-07-28T13:09:56","1693600118","Av. Siqueira Campos",,"Palmas","BR","2","0","5","155","-1","-10.292304","-48.332966","1784081883010","2026-07-15T02:18:03","af3fc386-180b-4082-a64c-64efe9627b8d"
"2026-07-28T13:09:56","1764089184","",,"Palmas","BR","1","0","5","45","-1","-10.25844","-48.317041","1782872178272","2026-07-01T02:16:18","972e31c2-cd12-4c0a-b3ee-1530d2e74b4f"
"2026-07-28T13:09:56","1703792394","",,"Palmas","BR","1","0","5","86","-1","-10.258277","-48.315151","1785205458602","2026-07-28T02:24:18","95d9d88f-a5e9-4a1f-a5e3-d31635a7afc6"
"2026-07-28T13:09:56","1292237258","Av. Siqueira Campos","Desvio","Palmas","BR","2","0","5","327","-1","-10.294325","-48.33214","1785106420183","2026-07-26T22:53:40","2f08bda5-8a61-4942-836a-8f1ec7689705"
"2026-07-28T13:09:56","1752068542","TO-080","Luzimangues (Porto Nacional)","Palmas","BR","7","14.78","3","8089","1565","-10.185632","-48.419569","1785244045520","2026-07-28T13:07:25",
"2026-07-28T13:09:56","1752259938","Av. LO-10","","Palmas","BR","2","1.82","4","355","640","-10.164946","-48.341552","1785244116511","2026-07-28T13:08:36",
"2026-07-28T13:09:56","642996038","",,"Palmas","BR","1","0","5","36","-1","-10.258352","-48.316498","1784725868930","2026-07-22T13:11:08","341a3583-4137-4e82-bfbb-a67b5e845593"
"2026-07-28T13:09:56","733757796","","Av. NS-10","Palmas","BR","1","0","5","70","-1","-10.258317","-48.317258","1784773032602","2026-07-23T02:17:12","3c3cc392-5d12-48d2-a44d-55f1688e96a0"
"2026-07-28T13:09:56","1694226848","",,"Palmas","BR","1","0","5","15","-1","-10.258365","-48.316918","1783904330428","2026-07-13T00:58:50","06d504d6-dac0-4c04-9329-7777206ab7a2"
"2026-07-28T13:09:56","1751615416","ACNE 11  Rua NE-7","Av. NS-4","Palmas","BR","1","3.19","4","165","158","-10.179628","-48.325883","1785243828535","2026-07-28T13:03:48",
"2026-07-28T13:09:56","1304660514","","","Palmas","BR","1","0","5","86","-1","-10.258278","-48.315151","1785118592581","2026-07-27T02:16:32","0584e645-bcd7-4670-a8e4-2c08a6763039"
"2026-07-28T13:09:56","1703757928","",,"Palmas","BR","1","0","5","23","-1","-10.258348","-48.316227","1785205458776","2026-07-28T02:24:18","151ee59d-9fc8-4482-9e04-b365b1e458b5"
"2026-07-28T13:09:56","1703742184","",,"Palmas","BR","1","0","5","63","-1","-10.258354","-48.315834","1785205458294","2026-07-28T02:24:18","205a09b3-2e2f-4b45-86aa-4ea82a9ecd25"
"2026-07-28T13:09:56","1703773224","",,"Palmas","BR","1","0","5","21","-1","-10.258363","-48.316757","1785205458217","2026-07-28T02:24:18","d984add8-2949-4ac0-81b5-2aa666f8ed15"
"2026-07-28T13:09:56","1703742186","",,"Palmas","BR","1","0","5","36","-1","-10.258352","-48.316498","1785205458295","2026-07-28T02:24:18","f6a9d158-cb4d-43ec-b26e-e2687cf324bf"
"2026-07-28T13:09:56","1211995990","",,"Palmas","BR","1","0","5","21","-1","-10.258363","-48.316757","1782353685339","2026-06-25T02:14:45","a82a13e5-2525-4021-aa92-7892a48c9f70"
"2026-07-28T13:09:56","1749323048","","Taquarussu do Porto (Palmas)","Palmas","BR","1","21.22","2","1465","568","-10.238967","-48.15112","1785242825054","2026-07-28T12:47:05",
"2026-07-28T13:09:56","1703815264","",,"Palmas","BR","1","0","5","63","-1","-10.258354","-48.315834","1785205458046","2026-07-28T02:24:18","dc9d4e1f-8670-4b13-9612-de4df2989f38"
"2026-07-28T13:09:56","1088566738","",,"Palmas","BR","1","0","5","41","-1","-10.258569","-48.317408","1783562302500","2026-07-09T01:58:22","9740383b-d7ef-4ff2-9da7-1b82984db198"
"2026-07-28T13:09:56","1744478920","TO-080","Palmas","Luzimangues (Porto Nacional)","BR","7","45.87","1","8089","230","-10.185632","-48.419569","1785240597128","2026-07-28T12:09:57",
"2026-07-28T13:09:56","1877536026","",,"Palmas","BR","1","0","5","23","-1","-10.258348","-48.316227","1784194194365","2026-07-16T09:29:54","67a7d0d3-9d61-4acd-8315-250cecac9790"
"2026-07-28T13:09:56","1693600006","Av. Siqueira Campos","","Palmas","BR","2","0","5","327","-1","-10.294325","-48.33214","1784081881897","2026-07-15T02:18:01","2613c8db-9637-40d4-8e38-c2092c8c0dfc"
"2026-07-28T13:09:56","1750963936","ASR-SE 75 Al. 1","","Palmas","BR","2","5.82","4","272","144","-10.225192","-48.314888","1785243542944","2026-07-28T12:59:02",
"2026-07-28T15:30:33","1764083300","Av. Siqueira Campos","","Palmas","BR","2","0","5","155","-1","-10.292304","-48.332966","1782872109418","2026-07-01T02:15:09","78af3b54-3dea-4f10-8eb5-5fb4a34eaabb"
"2026-07-28T15:30:33","1304660514","","","Palmas","BR","1","0","5","86","-1","-10.258278","-48.315151","1785118592581","2026-07-27T02:16:32","0584e645-bcd7-4670-a8e4-2c08a6763039"
"2026-07-28T15:30:33","1693600118","Av. Siqueira Campos",,"Palmas","BR","2","0","5","155","-1","-10.292304","-48.332966","1784081883010","2026-07-15T02:18:03","af3fc386-180b-4082-a64c-64efe9627b8d"
"2026-07-28T15:30:33","1703757928","",,"Palmas","BR","1","0","5","23","-1","-10.258348","-48.316227","1785205458776","2026-07-28T02:24:18","151ee59d-9fc8-4482-9e04-b365b1e458b5"
"2026-07-28T15:30:33","1703742184","",,"Palmas","BR","1","0","5","63","-1","-10.258354","-48.315834","1785205458294","2026-07-28T02:24:18","205a09b3-2e2f-4b45-86aa-4ea82a9ecd25"
"2026-07-28T15:30:33","1703773224","",,"Palmas","BR","1","0","5","21","-1","-10.258363","-48.316757","1785205458217","2026-07-28T02:24:18","d984add8-2949-4ac0-81b5-2aa666f8ed15"
"2026-07-28T15:30:33","1764089184","",,"Palmas","BR","1","0","5","45","-1","-10.25844","-48.317041","1782872178272","2026-07-01T02:16:18","972e31c2-cd12-4c0a-b3ee-1530d2e74b4f"
"2026-07-28T15:30:33","1703792394","",,"Palmas","BR","1","0","5","86","-1","-10.258277","-48.315151","1785205458602","2026-07-28T02:24:18","95d9d88f-a5e9-4a1f-a5e3-d31635a7afc6"
"2026-07-28T15:30:33","1703742186","",,"Palmas","BR","1","0","5","36","-1","-10.258352","-48.316498","1785205458295","2026-07-28T02:24:18","f6a9d158-cb4d-43ec-b26e-e2687cf324bf"
"2026-07-28T15:30:33","1211995990","",,"Palmas","BR","1","0","5","21","-1","-10.258363","-48.316757","1782353685339","2026-06-25T02:14:45","a82a13e5-2525-4021-aa92-7892a48c9f70"
"2026-07-28T15:30:33","1773097570","Av. NS-5","Av. NS-7","Palmas","BR","1","19.14","1","728","80","-10.188944","-48.346108","1785252600120","2026-07-28T15:30:00",
"2026-07-28T15:30:33","1703815264","",,"Palmas","BR","1","0","5","63","-1","-10.258354","-48.315834","1785205458046","2026-07-28T02:24:18","dc9d4e1f-8670-4b13-9612-de4df2989f38"
"2026-07-28T15:30:33","1292237258","Av. Siqueira Campos","Desvio","Palmas","BR","2","0","5","327","-1","-10.294325","-48.33214","1785106420183","2026-07-26T22:53:40","2f08bda5-8a61-4942-836a-8f1ec7689705"
"2026-07-28T15:30:33","1088566738","",,"Palmas","BR","1","0","5","41","-1","-10.258569","-48.317408","1783562302500","2026-07-09T01:58:22","9740383b-d7ef-4ff2-9da7-1b82984db198"
"2026-07-28T15:30:33","1877536026","",,"Palmas","BR","1","0","5","23","-1","-10.258348","-48.316227","1784194194365","2026-07-16T09:29:54","67a7d0d3-9d61-4acd-8315-250cecac9790"
"2026-07-28T15:30:33","1693600006","Av. Siqueira Campos","","Palmas","BR","2","0","5","327","-1","-10.294325","-48.33214","1784081881897","2026-07-15T02:18:01","2613c8db-9637-40d4-8e38-c2092c8c0dfc"
"2026-07-28T15:30:33","642996038","",,"Palmas","BR","1","0","5","36","-1","-10.258352","-48.316498","1784725868930","2026-07-22T13:11:08","341a3583-4137-4e82-bfbb-a67b5e845593"
"2026-07-28T15:30:33","733757796","","Av. NS-10","Palmas","BR","1","0","5","70","-1","-10.258317","-48.317258","1784773032602","2026-07-23T02:17:12","3c3cc392-5d12-48d2-a44d-55f1688e96a0"
"2026-07-28T15:30:33","1694226848","",,"Palmas","BR","1","0","5","15","-1","-10.258365","-48.316918","1783904330428","2026-07-13T00:58:50","06d504d6-dac0-4c04-9329-7777206ab7a2"
"2026-07-28T16:58:21","1764083300","Av. Siqueira Campos","","Palmas","BR","2","0","5","155","-1","-10.292304","-48.332966","1782872109418","2026-07-01T02:15:09","78af3b54-3dea-4f10-8eb5-5fb4a34eaabb"
"2026-07-28T16:58:21","1693600118","Av. Siqueira Campos",,"Palmas","BR","2","0","5","155","-1","-10.292304","-48.332966","1784081883010","2026-07-15T02:18:03","af3fc386-180b-4082-a64c-64efe9627b8d"
"2026-07-28T16:58:21","1764089184","",,"Palmas","BR","1","0","5","45","-1","-10.25844","-48.317041","1782872178272","2026-07-01T02:16:18","972e31c2-cd12-4c0a-b3ee-1530d2e74b4f"
"2026-07-28T16:58:21","1703792394","",,"Palmas","BR","1","0","5","86","-1","-10.258277","-48.315151","1785205458602","2026-07-28T02:24:18","95d9d88f-a5e9-4a1f-a5e3-d31635a7afc6"
"2026-07-28T16:58:21","1785607846","TO-080","Palmas","Luzimangues (Porto Nacional)","BR","7","48.69","1","6802","161","-10.185637","-48.420408","1785257598755","2026-07-28T16:53:18",
"2026-07-28T16:58:21","1785669156","Av. J","R. 38","Palmas","BR","2","10.84","3","373","78","-10.308894","-48.313968","1785257670429","2026-07-28T16:54:30",
"2026-07-28T16:58:21","1786250550","ARSE 13 Al. 11","ARSE 13 Al. 6","Palmas","BR","1","2.9","4","161","173","-10.19059","-48.315818","1785257887270","2026-07-28T16:58:07",
"2026-07-28T16:58:21","1292237258","Av. Siqueira Campos","Desvio","Palmas","BR","2","0","5","327","-1","-10.294325","-48.33214","1785106420183","2026-07-26T22:53:40","2f08bda5-8a61-4942-836a-8f1ec7689705"
"2026-07-28T16:58:21","642996038","",,"Palmas","BR","1","0","5","36","-1","-10.258352","-48.316498","1784725868930","2026-07-22T13:11:08","341a3583-4137-4e82-bfbb-a67b5e845593"
"2026-07-28T16:58:21","1786158304","TO-080","Luzimangues (Porto Nacional)","Palmas","BR","7","35.23","2","3492","188","-10.185773","-48.429386","1785257815463","2026-07-28T16:56:55",
"2026-07-28T16:58:21","733757796","","Av. NS-10","Palmas","BR","1","0","5","70","-1","-10.258317","-48.317258","1784773032602","2026-07-23T02:17:12","3c3cc392-5d12-48d2-a44d-55f1688e96a0"
"2026-07-28T16:58:21","1694226848","",,"Palmas","BR","1","0","5","15","-1","-10.258365","-48.316918","1783904330428","2026-07-13T00:58:50","06d504d6-dac0-4c04-9329-7777206ab7a2"
"2026-07-28T16:58:21","1786089768","ARSO 61 Al. 2",,"Palmas","BR","1","5.16","4","288","174","-10.21881","-48.338818","1785257886522","2026-07-28T16:58:06",
"2026-07-28T16:58:21","1785684720","Marg. da BR-010","Marg. da TO-050","Palmas","BR","2","7.12","4","260","109","-10.231244","-48.311164","1785257670531","2026-07-28T16:54:30",
"2026-07-28T16:58:21","1304660514","","","Palmas","BR","1","0","5","86","-1","-10.258278","-48.315151","1785118592581","2026-07-27T02:16:32","0584e645-bcd7-4670-a8e4-2c08a6763039"
"2026-07-28T16:58:21","1785900246","BR-010","","Palmas","BR","6","25.26","2","945","65","-10.344271","-48.299939","1785257742862","2026-07-28T16:55:42",
"2026-07-28T16:58:21","1703757928","",,"Palmas","BR","1","0","5","23","-1","-10.258348","-48.316227","1785205458776","2026-07-28T02:24:18","151ee59d-9fc8-4482-9e04-b365b1e458b5"
"2026-07-28T16:58:21","1703742184","",,"Palmas","BR","1","0","5","63","-1","-10.258354","-48.315834","1785205458294","2026-07-28T02:24:18","205a09b3-2e2f-4b45-86aa-4ea82a9ecd25"
"2026-07-28T16:58:21","1703773224","",,"Palmas","BR","1","0","5","21","-1","-10.258363","-48.316757","1785205458217","2026-07-28T02:24:18","d984add8-2949-4ac0-81b5-2aa666f8ed15"
"2026-07-28T16:58:21","1703742186","",,"Palmas","BR","1","0","5","36","-1","-10.258352","-48.316498","1785205458295","2026-07-28T02:24:18","f6a9d158-cb4d-43ec-b26e-e2687cf324bf"
"2026-07-28T16:58:21","1211995990","",,"Palmas","BR","1","0","5","21","-1","-10.258363","-48.316757","1782353685339","2026-06-25T02:14:45","a82a13e5-2525-4021-aa92-7892a48c9f70"
"2026-07-28T16:58:21","1786142362","ACSU-SO 20 Rua NS-A","Av. LO-3","Palmas","BR","1","9","3","384","104","-10.194433","-48.334914","1785257814256","2026-07-28T16:56:54",
"2026-07-28T16:58:21","1703815264","",,"Palmas","BR","1","0","5","63","-1","-10.258354","-48.315834","1785205458046","2026-07-28T02:24:18","dc9d4e1f-8670-4b13-9612-de4df2989f38"
"2026-07-28T16:58:21","1785961564","Av. Siqueira Campos","Av. LO-12","Palmas","BR","2","15.84","3","759","109","-10.169679","-48.331605","1785257815566","2026-07-28T16:56:55",
"2026-07-28T16:58:21","1088566738","",,"Palmas","BR","1","0","5","41","-1","-10.258569","-48.317408","1783562302500","2026-07-09T01:58:22","9740383b-d7ef-4ff2-9da7-1b82984db198"
"2026-07-28T16:58:21","1877536026","",,"Palmas","BR","1","0","5","23","-1","-10.258348","-48.316227","1784194194365","2026-07-16T09:29:54","67a7d0d3-9d61-4acd-8315-250cecac9790"
"2026-07-28T16:58:21","1693600006","Av. Siqueira Campos","","Palmas","BR","2","0","5","327","-1","-10.294325","-48.33214","1784081881897","2026-07-15T02:18:01","2613c8db-9637-40d4-8e38-c2092c8c0dfc"
"2026-07-28T18:10:01","1764083300","Av. Siqueira Campos","","Palmas","BR","2","0","5","155","-1","-10.292304","-48.332966","1782872109418","2026-07-01T02:15:09","78af3b54-3dea-4f10-8eb5-5fb4a34eaabb"
"2026-07-28T18:10:01","1304660514","","","Palmas","BR","1","0","5","86","-1","-10.258278","-48.315151","1785118592581","2026-07-27T02:16:32","0584e645-bcd7-4670-a8e4-2c08a6763039"
"2026-07-28T18:10:01","1693600118","Av. Siqueira Campos",,"Palmas","BR","2","0","5","155","-1","-10.292304","-48.332966","1784081883010","2026-07-15T02:18:03","af3fc386-180b-4082-a64c-64efe9627b8d"
"2026-07-28T18:10:01","1703773224","",,"Palmas","BR","1","0","5","21","-1","-10.258363","-48.316757","1785205458217","2026-07-28T02:24:18","d984add8-2949-4ac0-81b5-2aa666f8ed15"
"2026-07-28T18:10:01","1764089184","",,"Palmas","BR","1","0","5","45","-1","-10.25844","-48.317041","1782872178272","2026-07-01T02:16:18","972e31c2-cd12-4c0a-b3ee-1530d2e74b4f"
"2026-07-28T18:10:01","1703742184","",,"Palmas","BR","1","0","5","63","-1","-10.258354","-48.315834","1785205458294","2026-07-28T02:24:18","205a09b3-2e2f-4b45-86aa-4ea82a9ecd25"
"2026-07-28T18:10:01","1703757928","",,"Palmas","BR","1","0","5","23","-1","-10.258348","-48.316227","1785205458776","2026-07-28T02:24:18","151ee59d-9fc8-4482-9e04-b365b1e458b5"
"2026-07-28T18:10:01","1703792394","",,"Palmas","BR","1","0","5","86","-1","-10.258277","-48.315151","1785205458602","2026-07-28T02:24:18","95d9d88f-a5e9-4a1f-a5e3-d31635a7afc6"
"2026-07-28T18:10:01","1703742186","",,"Palmas","BR","1","0","5","36","-1","-10.258352","-48.316498","1785205458295","2026-07-28T02:24:18","f6a9d158-cb4d-43ec-b26e-e2687cf324bf"
"2026-07-28T18:10:01","1792814836","Av. LO-9","","Palmas","BR","2","14.53","3","587","100","-10.204783","-48.352065","1785261859764","2026-07-28T18:04:19",
"2026-07-28T18:10:01","1792669938","TO-080","Palmas","Luzimangues (Porto Nacional)","BR","7","30.75","2","3860","271","-10.18577","-48.429106","1785261859197","2026-07-28T18:04:19",
"2026-07-28T18:10:01","1211995990","",,"Palmas","BR","1","0","5","21","-1","-10.258363","-48.316757","1782353685339","2026-06-25T02:14:45","a82a13e5-2525-4021-aa92-7892a48c9f70"
"2026-07-28T18:10:01","1703815264","",,"Palmas","BR","1","0","5","63","-1","-10.258354","-48.315834","1785205458046","2026-07-28T02:24:18","dc9d4e1f-8670-4b13-9612-de4df2989f38"
"2026-07-28T18:10:01","1793148654","TO-020","Palmas","Palmas","BR","6","52.04","1","3885","270","-10.193237","-48.169298","1785262146939","2026-07-28T18:09:06",
"2026-07-28T18:10:01","1792882002","TO-080","Luzimangues (Porto Nacional)","Palmas","BR","7","29.12","2","8089","595","-10.185632","-48.419569","1785262004576","2026-07-28T18:06:44",
"2026-07-28T18:10:01","1292237258","Av. Siqueira Campos","Desvio","Palmas","BR","2","0","5","327","-1","-10.294325","-48.33214","1785106420183","2026-07-26T22:53:40","2f08bda5-8a61-4942-836a-8f1ec7689705"
"2026-07-28T18:10:01","1088566738","",,"Palmas","BR","1","0","5","41","-1","-10.258569","-48.317408","1783562302500","2026-07-09T01:58:22","9740383b-d7ef-4ff2-9da7-1b82984db198"
"2026-07-28T18:10:01","1792789866","TO-030","Taquarussu do Porto (Palmas)","Taquarussu do Porto (Palmas)","BR","7","56.25","1","4346","157","-10.27198","-48.08073","1785261932459","2026-07-28T18:05:32",
"2026-07-28T18:10:01","1877536026","",,"Palmas","BR","1","0","5","23","-1","-10.258348","-48.316227","1784194194365","2026-07-16T09:29:54","67a7d0d3-9d61-4acd-8315-250cecac9790"
"2026-07-28T18:10:01","1693600006","Av. Siqueira Campos","","Palmas","BR","2","0","5","327","-1","-10.294325","-48.33214","1784081881897","2026-07-15T02:18:01","2613c8db-9637-40d4-8e38-c2092c8c0dfc"
"2026-07-28T18:10:01","642996038","",,"Palmas","BR","1","0","5","36","-1","-10.258352","-48.316498","1784725868930","2026-07-22T13:11:08","341a3583-4137-4e82-bfbb-a67b5e845593"
"2026-07-28T18:10:01","733757796","","Av. NS-10","Palmas","BR","1","0","5","70","-1","-10.258317","-48.317258","1784773032602","2026-07-23T02:17:12","3c3cc392-5d12-48d2-a44d-55f1688e96a0"
"2026-07-28T18:10:01","1694226848","",,"Palmas","BR","1","0","5","15","-1","-10.258365","-48.316918","1783904330428","2026-07-13T00:58:50","06d504d6-dac0-4c04-9329-7777206ab7a2"
"2026-07-28T18:10:01","1792886080","BR-010","","Palmas","BR","6","24.56","2","896","65","-10.343432","-48.299824","1785262004172","2026-07-28T18:06:44",
"2026-07-28T19:49:03","1304660514","","","Palmas","BR","1","0","5","86","-1","-10.258278","-48.315151","1785118592581","2026-07-27T02:16:32","0584e645-bcd7-4670-a8e4-2c08a6763039"
"2026-07-28T19:49:03","1764083300","Av. Siqueira Campos","","Palmas","BR","2","0","5","155","-1","-10.292304","-48.332966","1782872109418","2026-07-01T02:15:09","78af3b54-3dea-4f10-8eb5-5fb4a34eaabb"
"2026-07-28T19:49:03","1693600118","Av. Siqueira Campos",,"Palmas","BR","2","0","5","155","-1","-10.292304","-48.332966","1784081883010","2026-07-15T02:18:03","af3fc386-180b-4082-a64c-64efe9627b8d"
"2026-07-28T19:49:03","1703757928","",,"Palmas","BR","1","0","5","23","-1","-10.258348","-48.316227","1785205458776","2026-07-28T02:24:18","151ee59d-9fc8-4482-9e04-b365b1e458b5"
"2026-07-28T19:49:03","1703742184","",,"Palmas","BR","1","0","5","63","-1","-10.258354","-48.315834","1785205458294","2026-07-28T02:24:18","205a09b3-2e2f-4b45-86aa-4ea82a9ecd25"
"2026-07-28T19:49:03","1703773224","",,"Palmas","BR","1","0","5","21","-1","-10.258363","-48.316757","1785205458217","2026-07-28T02:24:18","d984add8-2949-4ac0-81b5-2aa666f8ed15"
"2026-07-28T19:49:03","1764089184","",,"Palmas","BR","1","0","5","45","-1","-10.25844","-48.317041","1782872178272","2026-07-01T02:16:18","972e31c2-cd12-4c0a-b3ee-1530d2e74b4f"
"2026-07-28T19:49:03","1703792394","",,"Palmas","BR","1","0","5","86","-1","-10.258277","-48.315151","1785205458602","2026-07-28T02:24:18","95d9d88f-a5e9-4a1f-a5e3-d31635a7afc6"
"2026-07-28T19:49:03","1703742186","",,"Palmas","BR","1","0","5","36","-1","-10.258352","-48.316498","1785205458295","2026-07-28T02:24:18","f6a9d158-cb4d-43ec-b26e-e2687cf324bf"
"2026-07-28T19:49:03","1800117378","ACSE 11 Rua SE-9","Av. NS-4","Palmas","BR","1","6.99","3","297","115","-10.190206","-48.326465","1785267942747","2026-07-28T19:45:42",
"2026-07-28T19:49:03","1211995990","",,"Palmas","BR","1","0","5","21","-1","-10.258363","-48.316757","1782353685339","2026-06-25T02:14:45","a82a13e5-2525-4021-aa92-7892a48c9f70"
"2026-07-28T19:49:03","1703815264","",,"Palmas","BR","1","0","5","63","-1","-10.258354","-48.315834","1785205458046","2026-07-28T02:24:18","dc9d4e1f-8670-4b13-9612-de4df2989f38"
"2026-07-28T19:49:03","1292237258","Av. Siqueira Campos","Desvio","Palmas","BR","2","0","5","327","-1","-10.294325","-48.33214","1785106420183","2026-07-26T22:53:40","2f08bda5-8a61-4942-836a-8f1ec7689705"
"2026-07-28T19:49:03","1088566738","",,"Palmas","BR","1","0","5","41","-1","-10.258569","-48.317408","1783562302500","2026-07-09T01:58:22","9740383b-d7ef-4ff2-9da7-1b82984db198"
"2026-07-28T19:49:03","1877536026","",,"Palmas","BR","1","0","5","23","-1","-10.258348","-48.316227","1784194194365","2026-07-16T09:29:54","67a7d0d3-9d61-4acd-8315-250cecac9790"
"2026-07-28T19:49:03","1797194988","TO-080","Palmas","Luzimangues (Porto Nacional)","BR","7","8.56","4","3125","1140","-10.185775","-48.429666","1785265355242","2026-07-28T19:02:35",
"2026-07-28T19:49:03","1693600006","Av. Siqueira Campos","","Palmas","BR","2","0","5","327","-1","-10.294325","-48.33214","1784081881897","2026-07-15T02:18:01","2613c8db-9637-40d4-8e38-c2092c8c0dfc"
"2026-07-28T19:49:03","642996038","",,"Palmas","BR","1","0","5","36","-1","-10.258352","-48.316498","1784725868930","2026-07-22T13:11:08","341a3583-4137-4e82-bfbb-a67b5e845593"
"2026-07-28T19:49:03","1799854896","TO-080","Luzimangues (Porto Nacional)","Palmas","BR","7","31","2","8089","534","-10.185632","-48.419569","1785267648180","2026-07-28T19:40:48",
"2026-07-28T19:49:03","733757796","","Av. NS-10","Palmas","BR","1","0","5","70","-1","-10.258317","-48.317258","1784773032602","2026-07-23T02:17:12","3c3cc392-5d12-48d2-a44d-55f1688e96a0"
"2026-07-28T19:49:03","1694226848","",,"Palmas","BR","1","0","5","15","-1","-10.258365","-48.316918","1783904330428","2026-07-13T00:58:50","06d504d6-dac0-4c04-9329-7777206ab7a2"
"2026-07-28T20:50:02","1304660514","","","Palmas","BR","1","0","5","86","-1","-10.258278","-48.315151","1785118592581","2026-07-27T02:16:32","0584e645-bcd7-4670-a8e4-2c08a6763039"
"2026-07-28T20:50:02","1764083300","Av. Siqueira Campos","","Palmas","BR","2","0","5","155","-1","-10.292304","-48.332966","1782872109418","2026-07-01T02:15:09","78af3b54-3dea-4f10-8eb5-5fb4a34eaabb"
"2026-07-28T20:50:02","1693600118","Av. Siqueira Campos",,"Palmas","BR","2","0","5","155","-1","-10.292304","-48.332966","1784081883010","2026-07-15T02:18:03","af3fc386-180b-4082-a64c-64efe9627b8d"
"2026-07-28T20:50:02","1703757928","",,"Palmas","BR","1","0","5","23","-1","-10.258348","-48.316227","1785205458776","2026-07-28T02:24:18","151ee59d-9fc8-4482-9e04-b365b1e458b5"
"2026-07-28T20:50:02","1703742184","",,"Palmas","BR","1","0","5","63","-1","-10.258354","-48.315834","1785205458294","2026-07-28T02:24:18","205a09b3-2e2f-4b45-86aa-4ea82a9ecd25"
"2026-07-28T20:50:02","1703773224","",,"Palmas","BR","1","0","5","21","-1","-10.258363","-48.316757","1785205458217","2026-07-28T02:24:18","d984add8-2949-4ac0-81b5-2aa666f8ed15"
"2026-07-28T20:50:02","1764089184","",,"Palmas","BR","1","0","5","45","-1","-10.25844","-48.317041","1782872178272","2026-07-01T02:16:18","972e31c2-cd12-4c0a-b3ee-1530d2e74b4f"
"2026-07-28T20:50:02","1805171742","Av. LO-25","","Palmas","BR","2","6.74","3","322","141","-10.249019","-48.323082","1785271571234","2026-07-28T20:46:11",
"2026-07-28T20:50:02","1703792394","",,"Palmas","BR","1","0","5","86","-1","-10.258277","-48.315151","1785205458602","2026-07-28T02:24:18","95d9d88f-a5e9-4a1f-a5e3-d31635a7afc6"
"2026-07-28T20:50:02","1703742186","",,"Palmas","BR","1","0","5","36","-1","-10.258352","-48.316498","1785205458295","2026-07-28T02:24:18","f6a9d158-cb4d-43ec-b26e-e2687cf324bf"
"2026-07-28T20:50:02","1211995990","",,"Palmas","BR","1","0","5","21","-1","-10.258363","-48.316757","1782353685339","2026-06-25T02:14:45","a82a13e5-2525-4021-aa92-7892a48c9f70"
"2026-07-28T20:50:02","1804902202","Orla 14 Al. 1","Orla 14 Al. 9","Palmas","BR","1","9.46","3","437","115","-10.191956","-48.360409","1785271350722","2026-07-28T20:42:30",
"2026-07-28T20:50:02","1703815264","",,"Palmas","BR","1","0","5","63","-1","-10.258354","-48.315834","1785205458046","2026-07-28T02:24:18","dc9d4e1f-8670-4b13-9612-de4df2989f38"
"2026-07-28T20:50:02","1292237258","Av. Siqueira Campos","Desvio","Palmas","BR","2","0","5","327","-1","-10.294325","-48.33214","1785106420183","2026-07-26T22:53:40","2f08bda5-8a61-4942-836a-8f1ec7689705"
"2026-07-28T20:50:02","1088566738","",,"Palmas","BR","1","0","5","41","-1","-10.258569","-48.317408","1783562302500","2026-07-09T01:58:22","9740383b-d7ef-4ff2-9da7-1b82984db198"
"2026-07-28T20:50:02","1877536026","",,"Palmas","BR","1","0","5","23","-1","-10.258348","-48.316227","1784194194365","2026-07-16T09:29:54","67a7d0d3-9d61-4acd-8315-250cecac9790"
"2026-07-28T20:50:02","1804985318","TO-020","Palmas","Palmas","BR","6","6.83","4","251","110","-10.24751","-48.244265","1785271498907","2026-07-28T20:44:58",
"2026-07-28T20:50:02","1804232478","Av. Tocantins","","Palmas","BR","7","11.36","3","774","162","-10.331791","-48.296805","1785270982075","2026-07-28T20:36:22",
"2026-07-28T20:50:02","1693600006","Av. Siqueira Campos","","Palmas","BR","2","0","5","327","-1","-10.294325","-48.33214","1784081881897","2026-07-15T02:18:01","2613c8db-9637-40d4-8e38-c2092c8c0dfc"
"2026-07-28T20:50:02","642996038","",,"Palmas","BR","1","0","5","36","-1","-10.258352","-48.316498","1784725868930","2026-07-22T13:11:08","341a3583-4137-4e82-bfbb-a67b5e845593"
"2026-07-28T20:50:02","733757796","","Av. NS-10","Palmas","BR","1","0","5","70","-1","-10.258317","-48.317258","1784773032602","2026-07-23T02:17:12","3c3cc392-5d12-48d2-a44d-55f1688e96a0"
"2026-07-28T20:50:02","1694226848","",,"Palmas","BR","1","0","5","15","-1","-10.258365","-48.316918","1783904330428","2026-07-13T00:58:50","06d504d6-dac0-4c04-9329-7777206ab7a2"
"2026-07-28T20:50:02","1802522988","Av. Siqueira Campos","","Palmas","BR","2","16.88","3","1583","242","-10.281595","-48.333118","1785269738671","2026-07-28T20:15:38",
"2026-07-28T20:50:02","1804666734","",,"Palmas","BR","1","14.91","1","814","94","-10.275546","-48.307337","1785271201518","2026-07-28T20:40:01",
"2026-07-28T21:49:23","1304660514","","","Palmas","BR","1","0","5","86","-1","-10.258278","-48.315151","1785118592581","2026-07-27T02:16:32","0584e645-bcd7-4670-a8e4-2c08a6763039"
"2026-07-28T21:49:23","1764083300","Av. Siqueira Campos","","Palmas","BR","2","0","5","155","-1","-10.292304","-48.332966","1782872109418","2026-07-01T02:15:09","78af3b54-3dea-4f10-8eb5-5fb4a34eaabb"
"2026-07-28T21:49:23","1693600118","Av. Siqueira Campos",,"Palmas","BR","2","0","5","155","-1","-10.292304","-48.332966","1784081883010","2026-07-15T02:18:03","af3fc386-180b-4082-a64c-64efe9627b8d"
"2026-07-28T21:49:23","1703757928","",,"Palmas","BR","1","0","5","23","-1","-10.258348","-48.316227","1785205458776","2026-07-28T02:24:18","151ee59d-9fc8-4482-9e04-b365b1e458b5"
"2026-07-28T21:49:23","1703742184","",,"Palmas","BR","1","0","5","63","-1","-10.258354","-48.315834","1785205458294","2026-07-28T02:24:18","205a09b3-2e2f-4b45-86aa-4ea82a9ecd25"
"2026-07-28T21:49:23","1703773224","",,"Palmas","BR","1","0","5","21","-1","-10.258363","-48.316757","1785205458217","2026-07-28T02:24:18","d984add8-2949-4ac0-81b5-2aa666f8ed15"
"2026-07-28T21:49:23","1764089184","",,"Palmas","BR","1","0","5","45","-1","-10.25844","-48.317041","1782872178272","2026-07-01T02:16:18","972e31c2-cd12-4c0a-b3ee-1530d2e74b4f"
"2026-07-28T21:49:23","1703792394","",,"Palmas","BR","1","0","5","86","-1","-10.258277","-48.315151","1785205458602","2026-07-28T02:24:18","95d9d88f-a5e9-4a1f-a5e3-d31635a7afc6"
"2026-07-28T21:49:23","1703742186","",,"Palmas","BR","1","0","5","36","-1","-10.258352","-48.316498","1785205458295","2026-07-28T02:24:18","f6a9d158-cb4d-43ec-b26e-e2687cf324bf"
"2026-07-28T21:49:23","1211995990","",,"Palmas","BR","1","0","5","21","-1","-10.258363","-48.316757","1782353685339","2026-06-25T02:14:45","a82a13e5-2525-4021-aa92-7892a48c9f70"
"2026-07-28T21:49:23","1703815264","",,"Palmas","BR","1","0","5","63","-1","-10.258354","-48.315834","1785205458046","2026-07-28T02:24:18","dc9d4e1f-8670-4b13-9612-de4df2989f38"
"2026-07-28T21:49:23","1810346504","Av. Siqueira Campos","","Palmas","BR","2","10.47","3","391","105","-10.295971","-48.33044","1785274731780","2026-07-28T21:38:51",
"2026-07-28T21:49:23","1292237258","Av. Siqueira Campos","Desvio","Palmas","BR","2","0","5","327","-1","-10.294325","-48.33214","1785106420183","2026-07-26T22:53:40","2f08bda5-8a61-4942-836a-8f1ec7689705"
"2026-07-28T21:49:23","1088566738","",,"Palmas","BR","1","0","5","41","-1","-10.258569","-48.317408","1783562302500","2026-07-09T01:58:22","9740383b-d7ef-4ff2-9da7-1b82984db198"
"2026-07-28T21:49:23","1877536026","",,"Palmas","BR","1","0","5","23","-1","-10.258348","-48.316227","1784194194365","2026-07-16T09:29:54","67a7d0d3-9d61-4acd-8315-250cecac9790"
"2026-07-28T21:49:23","1693600006","Av. Siqueira Campos","","Palmas","BR","2","0","5","327","-1","-10.294325","-48.33214","1784081881897","2026-07-15T02:18:01","2613c8db-9637-40d4-8e38-c2092c8c0dfc"
"2026-07-28T21:49:23","642996038","",,"Palmas","BR","1","0","5","36","-1","-10.258352","-48.316498","1784725868930","2026-07-22T13:11:08","341a3583-4137-4e82-bfbb-a67b5e845593"
"2026-07-28T21:49:23","733757796","","Av. NS-10","Palmas","BR","1","0","5","70","-1","-10.258317","-48.317258","1784773032602","2026-07-23T02:17:12","3c3cc392-5d12-48d2-a44d-55f1688e96a0"
"2026-07-28T21:49:23","1810713396","BR-010","","Palmas","BR","6","16.96","3","860","120","-10.343038","-48.299788","1785275027670","2026-07-28T21:43:47",
"2026-07-28T21:49:23","1694226848","",,"Palmas","BR","1","0","5","15","-1","-10.258365","-48.316918","1783904330428","2026-07-13T00:58:50","06d504d6-dac0-4c04-9329-7777206ab7a2"
"2026-07-28T21:49:23","1802522988","Av. Siqueira Campos","","Palmas","BR","2","9.04","4","1010","341","-10.287734","-48.333069","1785269738671","2026-07-28T20:15:38",
"2026-07-28T22:44:02","1764083300","Av. Siqueira Campos","","Palmas","BR","2","0","5","155","-1","-10.292304","-48.332966","1782872109418","2026-07-01T02:15:09","78af3b54-3dea-4f10-8eb5-5fb4a34eaabb"
"2026-07-28T22:44:02","1304660514","","","Palmas","BR","1","0","5","86","-1","-10.258278","-48.315151","1785118592581","2026-07-27T02:16:32","0584e645-bcd7-4670-a8e4-2c08a6763039"
"2026-07-28T22:44:02","1693600118","Av. Siqueira Campos",,"Palmas","BR","2","0","5","155","-1","-10.292304","-48.332966","1784081883010","2026-07-15T02:18:03","af3fc386-180b-4082-a64c-64efe9627b8d"
"2026-07-28T22:44:02","1764089184","",,"Palmas","BR","1","0","5","45","-1","-10.25844","-48.317041","1782872178272","2026-07-01T02:16:18","972e31c2-cd12-4c0a-b3ee-1530d2e74b4f"
"2026-07-28T22:44:02","1815449872","TO-050","Palmas","Palmas","BR","7","55.24","1","2551","64","-10.396393","-48.303879","1785277867148","2026-07-28T22:31:07",
"2026-07-28T22:44:02","1703773224","",,"Palmas","BR","1","0","5","21","-1","-10.258363","-48.316757","1785205458217","2026-07-28T02:24:18","d984add8-2949-4ac0-81b5-2aa666f8ed15"
"2026-07-28T22:44:02","1703742184","",,"Palmas","BR","1","0","5","63","-1","-10.258354","-48.315834","1785205458294","2026-07-28T02:24:18","205a09b3-2e2f-4b45-86aa-4ea82a9ecd25"
"2026-07-28T22:44:02","1703757928","",,"Palmas","BR","1","0","5","23","-1","-10.258348","-48.316227","1785205458776","2026-07-28T02:24:18","151ee59d-9fc8-4482-9e04-b365b1e458b5"
"2026-07-28T22:44:02","1703742186","",,"Palmas","BR","1","0","5","36","-1","-10.258352","-48.316498","1785205458295","2026-07-28T02:24:18","f6a9d158-cb4d-43ec-b26e-e2687cf324bf"
"2026-07-28T22:44:02","1703792394","",,"Palmas","BR","1","0","5","86","-1","-10.258277","-48.315151","1785205458602","2026-07-28T02:24:18","95d9d88f-a5e9-4a1f-a5e3-d31635a7afc6"
"2026-07-28T22:44:02","1211995990","",,"Palmas","BR","1","0","5","21","-1","-10.258363","-48.316757","1782353685339","2026-06-25T02:14:45","a82a13e5-2525-4021-aa92-7892a48c9f70"
"2026-07-28T22:44:02","1703815264","",,"Palmas","BR","1","0","5","63","-1","-10.258354","-48.315834","1785205458046","2026-07-28T02:24:18","dc9d4e1f-8670-4b13-9612-de4df2989f38"
"2026-07-28T22:44:02","1292237258","Av. Siqueira Campos","Desvio","Palmas","BR","2","0","5","327","-1","-10.294325","-48.33214","1785106420183","2026-07-26T22:53:40","2f08bda5-8a61-4942-836a-8f1ec7689705"
"2026-07-28T22:44:02","1088566738","",,"Palmas","BR","1","0","5","41","-1","-10.258569","-48.317408","1783562302500","2026-07-09T01:58:22","9740383b-d7ef-4ff2-9da7-1b82984db198"
"2026-07-28T22:44:02","1877536026","",,"Palmas","BR","1","0","5","23","-1","-10.258348","-48.316227","1784194194365","2026-07-16T09:29:54","67a7d0d3-9d61-4acd-8315-250cecac9790"
"2026-07-28T22:44:02","1816629428","Av. LO-31",,"Palmas","BR","2","5.03","4","282","175","-10.268133","-48.340575","1785278588550","2026-07-28T22:43:08",
"2026-07-28T22:44:02","1816033706","TO-010","TO-010","Palmas","BR","7","54.51","1","3904","87","-10.147551","-48.301785","1785278227896","2026-07-28T22:37:07",
"2026-07-28T22:44:02","1693600006","Av. Siqueira Campos","","Palmas","BR","2","0","5","327","-1","-10.294325","-48.33214","1784081881897","2026-07-15T02:18:01","2613c8db-9637-40d4-8e38-c2092c8c0dfc"
"2026-07-28T22:44:02","642996038","",,"Palmas","BR","1","0","5","36","-1","-10.258352","-48.316498","1784725868930","2026-07-22T13:11:08","341a3583-4137-4e82-bfbb-a67b5e845593"
"2026-07-28T22:44:02","733757796","","Av. NS-10","Palmas","BR","1","0","5","70","-1","-10.258317","-48.317258","1784773032602","2026-07-23T02:17:12","3c3cc392-5d12-48d2-a44d-55f1688e96a0"
"2026-07-28T22:44:02","1694226848","",,"Palmas","BR","1","0","5","15","-1","-10.258365","-48.316918","1783904330428","2026-07-13T00:58:50","06d504d6-dac0-4c04-9329-7777206ab7a2"
